Workbook

Sheet 2512
C3: □ 2025년 동업사 경영지표 | T3: 2026.04.01
C5: 1. 재무상태표 현황
T6: (단위 : 억원)
C7: 구분 | I7: 미래에셋생명 | J7: 삼성생명 | K7: 교보생명 | L7: 한화생명 | M7: 신한라이프 | N7: 동양생명 | O7: KB라이프 | P7: 삼성화재 | Q7: 현대해상 | R7: 메리츠화재 | S7: KB손보 | T7: DB손보
C8: 자산 | I8: =[1]작업!I9 -> 328551.82 | J8: =[1]작업!J9 -> 3099482.9 | K8: =[1]작업!K9 -> 1281657.9 | L8: =[1]작업!L9 -> 1257765.8 | M8: =[1]작업!M9 -> 594480.32 | N8: =[1]작업!N9 -> 353152.58 | O8: =[1]작업!O9 -> 352289.34 | P8: =[1]작업!P9 -> 938090.44 | ... T8: =[1]작업!T9 -> 594088.28
C9: FVPL | I9: =[1]작업!I10 -> 169444.47 | J9: =[1]작업!J10 -> 382096.35 | K9: =[1]작업!K10 -> 341828.23 | L9: =[1]작업!L10 -> 323201.24 | M9: =[1]작업!M10 -> 132652.76 | N9: =[1]작업!N10 -> 53751.04 | O9: =[1]작업!O10 -> 92426.37 | P9: =[1]작업!P10 -> 127057.77 | ... T9: =[1]작업!T10 -> 177224.66
C10: (비중) | I10: =[1]작업!I11 -> 0.51573133 | J10: =[1]작업!J11 -> 0.12327745 | K10: =[1]작업!K11 -> 0.26670784 | L10: =[1]작업!L11 -> 0.25696456 | M10: =[1]작업!M11 -> 0.22314071 | N10: =[1]작업!N11 -> 0.15220345 | O10: =[1]작업!O11 -> 0.26235926 | P10: =[1]작업!P11 -> 0.13544298 | ... T10: =[1]작업!T11 -> 0.29831368
C11: FVOCI | I11: =[1]작업!I12 -> 116635.57 | J11: =[1]작업!J12 -> 1968888.3 | K11: =[1]작업!K12 -> 608298.88 | L11: =[1]작업!L12 -> 482181.33 | M11: =[1]작업!M12 -> 352884.58 | N11: =[1]작업!N12 -> 228378.35 | O11: =[1]작업!O12 -> 221531.57 | P11: =[1]작업!P12 -> 434306.81 | ... T11: =[1]작업!T12 -> 201214.38
C12: AC | I12: =[1]작업!I13 -> 28014.504 | J12: =[1]작업!J13 -> 411156.26 | K12: =[1]작업!K13 -> 215464.74 | L12: =[1]작업!L13 -> 280714.2 | M12: =[1]작업!M13 -> 39503.44 | N12: =[1]작업!N13 -> 56226.03 | O12: =[1]작업!O13 -> 16958.85 | P12: =[1]작업!P13 -> 300857.43 | ... T12: =[1]작업!T13 -> 157633.73
C13: 부채 | I13: =[1]작업!I14 -> 304186.8 | J13: =[1]작업!J14 -> 2535314.8 | K13: =[1]작업!K14 -> 1205110.4 | L13: =[1]작업!L14 -> 1133078.1 | M13: =[1]작업!M14 -> 532087.38 | N13: =[1]작업!N14 -> 337812.87 | O13: =[1]작업!O14 -> 310103.46 | P13: =[1]작업!P14 -> 731812.67 | ... T13: =[1]작업!T14 -> 495539.27
C14: BEL | I14: =[1]작업!I15 -> 245312.29 | J14: =[1]작업!J15 -> 1844632.6 | K14: =[1]작업!K15 -> 889399.68 | L14: =[1]작업!L15 -> 862224.89 | M14: =[1]작업!M15 -> 389601.52 | N14: =[1]작업!N15 -> 252112.7 | O14: =[1]작업!O15 -> 246632.98 | P14: =[1]작업!P15 -> 250474.79 | ... T14: =[1]작업!T15 -> 120958.09
C15: CSM | I15: =[1]작업!I16 -> 20584.231 | J15: =[1]작업!J16 -> 132178.74 | K15: =[1]작업!K16 -> 65109.61 | L15: =[1]작업!L16 -> 87136.52 | M15: =[1]작업!M16 -> 75537.34 | N15: =[1]작업!N16 -> 24570.95 | O15: =[1]작업!O16 -> 32637.75 | P15: =[1]작업!P16 -> 141676.64 | ... T15: =[1]작업!T16 -> 122053.43
C16: (전년비 증감율) | I16: =I83 -> -0.0095220699 | J16: =J83 -> 0.024480735 | K16: =K83 -> 0.011323756 | L16: =L83 -> -0.043416717 | M16: =M83 -> 0.045627741 | N16: =N83 -> -0.080114545 | O16: =O83 -> 0.084127302 | P16: =P83 -> 0.0066616176 | ... T16: =T83 -> -0.0021595424
C17: (부채대비 CSM 비중) | I17: =[1]작업!I17 -> 0.067669705 | J17: =[1]작업!J17 -> 0.052135041 | K17: =[1]작업!K17 -> 0.054027924 | L17: =[1]작업!L17 -> 0.076902486 | M17: =[1]작업!M17 -> 0.14196416 | N17: =[1]작업!N17 -> 0.072735387 | O17: =[1]작업!O17 -> 0.10524794 | P17: =[1]작업!P17 -> 0.19359687 | ... T17: =[1]작업!T17 -> 0.24630425
C18: RA | I18: =[1]작업!I18 -> 4060.445 | J18: =[1]작업!J18 -> 31652.09 | K18: =[1]작업!K18 -> 13818.29 | L18: =[1]작업!L18 -> 19939.03 | M18: =[1]작업!M18 -> 13975.85 | N18: =[1]작업!N18 -> 4767.14 | O18: =[1]작업!O18 -> 5502.97 | P18: =[1]작업!P18 -> 18956.91 | ... T18: =[1]작업!T18 -> 18367.53
C19: 자기자본(신종자본증권제외) | I19: =[1]작업!I19 -> 24365.016 | J19: =[1]작업!J19 -> 564168.15 | K19: =[1]작업!K19 -> 54490.33 | L19: =[1]작업!L19 -> 94003.23 | M19: =[1]작업!M19 -> 62392.94 | N19: =[1]작업!N19 -> 15339.71 | O19: =[1]작업!O19 -> 41687.88 | P19: =[1]작업!P19 -> 206277.77 | ... T19: =[1]작업!T19 -> 89898.95
C20: (전기대비) | I20: =[1]작업!I20 -> -1167.3639 | J20: =[1]작업!J20 -> 259283.18 | K20: =[1]작업!K20 -> 3485.3844 | L20: =[1]작업!L20 -> 1487.83 | M20: =[1]작업!M20 -> -5235.56 | N20: =[1]작업!N20 -> -1344.1964 | O20: =[1]작업!O20 -> -3185.7 | P20: =[1]작업!P20 -> 53319.397 | ... T20: =[1]작업!T20 -> 5738.9633
C21: (자본증감율) | I21: =+I20/(I19-I20) -> -0.045720922 | J21: =+J20/(J19-J20) -> 0.85042952 | K21: =+K20/(K19-K20) -> 0.068334246 | L21: =+L20/(L19-L20) -> 0.016081971 | M21: =+M20/(M19-M20) -> -0.077416474 | N21: =+N20/(N19-N20) -> -0.080568445 | O21: =+O20/(O19-O20) -> -0.070992776 | P21: =+P20/(P19-P20) -> 0.34858763 | ... T21: =+T20/(T19-T20) -> 0.068191115
C22: 이익잉여금 | I22: =[1]작업!I22 -> 20678.245 | J22: =[1]작업!J22 -> 150629.44 | K22: =[1]작업!K22 -> 75757.824 | L22: =[1]작업!L22 -> 70853.36 | M22: =[1]작업!M22 -> 69683.97 | N22: =[1]작업!N22 -> 16044.17 | O22: =[1]작업!O22 -> 31590.18 | P22: =[1]작업!P22 -> 140898.61 | ... T22: =[1]작업!T22 -> 112011.39
C23: (전기대비) | I23: =+[1]작업!I56 -> 1249.0039 | J23: =+[1]작업!J56 -> 10623.58 | K23: =+[1]작업!K56 -> 5417.8032 | L23: =+[1]작업!L56 -> 1988.6 | M23: =+[1]작업!M56 -> 1309.77 | N23: =+[1]작업!N56 -> 429.19 | O23: =+[1]작업!O56 -> 130.88 | P23: =+[1]작업!P56 -> 6446.9078 | ... T23: =+[1]작업!T56 -> 10965.06
C24: 기타포괄손익 | I24: =[1]작업!I23 -> -4322.4669 | J24: =[1]작업!J23 -> 433581.09 | K24: =[1]작업!K23 -> -23979.81 | L24: =[1]작업!L23 -> -14061.35 | M24: =[1]작업!M23 -> -21282.91 | N24: =[1]작업!N23 -> -12240.13 | O24: =[1]작업!O23 -> 314.67 | P24: =[1]작업!P23 -> 67876.289 | ... T24: =[1]작업!T23 -> -22293
C25: (전기대비) | I25: =[1]작업!I24 -> -2416.3678 | J25: =[1]작업!J24 -> 248659.6 | K25: =[1]작업!K24 -> -1934.5182 | L25: =[1]작업!L24 -> -568.56 | M25: =[1]작업!M24 -> -6539.63 | N25: =[1]작업!N24 -> -1206.93 | O25: =[1]작업!O24 -> -3316.58 | P25: =[1]작업!P24 -> 44191.651 | ... T25: =[1]작업!T24 -> -6198.45
C26: (자기자본 대비 기타포괄손익 증감율) | I26: =[1]작업!I25 -> -0.094639351 | J26: =[1]작업!J25 -> 0.81558497 | K26: =[1]작업!K25 -> -0.037928051 | L26: =[1]작업!L25 -> -0.0061455714 | M26: =[1]작업!M25 -> -0.096699321 | N26: =[1]작업!N25 -> -0.072340972 | O26: =[1]작업!O25 -> -0.073909414 | P26: =[1]작업!P25 -> 0.28891292 | ... T26: =[1]작업!T25 -> -0.073650796
C27: (보험계약부채대비 기타포괄손익 증감율) | I27: =[1]작업!I26 -> -0.0092057677 | J27: =[1]작업!J26 -> 0.12300364 | K27: =[1]작업!K26 -> -0.0020483819 | L27: =[1]작업!L26 -> -0.00058525045 | M27: =[1]작업!M26 -> -0.013506266 | N27: =[1]작업!N26 -> -0.0042766399 | O27: =[1]작업!O26 -> -0.012188945 | P27: =[1]작업!P26 -> 0.10029729 | ... T27: =[1]작업!T26 -> -0.024445729
C28: * 당사 특별계정자산 : 실적배당형퇴직연금 3,501억, 변액보험 13조 1,371억 / 부채 BEL, CSM, RA : 재보, 보험료배분접근법 적용 제외 기준, 보험순부채 기준
C29: * 삼성생명, 삼성화재 : 삼성전자 등 지분증권 영향으로 기타포괄손익 전기대비 증가 (삼성생명 : 전자 영향 24조(세후) 제외시 기타포괄손익 약 1조 증가, 삼성화재 : 전자 영향 5.8조 추정(세전))
C31: 2. 자본 세부
T32: (단위 : 억원)
C33: 구분 | I33: 미래에셋생명 | J33: 삼성생명 | K33: 교보생명 | L33: 한화생명 | M33: 신한라이프 | N33: 동양생명 | O33: KB라이프 | P33: 삼성화재 | Q33: 현대해상 | R33: 메리츠화재 | S33: KB손보 | T33: DB손보
C34: 이익잉여금 | I34: =[1]작업!I63 -> 20678.245 | J34: =[1]작업!J63 -> 150629.44 | K34: =[1]작업!K63 -> 75757.824 | L34: =[1]작업!L63 -> 70853.36 | M34: =[1]작업!M63 -> 69683.97 | N34: =[1]작업!N63 -> 16044.17 | O34: =[1]작업!O63 -> 31590.18 | P34: =[1]작업!P63 -> 140898.61 | ... T34: =[1]작업!T63 -> 112011.39
C35: 해약환급금준비금 | I35: =[1]작업!I64 -> 12199.682 | L35: =[1]작업!L64 -> 65077.896 | M35: =[1]작업!M64 -> 49183.55 | N35: =[1]작업!N64 -> 11066.14 | O35: =[1]작업!O64 -> 13611.55 | P35: =[1]작업!P64 -> 41300.7 | Q35: =[1]작업!Q64 -> 39166.146 | R35: =[1]작업!R64 -> 29765.66 | S35: =[1]작업!S64 -> 36462.36 | T35: =[1]작업!T64 -> 45412.874
C36: (이익잉여금 대비 해약환급금 준비금 비율) | I36: =[1]작업!I65 -> 0.58997667 | L36: =[1]작업!L65 -> 0.91848708 | M36: =[1]작업!M65 -> 0.70580867 | N36: =[1]작업!N65 -> 0.68972967 | O36: =[1]작업!O65 -> 0.43087915 | P36: =[1]작업!P65 -> 0.29312353 | Q36: =[1]작업!Q65 -> 0.49249164 | R36: =[1]작업!R65 -> 0.47450639 | S36: =[1]작업!S65 -> 0.52396308 | T36: =[1]작업!T65 -> 0.40543085
C37: (자기자본 대비 해약환급금 준비금 비율) | I37: =[1]작업!I66 -> 0.50070487 | L37: =[1]작업!L66 -> 0.69229425 | M37: =[1]작업!M66 -> 0.7882871 | N37: =[1]작업!N66 -> 0.72140477 | O37: =[1]작업!O66 -> 0.32651097 | P37: =[1]작업!P66 -> 0.20021886 | Q37: =[1]작업!Q66 -> 0.8020118 | R37: =[1]작업!R66 -> 0.52449361 | S37: =[1]작업!S66 -> 0.63776225 | T37: =[1]작업!T66 -> 0.50515466
C38: (보험계약부채 대비 해약환급금 준비금 비율) | I38: =I35/(I14+I15+I18) -> 0.04519121 | L38: =L35/(L14+L15+L18) -> 0.067139035 | M38: =M35/(M14+M15+M18) -> 0.10265506 | N38: =N35/(N14+N15+N18) -> 0.039318206 | O38: =O35/(O14+O15+O18) -> 0.047797778 | P38: =P35/(P14+P15+P18) -> 0.10046184 | Q38: =Q35/(Q14+Q15+Q18) -> 0.13446755 | R38: =R35/(R14+R15+R18) -> 0.13441001 | S38: =S35/(S14+S15+S18) -> 0.16429883 | T38: =T35/(T14+T15+T18) -> 0.17374336
C39: 기타포괄손익 | I39: =[1]작업!I67 -> -4322.4669 | J39: =[1]작업!J67 -> 433581.09 | K39: =[1]작업!K67 -> -23979.81 | L39: =[1]작업!L67 -> -14061.35 | M39: =[1]작업!M67 -> -21282.91 | N39: =[1]작업!N67 -> -12240.13 | O39: =[1]작업!O67 -> 314.67 | P39: =[1]작업!P67 -> 67876.289 | ... T39: =[1]작업!T67 -> -22293
C40: FVOCI평가손익 | I40: =[1]작업!I68 -> -10667.856 | J40: =[1]작업!J68 -> 353864.95 | K40: =[1]작업!K68 -> -54687.86 | L40: =[1]작업!L68 -> -48833.68 | M40: =[1]작업!M68 -> -34536.83 | N40: =[1]작업!N68 -> -17978.56 | O40: =[1]작업!O68 -> -11128.16 | P40: =[1]작업!P68 -> 62437.88 | ... T40: =[1]작업!T68 -> -32018.6
C41: (전기대비) | I41: =[1]작업!I69 -> -6186.4263 | J41: =[1]작업!J69 -> 199872.86 | K41: =[1]작업!K69 -> -23731.72 | L41: =[1]작업!L69 -> -27446.83 | M41: =[1]작업!M69 -> -17779.47 | N41: =[1]작업!N69 -> -8206.31 | O41: =[1]작업!O69 -> -10497.18 | P41: =[1]작업!P69 -> 37212.39 | ... T41: =[1]작업!T69 -> -12076.35
C42: 보험부채순금융손익 | I42: =[1]작업!I71 -> 6300.6274 | J42: =[1]작업!J71 -> 81594.6 | K42: =[1]작업!K71 -> 24147.08 | L42: =[1]작업!L71 -> 32318.18 | M42: =[1]작업!M71 -> 13555.93 | N42: =[1]작업!N71 -> 5711.96 | O42: =[1]작업!O71 -> 11511.21 | P42: =[1]작업!P71 -> 6894.83 | ... T42: =[1]작업!T71 -> 7636.21
C43: (전기대비) | I43: =[1]작업!I72 -> 3709.3574 | J43: =[1]작업!J72 -> 48987.2 | K43: =[1]작업!K72 -> 21802.44 | L43: =[1]작업!L72 -> 26923.13 | M43: =[1]작업!M72 -> 11252.01 | N43: =[1]작업!N72 -> 6941.23 | O43: =[1]작업!O72 -> 7152.46 | P43: =[1]작업!P72 -> 7140.29 | ... T43: =[1]작업!T72 -> 5907.29
C44: 운용자산 | I44: =[1]작업!I74 -> 185410 | J44: =[1]작업!J74 -> 2753258 | K44: =[1]작업!K74 -> 1072542.6 | L44: =[1]작업!L74 -> 1229822 | M44: =[1]작업!M74 -> 511751 | N44: =[1]작업!N74 -> 326955.93 | O44: =[1]작업!O74 -> 0 | P44: =[1]작업!P74 -> 901521.63 | ... T44: =[1]작업!T74 -> 560935.65
C45: 운용자산/자본 비율 | I45: =[1]작업!I75 -> 7.6096812 | J45: =[1]작업!J75 -> 4.8802081 | K45: =[1]작업!K75 -> 14.011448 | L45: =[1]작업!L75 -> 9.8632133 | M45: =[1]작업!M75 -> 8.2020658 | N45: =[1]작업!N75 -> 21.314349 | O45: =[1]작업!O75 -> 0 | P45: =[1]작업!P75 -> 4.3704255 | ... T45: =[1]작업!T75 -> 5.6919461
C46: * FVOCI평가손익 : 현금흐름위험회피파생평가손익 포함
C48: 2. 재무건전성
T49: (단위 : %, 억원)
C50: 구분 | I50: 미래에셋생명 | J50: 삼성생명 | K50: 교보생명 | L50: 한화생명 | M50: 신한라이프 | N50: 동양생명 | O50: KB라이프 | P50: 삼성화재 | Q50: 현대해상 | R50: 메리츠화재 | S50: KB손보 | T50: DB손보
C51: K-ICS | I51: =[1]작업!I100 -> 1.767 | J51: =[1]작업!J100 -> 1.98 | K51: =[1]작업!K100 -> 1.6566 | L51: =[1]작업!L100 -> 1.575 | M51: =[1]작업!M100 -> 2.06 | N51: =[1]작업!N100 -> 1.798 | O51: =[1]작업!O100 -> 2.7219 | P51: =[1]작업!P100 -> 2.6287 | ... T51: =[1]작업!T100 -> 2.182
C52: 가용자본 | I52: =[1]작업!I101 -> 37022.39 | J52: =[1]작업!J101 -> 657397.19 | K52: =[1]작업!K101 -> 142181.31 | L52: =[1]작업!L101 -> 229010.84 | M52: =[1]작업!M101 -> 98738 | N52: =[1]작업!N101 -> 40594.96 | O52: =[1]작업!O101 -> 58716.62 | P52: =[1]작업!P101 -> 293000 | ... T52: =[1]작업!T101 -> 215522.35
C53: 요구자본 | I53: =[1]작업!I102 -> 20953.93 | J53: =[1]작업!J102 -> 332051.92 | K53: =[1]작업!K102 -> 85824.88 | L53: =[1]작업!L102 -> 145388.34 | M53: =[1]작업!M102 -> 47935 | N53: =[1]작업!N102 -> 22572.98 | O53: =[1]작업!O102 -> 21571.59 | P53: =[1]작업!P102 -> 111463 | ... T53: =[1]작업!T102 -> 98763.53
C54: * 경과조치 전
C57: 3. 손익현황
T58: (단위 : 억원)
C59: 구분 | I59: 미래에셋생명 | J59: 삼성생명 | K59: 교보생명 | L59: 한화생명 | M59: 신한라이프 | N59: 동양생명 | O59: KB라이프 | P59: 삼성화재 | Q59: 현대해상 | R59: 메리츠화재 | S59: KB손보 | T59: DB손보
C60: 보험손익 | I60: =[1]작업!I109 -> 1119.9011 | J60: =[1]작업!J109 -> 9747.16 | K60: =[1]작업!K109 -> 3915.9033 | L60: =[1]작업!L109 -> 3444.19 | M60: =[1]작업!M109 -> 7041.53 | N60: =[1]작업!N109 -> 1137.71 | O60: =[1]작업!O109 -> 2618.85 | P60: =[1]작업!P109 -> 14466.963 | ... T60: =[1]작업!T109 -> 10359.5
C61: (세전손익 대비 보험손익) | I61: =+I60/I72 -> 0.59173632 | J61: =+J60/J72 -> 0.48565674 | K61: =+K60/K72 -> 0.40701703 | L61: =+L60/L72 -> 0.83465164 | M61: =+M60/M72 -> 0.88401683 | N61: =+N60/N72 -> 1.0213937 | O61: =+O60/O72 -> 0.62623149 | P61: =+P60/P72 -> 0.61997387 | ... T61: =+T60/T72 -> 0.49144811
D62: CSM상각액 | I62: =[1]작업!I126 -> 2058.3148 | J62: =[1]작업!J126 -> 14795.99 | K62: =[1]작업!K126 -> 5879.96 | L62: =[1]작업!L126 -> 7872.9 | M62: =[1]작업!M126 -> 7352.29 | N62: =[1]작업!N126 -> 2467.51 | O62: =[1]작업!O126 -> 2976.06 | P62: =[1]작업!P126 -> 16207.81 | ... T62: =[1]작업!T126 -> 12850.78
D63: (세전손익 대비 CSM상각액) | I63: =I62/I72 -> 1.0875779 | J63: =J62/J72 -> 0.73721703 | K63: =K62/K72 -> 0.61116011 | L63: =L62/L72 -> 1.907888 | M63: =M62/M72 -> 0.92303067 | N63: =N62/N72 -> 2.2152386 | O63: =O62/O72 -> 0.71164919 | P63: =P62/P72 -> 0.69457695 | ... T63: =T62/T72 -> 0.60963285
D64: 손해율 | I64: =[1]작업!I110 -> 0.912 | J64: =[1]작업!J110 -> 0.83261359 | L64: =[1]작업!L110 -> 0.86948582 | N64: =[1]작업!N110 -> 0.91321556 | P64: =[1]작업!P110 -> 0.92593772 | R64: =[1]작업!R110 -> 0.93
D65: 실제보험금/예상보험금 | I65: =[1]작업!I111 -> 1.0520833 | J65: =[1]작업!J111 -> 1.0760043 | K65: =[1]작업!K111 -> 0.96674877 | L65: =[1]작업!L111 -> 1.1627907 | M65: =[1]작업!M111 -> 1.0673325 | N65: =[1]작업!N111 -> 1.1346841 | O65: =[1]작업!O111 -> 1.0978887 | P65: =[1]작업!P111 -> 1.0248582 | ... T65: =[1]작업!T111 -> 1.0402612
D66: 사업비 예실차 | F66: 예실차율 | I66: =[1]작업!I112 -> 0.1472193 | J66: =[1]작업!J112 -> 0.037694641 | L66: =[1]작업!L112 -> 0.094921479 | N66: =[1]작업!N112 -> -0.014857493 | P66: =[1]작업!P112 -> -0.045151833 | R66: =[1]작업!R112 -> 0.0097962996
F67: ÷ CSM상각액 | I67: =[1]작업!I113 -> 0.1372974 | J67: =[1]작업!J113 -> 0.049259968 | L67: =[1]작업!L113 -> 0.089414237 | N67: =[1]작업!N113 -> -0.012425083 | P67: =[1]작업!P113 -> -0.027373628 | R67: =[1]작업!R113 -> 0.0039802891
C68: 투자손익 | I68: =[1]작업!I114 -> 738.66157 | J68: =[1]작업!J114 -> 6917.45 | K68: =[1]작업!K114 -> 6700.351 | L68: =[1]작업!L114 -> 570.18 | M68: =[1]작업!M114 -> 925.33 | N68: =[1]작업!N114 -> 911.64 | O68: =[1]작업!O114 -> 1518.29 | P68: =[1]작업!P114 -> 8839.8645 | ... T68: =[1]작업!T114 -> 10518.3
C69: (세전손익 대비 투자손익) | I69: =I68/I72 -> 0.39029597 | J69: =J68/J72 -> 0.34466514 | K69: =K68/K72 -> 0.69643114 | L69: =L68/L72 -> 0.13817521 | M69: =M68/M72 -> 0.11616897 | N69: =N68/N72 -> 0.81843646 | O69: =O68/O72 -> 0.36306051 | P69: =P68/P72 -> 0.37882762 | ... T69: =T68/T72 -> 0.49898148
C70: 영업이익 | I70: =I60+I68 -> 1858.5627 | J70: =J60+J68 -> 16664.61 | K70: =K60+K68 -> 10616.254 | L70: =L60+L68 -> 4014.37 | M70: =M60+M68 -> 7966.86 | N70: =N60+N68 -> 2049.35 | O70: =O60+O68 -> 4137.14 | P70: =P60+P68 -> 23306.827 | ... T70: =T60+T68 -> 20877.8
C71: 영업외손익 | I71: =[1]작업!I116 -> 34.005108 | J71: =[1]작업!J116 -> 3405.45 | K71: =[1]작업!K116 -> -995.27296 | L71: =[1]작업!L116 -> 112.13 | M71: =[1]작업!M116 -> -1.48 | N71: =[1]작업!N116 -> -935.47 | O71: =[1]작업!O116 -> 44.78 | P71: =[1]작업!P116 -> 27.967083 | ... T71: =[1]작업!T116 -> 201.74
C72: 세전이익 | I72: =[1]작업!I117 -> 1892.5678 | J72: =[1]작업!J117 -> 20070.06 | K72: =[1]작업!K117 -> 9620.9814 | L72: =[1]작업!L117 -> 4126.5 | M72: =[1]작업!M117 -> 7965.38 | N72: =[1]작업!N117 -> 1113.88 | O72: =[1]작업!O117 -> 4181.92 | P72: =[1]작업!P117 -> 23334.794 | ... T72: =[1]작업!T117 -> 21079.54
C73: 당기순이익 | I73: =[1]작업!I118 -> 1249.0039 | J73: =[1]작업!J118 -> 16997.62 | K73: =[1]작업!K118 -> 7632.1048 | L73: =[1]작업!L118 -> 3133.2 | M73: =[1]작업!M118 -> 5159.16 | N73: =[1]작업!N118 -> 658.37 | O73: =[1]작업!O118 -> 2658.88 | P73: =[1]작업!P118 -> 16908.782 | ... T73: =[1]작업!T118 -> 15348.8
C74: * 예실차율(IR자료 기준) = (예상-실제) / 예상, 보험료배분접근법 적용 제외
C75: * 삼성생명 : 보험금 예실차 -2,338억(전년 -744억 대비 손실확대), 영업외손익은 관계종속기업투자 배당손익, 영업외손익 3,578억 영향, 한화생명 : 손실 -1,360억, 보험금예실차 -3,800억 등
C76: 동양생명 보험손익 : 보험금예실차 -688억, 손실요소 -883억 등 영향
C78: 4. CSM 현황
T79: (단위 : 억원)
C80: 구분 | I80: 미래에셋생명 | J80: 삼성생명 | K80: 교보생명 | L80: 한화생명 | M80: 신한라이프 | N80: 동양생명 | O80: KB라이프 | P80: 삼성화재 | Q80: 현대해상 | R80: 메리츠화재 | S80: KB손보 | T80: DB손보
C81: CSM | I81: =[1]작업!I133 -> 20584.231 | J81: =[1]작업!J133 -> 132178.74 | K81: =[1]작업!K133 -> 65109.61 | L81: =[1]작업!L133 -> 87136.52 | M81: =[1]작업!M133 -> 75537.34 | N81: =[1]작업!N133 -> 24570.95 | O81: =[1]작업!O133 -> 32637.75 | P81: =[1]작업!P133 -> 141676.64 | ... T81: =[1]작업!T133 -> 122053.43
C82: 전기말 대비 | I82: =[1]작업!I134 -> -197.8888 | J82: =[1]작업!J134 -> 3158.51 | K82: =[1]작업!K134 -> 729.03 | L82: =[1]작업!L134 -> -3954.89 | M82: =[1]작업!M134 -> 3296.2 | N82: =[1]작업!N134 -> -2139.93 | O82: =[1]작업!O134 -> 2532.66 | P82: =[1]작업!P134 -> 937.55 | ... T82: =[1]작업!T134 -> -264.15
C83: (증가율) | I83: =I82/(I81-I82) -> -0.0095220699 | J83: =J82/(J81-J82) -> 0.024480735 | K83: =K82/(K81-K82) -> 0.011323756 | L83: =L82/(L81-L82) -> -0.043416717 | M83: =M82/(M81-M82) -> 0.045627741 | N83: =N82/(N81-N82) -> -0.080114545 | O83: =O82/(O81-O82) -> 0.084127302 | P83: =P82/(P81-P82) -> 0.0066616176 | ... T83: =T82/(T81-T82) -> -0.0021595424
C84: 신계약CSM(a) | I84: =[1]작업!I136 -> 5398.7812 | J84: =[1]작업!J136 -> 30594.72 | K84: =[1]작업!K136 -> 12781.34 | L84: =[1]작업!L136 -> 20662.58 | M84: =[1]작업!M136 -> 16459.98 | N84: =[1]작업!N136 -> 5291.32 | O84: =[1]작업!O136 -> 5047.29 | P84: =[1]작업!P136 -> 28983.67 | ... T84: =[1]작업!T136 -> 29326.93
C85: CSM상각액(b) | I85: =[1]작업!I137 -> 2058.3148 | J85: =[1]작업!J137 -> 14795.99 | K85: =[1]작업!K137 -> 5879.96 | L85: =[1]작업!L137 -> 7872.9 | M85: =[1]작업!M137 -> 7352.29 | N85: =[1]작업!N137 -> 2467.51 | O85: =[1]작업!O137 -> 2976.06 | P85: =[1]작업!P137 -> 16207.81 | ... T85: =[1]작업!T137 -> 12850.78
C86: (상각률) | I86: =[1]작업!I138 -> 0.090904743 | J86: =[1]작업!J138 -> 0.1006703 | K86: =[1]작업!K138 -> 0.082828506 | L86: =[1]작업!L138 -> 0.082864415 | M86: =[1]작업!M138 -> 0.088699757 | N86: =[1]작업!N138 -> 0.091259266 | O86: =[1]작업!O138 -> 0.083564774 | P86: =[1]작업!P138 -> 0.10265615 | ... T86: =[1]작업!T138 -> 0.095258554
C87: 상각액Cover율(a/b) | I87: =[1]작업!I139 -> 2.6229132 | J87: =[1]작업!J139 -> 2.0677711 | K87: =[1]작업!K139 -> 2.1737121 | L87: =[1]작업!L139 -> 2.6245196 | M87: =[1]작업!M139 -> 2.2387555 | N87: =[1]작업!N139 -> 2.1443966 | O87: =[1]작업!O139 -> 1.6959638 | P87: =[1]작업!P139 -> 1.7882533 | ... T87: =[1]작업!T139 -> 2.2821128
C88: 기간별 상각 금액 비중 | F88: 1년 이하 | I88: =[1]작업!I140 -> 2014.1524 | J88: =[1]작업!J140 -> 8491.89 | K88: =[1]작업!K140 -> 5707.66 | L88: =[1]작업!L140 -> 4244.11 | M88: =[1]작업!M140 -> 4415.23 | O88: =[1]작업!O140 -> 2049.54 | P88: =[1]작업!P140 -> 10479.49 | Q88: =[1]작업!Q140 -> 6227.1686 | R88: =[1]작업!R140 -> 7868.48 | S88: =[1]작업!S140 -> 5019.47 | T88: =[1]작업!T140 -> 7951.82
F89: 2~5년 | I89: =[1]작업!I141 -> 5894.1803 | J89: =[1]작업!J141 -> 25062.27 | K89: =[1]작업!K141 -> 16940.67 | L89: =[1]작업!L141 -> 13332.5 | M89: =[1]작업!M141 -> 13462.85 | O89: =[1]작업!O141 -> 6548.89 | P89: =[1]작업!P141 -> 28575.15 | Q89: =[1]작업!Q141 -> 17764.542 | R89: =[1]작업!R141 -> 23413.52 | S89: =[1]작업!S141 -> 14733.51 | T89: =[1]작업!T141 -> 22226.69
F90: 5~10년 | I90: =[1]작업!I142 -> 4570.828 | J90: =[1]작업!J142 -> 98624.58 | K90: =[1]작업!K142 -> 14113.19 | L90: =[1]작업!L142 -> 12640.98 | M90: =[1]작업!M142 -> 11534.76 | O90: =[1]작업!O142 -> 5928.71 | P90: =[1]작업!P142 -> 102622 | Q90: =[1]작업!Q142 -> 15232.889 | R90: =[1]작업!R142 -> 20193.72 | S90: =[1]작업!S142 -> 12499.1 | T90: =[1]작업!T142 -> 18874.78
F91: 10년 초과 | I91: =[1]작업!I143 -> 8105.0706 | K91: =[1]작업!K143 -> 28348.09 | L91: =[1]작업!L143 -> 56918.93 | M91: =[1]작업!M143 -> 46124.52 | O91: =[1]작업!O143 -> 18110.61 | Q91: =[1]작업!Q143 -> 50553.821 | R91: =[1]작업!R143 -> 59561.27 | S91: =[1]작업!S143 -> 60598.25 | T91: =[1]작업!T143 -> 73000.14
C92: * CSM상각률 : CSM상각액 / (CSM잔액 + CSM상각액) * (4 / 분기)
C93: * 기간별 상각금액 비중 : 순부채 기준
C95: 5. 경영효율지표
C97: 구분 | I97: 미래에셋생명 | J97: 삼성생명 | K97: 교보생명 | L97: 한화생명 | M97: 신한라이프 | N97: 동양생명 | O97: KB라이프 | P97: 삼성화재 | Q97: 현대해상 | R97: 메리츠화재 | S97: KB손보 | T97: DB손보
C98: ROE | I98: =[1]작업!I154 -> 0.05006289 | J98: =[1]작업!J154 -> 0.039117563 | K98: =[1]작업!K154 -> 0.1020268 | L98: =[1]작업!L154 -> 0.027463561 | M98: =[1]작업!M154 -> 0.077572045 | N98: =[1]작업!N154 -> 0.037123382 | O98: =[1]작업!O154 -> 0.060734517 | P98: =[1]작업!P154 -> 0.09413742 | ... T98: =[1]작업!T154 -> 0.16801362
C99: RAROC (연환산) | I99: =[1]작업!I155 -> 0.19819235 | J99: =[1]작업!J155 -> 0.070875663 | K99: =[1]작업!K155 -> 0.11455652 | L99: =[1]작업!L155 -> 0.10932302 | M99: =[1]작업!M155 -> 0.26413942 | N99: =[1]작업!N155 -> 0.18031497 | O99: =[1]작업!O155 -> 0.17998352 | P99: =[1]작업!P155 -> 0.20002271 | ... T99: =[1]작업!T155 -> 0.22841607
C100: CSM | E100: ÷ 자기자본 | I100: =[1]작업!I156 -> 0.84482734 | J100: =[1]작업!J156 -> 0.23428962 | K100: =[1]작업!K156 -> 0.85057686 | L100: =[1]작업!L156 -> 0.6988378 | M100: =[1]작업!M156 -> 1.2106713 | N100: =[1]작업!N156 -> 1.6017871 | O100: =[1]작업!O156 -> 0.77366526 | P100: =[1]작업!P156 -> 0.68682456 | ... T100: =[1]작업!T156 -> 1.2385049
E101: ÷ (요구자본x130%) | I101: =[1]작업!I157 -> 0.75565891 | J101: =[1]작업!J157 -> 0.30620499 | K101: =[1]작업!K157 -> 0.58356406 | L101: =[1]작업!L157 -> 0.46102798 | M101: =[1]작업!M157 -> 1.2121758 | N101: =[1]작업!N157 -> 0.8373166 | O101: =[1]작업!O157 -> 1.1638438 | P101: =[1]작업!P157 -> 0.97774177 | ... T101: =[1]작업!T157 -> 0.95062675
E102: ÷ (요구자본x150%) | I102: =[1]작업!I158 -> 0.65490439 | J102: =[1]작업!J158 -> 0.26537766 | K102: =[1]작업!K158 -> 0.50575552 | L102: =[1]작업!L158 -> 0.39955758 | M102: =[1]작업!M158 -> 1.0505523 | N102: =[1]작업!N158 -> 0.72567438 | O102: =[1]작업!O158 -> 1.0086646 | P102: =[1]작업!P158 -> 0.8473762 | ... T102: =[1]작업!T158 -> 0.82387652
C103: CSM 상각액 (연환산) | E103: ÷ 자기자본 | I103: =[1]작업!I159 -> 0.084478289 | J103: =[1]작업!J159 -> 0.026226206 | K103: =[1]작업!K159 -> 0.076814435 | L103: =[1]작업!L159 -> 0.063140921 | M103: =[1]작업!M159 -> 0.11783849 | N103: =[1]작업!N159 -> 0.16085767 | O103: =[1]작업!O159 -> 0.070546353 | P103: =[1]작업!P159 -> 0.078572741 | ... T103: =[1]작업!T159 -> 0.13039989
E104: ÷ (요구자본x130%) | I104: =[1]작업!I160 -> 0.075561916 | J104: =[1]작업!J160 -> 0.034276359 | K104: =[1]작업!K160 -> 0.052700874 | L104: =[1]작업!L160 -> 0.041654488 | M104: =[1]작업!M160 -> 0.11798493 | N104: =[1]작업!N160 -> 0.084086577 | O104: =[1]작업!O160 -> 0.10612463 | P104: =[1]작업!P160 -> 0.11185367 | ... T104: =[1]작업!T160 -> 0.10008973
E105: ÷ (요구자본x150%) | I105: =[1]작업!I161 -> 0.065486994 | J105: =[1]작업!J161 -> 0.029706178 | K105: =[1]작업!K161 -> 0.04567409 | L105: =[1]작업!L161 -> 0.036100557 | M105: =[1]작업!M161 -> 0.10225361 | N105: =[1]작업!N161 -> 0.072875033 | O105: =[1]작업!O161 -> 0.091974676 | P105: =[1]작업!P161 -> 0.096939851 | ... T105: =[1]작업!T161 -> 0.086744436
C106: * ROE = 당기순이익 / (기시 자기자본, 분기말 자기자본의 평균) * (4/분기), RAROC = 신계약CSM ÷ (요구자본x130%) * (4/분기)
C113: * IR자료
I114: CSM규모 | J114: CSM 상각률 | K114: 23년 상각액 | L114: 요구자본
E115: 23.12월말 | I115: =+[2]실적!$S$33/100 -> 20214.509 | J115: =[2]실적!$T$6/([2]실적!$S$33+[2]실적!$T$6) -> 0.089114808 | K115: =+I115*J115 -> 1801.412 | L115: =[3]SUMMARY!$I$35*10 -> 17750.819
C117: 구분 | I117: 미래에셋생명 | J117: 삼성생명 | K117: 교보생명 | L117: 한화생명 | M117: 신한라이프 | N117: 동양생명 | O117: KB라이프 | P117: 삼성화재 | Q117: 현대해상 | R117: 메리츠화재 | S117: KB손보 | T117: DB손보
...

Sheet 2309
C3: □ 2023년 3분기 동업사 경영지표 현황(메리츠화재 수정공시 반영) | S3: 2024.02.19
C5: 1. 자산 현황
T6: (단위 : 억원)
C7: 구분 | I7: 미래에셋생명 | J7: 삼성생명 | K7: 교보생명 | L7: 한화생명 | M7: 신한라이프 | N7: 동양생명 | O7: KB라이프 | P7: 삼성화재 | Q7: 현대해상 | R7: 메리츠화재 | S7: KB손보 | T7: DB손보
C8: 자산 | I8: 321110.6 | J8: 2614976.6 | K8: 1047988.4 | L8: 1093896.2 | M8: 561464.91 | N8: 308939.11 | O8: 293906.89 | P8: 793478.21 | Q8: 415398.04 | R8: 358121.19 | S8: 352791.42 | T8: 445600.31
C9: FVPL | I9: 160083.01 | J9: 357891.44 | K9: 308165.16 | L9: 273744.48 | M9: 115452.58 | N9: 59042.454 | O9: 79716.8 | P9: 105911.39 | Q9: 87396.43 | R9: 73819.84 | S9: 93301.91 | T9: 104012.01
C10: (비중) | I10: 0.49852921 | J10: 0.1368622 | K10: 0.29405398 | L10: 0.25024722 | M10: 0.20562742 | N10: 0.19111357 | O10: 0.27123148 | P10: 0.13347738 | Q10: 0.21039201 | R10: 0.20613089 | S10: 0.26446763 | T10: 0.23341997
C11: FVOCI | I11: 110327.22 | J11: 1523490.8 | K11: 459395.99 | L11: 357619.82 | M11: 329341.32 | N11: 169083.56 | O11: 179334.07 | P11: 351672.47 | Q11: 178954.76 | R11: 244173.18 | S11: 161889.05 | T11: 180715.06
C12: AC | I12: 42227.439 | J12: 499554.55 | K12: 215462.5 | L12: 298387.82 | M12: 90919.09 | N12: 70614.245 | O12: 18750.22 | P12: 292416.2 | Q12: 110481.67 | R12: 11822.191 | S12: 61680.19 | T12: 108505.79
C13: 부채 | I13: 291407.84 | J13: 2234584.8 | K13: 943395.53 | L13: 968620.02 | M13: 474500.48 | N13: 276237.22 | O13: 236253.33 | P13: 647263.51 | Q13: 348741.63 | R13: 305450.17 | S13: 291862.96 | T13: 360987.85
C14: BEL | I14: 217069.01 | J14: 1601576.5 | K14: 721055.68 | L14: 710209.3 | M14: 331951.96 | N14: 212771.12 | O14: 175880.24 | P14: 280559.18 | Q14: 142348.21 | R14: 54554.49 | S14: 78378.06 | T14: 68541.67
C15: CSM | I15: 19439.84 | J15: 116519.94 | K15: 63948.39 | L15: 97991.15 | M15: 72029.59 | N15: 25748.3 | O15: 32139.54 | P15: 132593.41 | Q15: 89036.626 | R15: 102857.92 | S15: 91843.19 | T15: 115694.16
C16: (비중) | I16: 0.066710079 | J16: 0.052143889 | K16: 0.067785344 | L16: 0.10116573 | M16: 0.15180088 | N16: 0.093210829 | O16: 0.13603846 | P16: 0.20485229 | Q16: 0.25530828 | R16: 0.33674206 | S16: 0.31467916 | T16: 0.32049323
C17: RA | I17: 3951 | J17: 31505.09 | K17: 12229.51 | L17: 16501.44 | M17: 11426.02 | N17: 4524.79 | O17: 4563.5 | P17: 14685.45 | Q17: 17108.185 | R17: 18488.77 | S17: 11274.2 | T17: 15492.69
C18: 자기자본 | I18: 29702.76 | J18: 380391.82 | K18: 104592.89 | L18: 125276.16 | M18: 86964.43 | N18: 32701.888 | O18: 57653.56 | P18: 146214.69 | Q18: 66656.415 | R18: 52671.015 | S18: 60928.46 | T18: 84612.461
C19: 이익잉여금 | I19: 17474.676 | J19: 129211.15 | K19: 63900.322 | L19: 62389.554 | M19: 65811.03 | N19: 12833.324 | O19: 57653.56 | P19: 118642.32 | Q19: 64848.325 | R19: 42792.261 | S19: 55711.75 | T19: 83284.896
C20: 기타포괄 | I20: 4218.8457 | J20: 271223.05 | K20: 21907.943 | L20: 20853.84 | M20: 4161.31 | N20: 4324.8239 | O20: 16727.07 | P20: 32750.341 | Q20: 923.55707 | R20: 5427.4459 | S20: 1399.67 | T20: 2119.3569
C21: * 당사 특별계정자산 : 실적배당형퇴직연금 1,711억, 변액보험 116,018억 / 부채 BEL, CSM, RA : 재보, 보험료배분접근법 적용 제외 기준, 보험부채 기준
C23: [참고] 당사 FVPL 자산 현황
R24: (단위 : 억원)
C25: 구분 | I25: 일반계정 (신개인/자산연계 포함) | K25: 변액보험 | M25: 퇴직보험/ 퇴직연금(원리금보장) | O25: 퇴직연금 (실적배당형) | Q25: 합계
C27: FVPL | I27: 37902.564 | K27: 110246.01 | M27: 9896.9649 | O27: 1619.1823 | Q27: 159664.72
D28: 주식/출자금 | I28: 2374.2521 | K28: 2171.8153 | M28: 100.86712 | O28: 0 | Q28: 4646.9345
D29: (비중) | I29: 0.062640935 | K29: 0.019699717 | M29: 0.010191722 | O29: 0 | Q29: 0.029104328
D30: 해외주식 | I30: 20.074932 | K30: 21961.149 | M30: 0 | O30: 439.47111 | Q30: 22420.695
D31: (비중) | I31: 0.00052964576 | K31: 0.1992013 | M31: 0 | O31: 0.27141546 | Q31: 0.1404236
D32: 국내채권 | I32: 583.43622 | K32: 0 | M32: 165.35053 | O32: 0 | Q32: 748.78675
D33: (비중) | I33: 0.015393054 | K33: 0 | M33: 0.016707196 | O33: 0 | Q33: 0.0046897444
D34: 해외채권 | I34: 0 | K34: 0 | M34: 704.26409 | O34: 0 | Q34: 704.26409
D35: (비중) | I35: 0 | K35: 0 | M35: 0.071159603 | O35: 0 | Q35: 0.0044108935
D36: 수익증권 | I36: 34394.897 | K36: 54697.31 | M36: 8926.4831 | O36: 754.55833 | Q36: 98773.248
D37: (비중) | I37: 0.90745566 | K37: 0.49613867 | M37: 0.90194148 | O37: 0.46601197 | Q37: 0.61862912
D38: 외화수익증권 | I38: 0 | K38: 31415.723 | M38: 0 | O38: 425.15284 | Q38: 31840.876
D39: (비중) | I39: 0 | K39: 0.28496017 | M39: 0 | O39: 0.26257256 | Q39: 0.19942336
... D41: (비중) | I41: 0.013980705 | K41: 1.4546558e-07 | M41: 0 | O41: 0 | Q41: 0.0033189586
C42: * 감독회계 기준
C43: * 공시기준 FVPL자산 16조 83억(파생상품자산, 기타예금 분류 차이)
C45: 2. 재무건전성(정정공시 반영)
T46: (단위 : 억원)
C47: 구분 | I47: 미래에셋생명 | J47: 삼성생명 | K47: 교보생명 | L47: 한화생명 | M47: 신한라이프 | N47: 동양생명 | O47: KB라이프 | P47: 삼성화재 | Q47: 현대해상 | R47: 메리츠화재 | S47: KB손보 | T47: DB손보
C48: K-ICS | I48: 2.044 | J48: 2.205 | K48: 1.8323 | L48: 1.843 | M48: 2.094 | N48: 1.837 | O48: 2.7696 | P48: 2.6326 | Q48: 1.721 | R48: 2.308 | S48: 1.9402 | T48: 2.145
C49: 가용자본 | I49: 40861.03 | J49: 531537.68 | K49: 147913.9 | L49: 219935.36 | M49: 112728 | N49: 44461.95 | O49: 71335.2 | P49: 227007 | Q49: 126717.2 | R49: 132224.14 | S49: 117784.5 | T49: 192607.51
C50: 요구자본 | I50: 19986.71 | J50: 241047.3 | K50: 80727.25 | L50: 119331.91 | M50: 53843 | N50: 24205.39 | O50: 25756.43 | P50: 86228 | Q50: 73627.22 | R50: 57297.11 | S50: 60708.64 | T50: 89780.27
C51: * 경과조치 전
C54: 3. 손익현황
T55: (단위 : 억원)
C56: 구분 | I56: 미래에셋생명 | J56: 삼성생명 | K56: 교보생명 | L56: 한화생명 | M56: 신한라이프 | N56: 동양생명 | O56: KB라이프 | P56: 삼성화재 | Q56: 현대해상 | R56: 메리츠화재 | S56: KB손보 | T56: DB손보
C57: 보험손익 | I57: 1116.0611 | J57: 12060.65 | K57: 1879.141 | L57: 5645.3876 | M57: 4953.56 | N57: 1834.4005 | O57: 2070.78 | P57: 16862.539 | Q57: 7544.7938 | R57: 12337.046 | S57: 7819.76 | T57: 12897.223
D58: 손해율 | I58: 0.90859774 | J58: 0.78874348 | L58: 0.8464425 | N58: 0.88256564 | P58: 0.87135108 | R58: 0.763 | S58: 0.817
D59: 사업비 예실차 | F59: 예실차율 | I59: -0.19863067 | J59: -0.083916458 | L59: 0.08543152 | N59: 0.033607869 | P59: -0.032911173 | Q59: -0.0025992475 | R59: 0.0039935682 | T59: 0.060452743
F60: ÷ CSM상각액 | I60: -0.095972397 | J60: -0.10956264 | L60: 0.058287662 | N60: 0.022985173 | P60: -0.021798494 | Q60: -0.001894193 | R60: 0.0014711337 | T60: 0.028179085
C61: 투자손익 | I61: 967.74421 | J61: -1211.28 | K61: 6083.7883 | L61: 966.9234 | M61: 973.91 | N61: 906.94455 | O61: 1898.78 | P61: 4391.4048 | Q61: 3146.5538 | R61: 5091.2465 | S61: 1758.96 | T61: 3747.0362
C62: 영업이익 | I62: 2083.8053 | J62: 10849.37 | K62: 7962.9292 | L62: 6612.311 | M62: 5927.47 | N62: 2741.345 | O62: 3969.56 | P62: 21253.944 | Q62: 10691.348 | R62: 17428.293 | S62: 9578.72 | T62: 16644.26
C63: 영업외손익 | I63: -34.856594 | J63: 2616.87 | K63: 122.87802 | L63: 96.671789 | M63: -160.5 | N63: 2.7193718 | O63: -7.04 | P63: 201.25759 | Q63: -221.25009 | R63: 114.54872 | S63: 1.04 | T63: 55.208331
C64: 세전이익 | I64: 2048.9487 | J64: 13466.24 | K64: 8085.8072 | L64: 6708.9828 | M64: 5766.97 | N64: 2744.0644 | O64: 3962.52 | P64: 21455.201 | Q64: 10470.097 | R64: 17542.842 | S64: 9579.76 | T64: 16699.468
C65: 당기순이익 | I65: 1592.3134 | J65: 11260.63 | K65: 6028.5887 | L65: 5778.9259 | M65: 4303.31 | N65: 2174.935 | O65: 2968.74 | P65: 15877.321 | Q65: 7863.5531 | R65: 12960.693 | S65: 7088.43 | T65: 12624.193
C66: * 감독회계 기준 (타사와 기준을 맞추기 위해 당사의 재보험금융손익을 투자손익에 반영, 손익보고시에는 보험손익에 반영 중)
C67: * 예실차율 = (예상-실제) / 예상, P/L기준, 보험료배분접근법 적용 제외
C69: 3-1. CSM 현황
T70: (단위 : 억원)
C71: 구분 | I71: 미래에셋생명 | J71: 삼성생명 | K71: 교보생명 | L71: 한화생명 | M71: 신한라이프 | N71: 동양생명 | O71: KB라이프 | P71: 삼성화재 | Q71: 현대해상 | R71: 메리츠화재 | S71: KB손보 | T71: DB손보
C72: CSM | I72: 19439.84 | J72: 116519.94 | K72: 63948.39 | L72: 97991.15 | M72: 72029.59 | N72: 25748.3 | O72: 32139.54 | P72: 132593.41 | Q72: 89036.626 | R72: 102857.92 | S72: 91843.19 | T72: 115694.16
C73: 전기말 대비 | I73: -355.11 | J73: 9033.04 | K73: 10477.57 | L73: 361.69 | M73: 2780.46 | N73: 2006.02 | O73: 938.28 | P73: 10580.255 | Q73: 5521.2342 | R73: 6939.09 | S73: 12391.37 | T73: -1654.7
C74: (증가율) | I74: -0.018267126 | J74: 0.077523555 | K74: 0.1619552 | L74: 0.0036910476 | M74: 0.038601636 | N74: 0.077908833 | O74: 0.029193946 | P74: 0.079794724 | Q74: 0.06201082 | R74: 0.067462865 | S74: 0.13491877 | T74: -0.014302364
C75: 신계약CSM(a) | I75: 2116.44 | J75: 27723.6 | K75: 10255.1 | L75: 18559.47 | M75: 7260.66 | N75: 5608.86 | O75: 4539.34 | P75: 26067.812 | Q75: 13221.356 | R75: 12197.58 | S75: 13987.21 | T75: 21253.14
C76: CSM상각액(b) | I76: 1483.65 | J76: 9870.89 | K76: 3217.86 | L76: 6683.41 | M76: 5171.11 | N76: 1949.87 | O76: 2130.5 | P76: 11548.625 | Q76: 6403.7912 | R76: 7842.8 | S76: 6127.24 | T76: 9411.68
C77: (상각률) | I77: 0.094544457 | J77: 0.10413087 | K77: 0.06387851 | L77: 0.085132561 | M77: 0.089310244 | N77: 0.093862759 | O77: 0.082890673 | P77: 0.10682634 | Q77: 0.089463023 | R77: 0.094462499 | S77: 0.083388971 | T77: 0.10030632
C78: 상각액Cover율(a/b) | I78: 1.4265089 | J78: 2.8086221 | K78: 3.1869317 | L78: 2.7769462 | M78: 1.4040815 | N78: 2.8765302 | O78: 2.1306454 | P78: 2.2572221 | Q78: 2.0646138 | R78: 1.5552583 | S78: 2.2827913 | T78: 2.2581664
C79: 기간별 상각 금액 비중 | F79: 1년 이하 | I79: 1715.68 | J79: 10203.18 | K79: 4336.86 | L79: 5017 | M79: 6446.85 | N79: 미공시 | O79: 2584.96 | P79: 11073.61 | Q79: 5805.9344 | R79: 10177.29 | S79: 8261.88 | T79: 10892.12
F80: 2~5년 | I80: 5119.44 | J80: 26625.3 | K80: 11870.33 | L80: 15780.26 | M80: 19117.46 | O80: 8296.05 | P80: 30917 | Q80: 16782.217 | R80: 29848.81 | S80: 26879 | T80: 32254.49
F81: 5~10년 | I81: 4258.03 | J81: 80260.98 | K81: 10865.09 | L81: 15294.5 | M81: 15908.7 | O81: 6894.02 | P81: 90603.09 | Q81: 15238.28 | R81: 23477.78 | S81: 23605.54 | T81: 26412.22
F82: 10년 초과 | I82: 8346.7 | K82: 36876.12 | L82: 61899.41 | M82: 30556.58 | O82: 14364.51 | Q82: 51210.194 | R82: 39879.07 | S82: 33096.77 | T82: 56274.06
C83: * CSM상각률 : CSM상각액 / (CSM잔액 + CSM상각액) * (4 / 분기)
C84: * 기간별 상각금액 비중 : 순부채 기준
C86: 4. 경영효율지표
C88: 구분 | I88: 미래에셋생명 | J88: 삼성생명 | K88: 교보생명 | L88: 한화생명 | M88: 신한라이프 | N88: 동양생명 | O88: KB라이프 | P88: 삼성화재 | Q88: 현대해상 | R88: 메리츠화재 | S88: KB손보 | T88: DB손보
C89: ROE | I89: 0.073703461 | J89: 0.042883489 | K89: 0.078815877 | L89: 0.061872322 | M89: 0.068182918 | N89: 0.092274712 | O89: 0.07167611 | P89: 0.15880584 | Q89: 0.16023299 | R89: 0.3870774 | S89: 0.15935929 | T89: 0.21240708
C90: RAROC (연환산) | I90: 0.094126547 | J90: 0.10223388 | K90: 0.11291905 | L90: 0.13824724 | M90: 0.11986553 | N90: 0.20597286 | O90: 0.1566587 | P90: 0.26872232 | Q90: 0.15961918 | R90: 0.18922932 | S90: 0.20479911 | T90: 0.21042129
C91: CSM | E91: ÷ 자기자본 | I91: 0.65447926 | J91: 0.30631558 | K91: 0.61140287 | L91: 0.78220108 | M91: 0.82826496 | N91: 0.78736432 | O91: 0.55745976 | P91: 0.9068405 | Q91: 1.3357548 | R91: 1.9528372 | S91: 1.5073939 | T91: 1.3673419
E92: ÷ (요구자본x150%) | I92: 0.64842555 | J92: 0.32226024 | K92: 0.52810247 | L92: 0.54744312 | M92: 0.89184716 | N92: 0.70916161 | O92: 0.83188392 | P92: 1.0251381 | Q92: 0.80619302 | R92: 1.1967785 | S92: 1.008568 | T92: 0.8590912
E93: ÷ (요구자본x180%) | I93: 0.54035462 | J93: 0.2685502 | K93: 0.44008539 | L93: 0.4562026 | M93: 0.74320597 | N93: 0.59096801 | O93: 0.6932366 | P93: 0.85428172 | Q93: 0.67182751 | R93: 0.99731538 | S93: 0.84047336 | T93: 0.71590933
C94: CSM 상각액 (연환산) | E94: ÷ 자기자본 | I94: 0.066599872 | J94: 0.034599027 | K94: 0.041020763 | L94: 0.071132553 | M94: 0.079283143 | N94: 0.079500812 | O94: 0.049271314 | P94: 0.10531203 | Q94: 0.12809552 | R94: 0.19853551 | S94: 0.134086 | T94: 0.14831038
E95: ÷ (요구자본x150%) | I95: 0.065983846 | J95: 0.036400011 | K95: 0.035431902 | L95: 0.049783909 | M95: 0.085369356 | N95: 0.071604621 | O95: 0.073526408 | P95: 0.11905001 | Q95: 0.07731188 | R95: 0.12167067 | S95: 0.08971434 | T95: 0.093182364
E96: ÷ (요구자본x180%) | I96: 0.054986539 | J96: 0.030333343 | K96: 0.029526585 | L96: 0.04148659 | M96: 0.07114113 | N96: 0.059670518 | O96: 0.061272007 | P96: 0.099208342 | Q96: 0.064426567 | R96: 0.10139223 | S96: 0.07476195 | T96: 0.07765197
C97: * ROE = 당기순이익 / (회계정책 변경후 기시 자기자본 기준 + 분기말 자기자본) * (4/분기), RAROC = 신계약CSM ÷ (요구자본x150%) * (4/분기)
C104: * IR자료
I105: CSM규모 | J105: CSM 상각률 | K105: 23년 상각액 | L105: 요구자본
E106: 23.12월말 | I106: =+[2]실적!$S$33/100 -> 20214.509 | J106: =[2]실적!$T$6/([2]실적!$S$33+[2]실적!$T$6) -> 0.089114808 | K106: =+I106*J106 -> 1801.412 | L106: =[3]SUMMARY!$I$35*10 -> 17750.819
C108: 구분 | I108: 미래에셋생명 | J108: 삼성생명 | K108: 교보생명 | L108: 한화생명 | M108: 신한라이프 | N108: 동양생명 | O108: KB라이프 | P108: 삼성화재 | Q108: 현대해상 | R108: 메리츠화재 | S108: KB손보 | T108: DB손보
C109: 24년 상각예상액 | I109: =K106 -> 1801.412 | J109: =+J72*J77 -> 12133.322 | K109: =+K72*K77 -> 4084.9279 | L109: =+L72*L77 -> 8342.2375 | M109: =+M72*M77 -> 6432.9802 | N109: =+N72*N77 -> 2416.8065 | O109: =+O72*O77 -> 2664.0681 | P109: =+P72*P77 -> 14164.469 | Q109: =+Q72*Q77 -> 7965.4857 | ... T109: =+T72*T77 -> 11604.856
C110: CSM ÷ (요구자본x150%) | I110: =+I106/(L106*150%) -> 0.75919535 | J110: =+J72/(J50*150%) -> 0.32226024 | K110: =+K72/(K50*150%) -> 0.52810247 | L110: =+L72/(L50*150%) -> 0.54744312 | M110: =+M72/(M50*150%) -> 0.89184716 | N110: =+N72/(N50*150%) -> 0.70916161 | O110: =+O72/(O50*150%) -> 0.83188392 | P110: =+P72/(P50*150%) -> 1.0251381 | Q110: =+Q72/(Q50*150%) -> 0.80619302 | ... T110: =+T72/(T50*150%) -> 0.8590912
G111: 당사 | I111: =+I110 -> 0.75919535 | K111: 생보 6개사 | L111: =AVERAGE(J110:O110) -> 0.63844975 | N111: 손보 5개사 | O111: =AVERAGE(P110:T110) -> 0.97915375
C112: CSM 상각액 ÷ (요구자본x150%) | I112: =+I109/(L106*150%) -> 0.067655547 | J112: =J109/(J50*150%) -> 0.033557238 | K112: =K109/(K50*150%) -> 0.033734399 | L112: =L109/(L50*150%) -> 0.046605235 | M112: =M109/(M50*150%) -> 0.079651087 | N112: =N109/(N50*150%) -> 0.066563866 | O112: =O109/(O50*150%) -> 0.068955418 | P112: =P109/(P50*150%) -> 0.10951175 | Q112: =Q109/(Q50*150%) -> 0.072124464 | ... T112: =T109/(T50*150%) -> 0.086172279
G113: 당사 | I113: =+I112 -> 0.067655547 | K113: 생보 6개사 | L113: =AVERAGE(J112:O112) -> 0.05484454 | N113: 손보 5개사 | O113: =AVERAGE(P112:T112) -> 0.092992526

Sheet 전분기대비
C3: □ 전기대비 | S3: 2024.04.03
C5: 1. 자산 현황
T6: (단위 : 억원)
C7: 구분 | I7: 미래에셋생명 | J7: 삼성생명 | K7: 교보생명 | L7: 한화생명 | M7: 신한라이프 | N7: 동양생명 | O7: KB라이프 | P7: 삼성화재 | Q7: 현대해상 | R7: 메리츠화재 | S7: KB손보 | T7: DB손보
C8: 자산 | I8: ='2512'!I8-'2309'!I8 -> 7441.222 | J8: ='2512'!J8-'2309'!J8 -> 484506.36 | K8: ='2512'!K8-'2309'!K8 -> 233669.53 | L8: ='2512'!L8-'2309'!L8 -> 163869.64 | M8: ='2512'!M8-'2309'!M8 -> 33015.41 | N8: ='2512'!N8-'2309'!N8 -> 44213.475 | O8: ='2512'!O8-'2309'!O8 -> 58382.45 | P8: ='2512'!P8-'2309'!P8 -> 144612.24 | ... T8: ='2512'!T8-'2309'!T8 -> 148487.97
C9: FVPL | I9: ='2512'!I9-'2309'!I9 -> 9361.4559 | J9: ='2512'!J9-'2309'!J9 -> 24204.91 | K9: ='2512'!K9-'2309'!K9 -> 33663.063 | L9: ='2512'!L9-'2309'!L9 -> 49456.759 | M9: ='2512'!M9-'2309'!M9 -> 17200.18 | N9: ='2512'!N9-'2309'!N9 -> -5291.414 | O9: ='2512'!O9-'2309'!O9 -> 12709.57 | P9: ='2512'!P9-'2309'!P9 -> 21146.376 | ... T9: ='2512'!T9-'2309'!T9 -> 73212.65
C10: (비중) | I10: ='2512'!I10-'2309'!I10 -> 0.017202125 | J10: ='2512'!J10-'2309'!J10 -> -0.013584748 | K10: ='2512'!K10-'2309'!K10 -> -0.027346136 | L10: ='2512'!L10-'2309'!L10 -> 0.0067173377 | M10: ='2512'!M10-'2309'!M10 -> 0.01751329 | N10: ='2512'!N10-'2309'!N10 -> -0.038910119 | O10: ='2512'!O10-'2309'!O10 -> -0.008872219 | P10: ='2512'!P10-'2309'!P10 -> 0.0019656041 | ... T10: ='2512'!T10-'2309'!T10 -> 0.064893708
C11: FVOCI | I11: ='2512'!I11-'2309'!I11 -> 6308.3534 | J11: ='2512'!J11-'2309'!J11 -> 445397.56 | K11: ='2512'!K11-'2309'!K11 -> 148902.89 | L11: ='2512'!L11-'2309'!L11 -> 124561.51 | M11: ='2512'!M11-'2309'!M11 -> 23543.26 | N11: ='2512'!N11-'2309'!N11 -> 59294.789 | O11: ='2512'!O11-'2309'!O11 -> 42197.5 | P11: ='2512'!P11-'2309'!P11 -> 82634.346 | ... T11: ='2512'!T11-'2309'!T11 -> 20499.319
C12: AC | I12: ='2512'!I12-'2309'!I12 -> -14212.935 | J12: ='2512'!J12-'2309'!J12 -> -88398.29 | K12: ='2512'!K12-'2309'!K12 -> 2.238762 | L12: ='2512'!L12-'2309'!L12 -> -17673.623 | M12: ='2512'!M12-'2309'!M12 -> -51415.65 | N12: ='2512'!N12-'2309'!N12 -> -14388.215 | O12: ='2512'!O12-'2309'!O12 -> -1791.37 | P12: ='2512'!P12-'2309'!P12 -> 8441.2315 | ... T12: ='2512'!T12-'2309'!T12 -> 49127.935
C13: 부채 | I13: ='2512'!I13-'2309'!I13 -> 12778.966 | J13: ='2512'!J13-'2309'!J13 -> 300730.03 | K13: ='2512'!K13-'2309'!K13 -> 261714.82 | L13: ='2512'!L13-'2309'!L13 -> 164458.04 | M13: ='2512'!M13-'2309'!M13 -> 57586.9 | N13: ='2512'!N13-'2309'!N13 -> 61575.653 | O13: ='2512'!O13-'2309'!O13 -> 73850.13 | P13: ='2512'!P13-'2309'!P13 -> 84549.159 | ... T13: ='2512'!T13-'2309'!T13 -> 134551.42
C14: BEL | I14: ='2512'!I14-'2309'!I14 -> 28243.276 | J14: ='2512'!J14-'2309'!J14 -> 243056.09 | K14: ='2512'!K14-'2309'!K14 -> 168344 | L14: ='2512'!L14-'2309'!L14 -> 152015.59 | M14: ='2512'!M14-'2309'!M14 -> 57649.56 | N14: ='2512'!N14-'2309'!N14 -> 39341.58 | O14: ='2512'!O14-'2309'!O14 -> 70752.74 | P14: ='2512'!P14-'2309'!P14 -> -30084.39 | ... T14: ='2512'!T14-'2309'!T14 -> 52416.42
C15: CSM | I15: ='2512'!I15-'2309'!I15 -> 1144.3912 | J15: ='2512'!J15-'2309'!J15 -> 15658.8 | K15: ='2512'!K15-'2309'!K15 -> 1161.22 | L15: ='2512'!L15-'2309'!L15 -> -10854.63 | M15: ='2512'!M15-'2309'!M15 -> 3507.75 | N15: ='2512'!N15-'2309'!N15 -> -1177.35 | O15: ='2512'!O15-'2309'!O15 -> 498.21 | P15: ='2512'!P15-'2309'!P15 -> 9083.23 | ... T15: ='2512'!T15-'2309'!T15 -> 6359.27
C16: (비중) | I16: ='2512'!I17-'2309'!I16 -> 0.00095962533 | J16: ='2512'!J17-'2309'!J16 -> -8.8483472e-06 | K16: ='2512'!K17-'2309'!K16 -> -0.01375742 | L16: ='2512'!L17-'2309'!L16 -> -0.024263242 | M16: ='2512'!M17-'2309'!M16 -> -0.0098367152 | N16: ='2512'!N17-'2309'!N16 -> -0.020475442 | O16: ='2512'!O17-'2309'!O16 -> -0.030790525 | P16: ='2512'!P17-'2309'!P16 -> -0.011255419 | ... T16: ='2512'!T17-'2309'!T16 -> -0.074188975
C17: RA | I17: ='2512'!I18-'2309'!I17 -> 109.44501 | J17: ='2512'!J18-'2309'!J17 -> 147 | K17: ='2512'!K18-'2309'!K17 -> 1588.78 | L17: ='2512'!L18-'2309'!L17 -> 3437.59 | M17: ='2512'!M18-'2309'!M17 -> 2549.83 | N17: ='2512'!N18-'2309'!N17 -> 242.35 | O17: ='2512'!O18-'2309'!O17 -> 939.47 | P17: ='2512'!P18-'2309'!P17 -> 4271.46 | ... T17: ='2512'!T18-'2309'!T17 -> 2874.84
C18: 자기자본 | I18: ='2512'!I19-'2309'!I18 -> -5337.7441 | J18: ='2512'!J19-'2309'!J18 -> 183776.33 | K18: ='2512'!K19-'2309'!K18 -> -50102.556 | L18: ='2512'!L19-'2309'!L18 -> -31272.933 | M18: ='2512'!M19-'2309'!M18 -> -24571.49 | N18: ='2512'!N19-'2309'!N18 -> -17362.178 | O18: ='2512'!O19-'2309'!O18 -> -15965.68 | P18: ='2512'!P19-'2309'!P18 -> 60063.078 | ... T18: ='2512'!T19-'2309'!T18 -> 5286.4888
C19: 이익잉여금 | I19: ='2512'!I22-'2309'!I19 -> 3203.5686 | J19: ='2512'!J22-'2309'!J19 -> 21418.29 | K19: ='2512'!K22-'2309'!K19 -> 11857.503 | L19: ='2512'!L22-'2309'!L19 -> 8463.8062 | M19: ='2512'!M22-'2309'!M19 -> 3872.94 | N19: ='2512'!N22-'2309'!N19 -> 3210.8457 | O19: ='2512'!O22-'2309'!O19 -> -26063.38 | P19: ='2512'!P22-'2309'!P19 -> 22256.292 | ... T19: ='2512'!T22-'2309'!T19 -> 28726.494
C20: 기타포괄 | I20: ='2512'!I24-'2309'!I20 -> -8541.3126 | J20: ='2512'!J24-'2309'!J20 -> 162358.04 | K20: ='2512'!K24-'2309'!K20 -> -45887.754 | L20: ='2512'!L24-'2309'!L20 -> -34915.19 | M20: ='2512'!M24-'2309'!M20 -> -25444.22 | N20: ='2512'!N24-'2309'!N20 -> -16564.954 | O20: ='2512'!O24-'2309'!O20 -> -16412.4 | P20: ='2512'!P24-'2309'!P20 -> 35125.948 | ... T20: ='2512'!T24-'2309'!T20 -> -24412.357
C23: [참고] 당사 FVPL 자산 현황
R24: (단위 : 억원)
C25: 구분 | I25: 일반계정 (신개인/자산연계 포함) | K25: 변액보험 | M25: 퇴직보험/ 퇴직연금(원리금보장) | O25: 퇴직연금 (실적배당형) | Q25: 합계
C27: FVPL
D28: 주식/출자금
D29: (비중)
D30: 해외주식
D31: (비중)
D32: 국내채권
D33: (비중)
D34: 해외채권
D35: (비중)
D36: 수익증권
D37: (비중)
D38: 외화수익증권
D39: (비중)
... D41: (비중)
C42: * 감독회계 기준
C45: 2. 재무건전성(잠정치)
T46: (단위 : 억원)
C47: 구분 | I47: 미래에셋생명 | J47: 삼성생명 | K47: 교보생명 | L47: 한화생명 | M47: 신한라이프 | N47: 동양생명 | O47: KB라이프 | P47: 삼성화재 | Q47: 현대해상 | R47: 메리츠화재 | S47: KB손보 | T47: DB손보
C48: K-ICS | I48: ='2512'!I51-'2309'!I48 -> -0.277 | L48: ='2512'!L51-'2309'!L48 -> -0.268 | M48: ='2512'!M51-'2309'!M48 -> -0.034 | N48: ='2512'!N51-'2309'!N48 -> -0.039 | O48: ='2512'!O51-'2309'!O48 -> -0.0477 | P48: ='2512'!P51-'2309'!P48 -> -0.0039 | Q48: ='2512'!Q51-'2309'!Q48 -> 0.18 | R48: ='2512'!R51-'2309'!R48 -> 0.105 | S48: ='2512'!S51-'2309'!S48 -> -0.0248 | T48: ='2512'!T51-'2309'!T48 -> 0.037
C49: 가용자본 | I49: ='2512'!I52-'2309'!I49 -> -3838.64 | L49: ='2512'!L52-'2309'!L49 -> 9075.48 | M49: ='2512'!M52-'2309'!M49 -> -13990 | N49: ='2512'!N52-'2309'!N49 -> -3866.99 | O49: ='2512'!O52-'2309'!O49 -> -12618.58 | P49: ='2512'!P52-'2309'!P49 -> 65993 | Q49: ='2512'!Q52-'2309'!Q49 -> 12867.56 | R49: ='2512'!R52-'2309'!R49 -> 1282.08 | S49: ='2512'!S52-'2309'!S49 -> 4124.16 | T49: ='2512'!T52-'2309'!T49 -> 22914.84
C50: 요구자본 | I50: ='2512'!I53-'2309'!I50 -> 967.22 | L50: ='2512'!L53-'2309'!L50 -> 26056.43 | M50: ='2512'!M53-'2309'!M50 -> -5908 | N50: ='2512'!N53-'2309'!N50 -> -1632.41 | O50: ='2512'!O53-'2309'!O50 -> -4184.84 | P50: ='2512'!P53-'2309'!P50 -> 25235 | Q50: ='2512'!Q53-'2309'!Q50 -> -219.04 | R50: ='2512'!R53-'2309'!R50 -> -1975.25 | S50: ='2512'!S53-'2309'!S50 -> 2937.68 | T50: ='2512'!T53-'2309'!T50 -> 8983.26
C51: * 경과조치 전
C54: 3. 손익현황
T55: (단위 : 억원)
C56: 구분 | I56: 미래에셋생명 | J56: 삼성생명 | K56: 교보생명 | L56: 한화생명 | M56: 신한라이프 | N56: 동양생명 | O56: KB라이프 | P56: 삼성화재 | Q56: 현대해상 | R56: 메리츠화재 | S56: KB손보 | T56: DB손보
C57: 보험손익 | I57: ='2512'!I60-'2309'!I57 -> 3.8400214 | J57: ='2512'!J60-'2309'!J57 -> -2313.49 | K57: ='2512'!K60-'2309'!K57 -> 2036.7623 | L57: ='2512'!L60-'2309'!L57 -> -2201.1976 | M57: ='2512'!M60-'2309'!M57 -> 2087.97 | N57: ='2512'!N60-'2309'!N57 -> -696.69046 | O57: ='2512'!O60-'2309'!O57 -> 548.07 | P57: ='2512'!P60-'2309'!P57 -> -2395.5765 | ... T57: ='2512'!T60-'2309'!T57 -> -2537.7234
D58: 손해율 | I58: ='2512'!I64-'2309'!I58 -> 0.0034022617 | J58: ='2512'!J64-'2309'!J58 -> 0.043870112 | L58: ='2512'!L64-'2309'!L58 -> 0.023043325 | N58: ='2512'!N64-'2309'!N58 -> 0.030649916 | P58: ='2512'!P64-'2309'!P58 -> 0.054586632 | R58: ='2512'!R64-'2309'!R58 -> 0.167 | S58: ='2512'!S64-'2309'!S58 -> -0.817
D59: 사업비 예실차 | F59: 예실차율 | I59: ='2512'!I66-'2309'!I59 -> 0.34584997 | J59: ='2512'!J66-'2309'!J59 -> 0.1216111 | L59: ='2512'!L66-'2309'!L59 -> 0.0094899587 | N59: ='2512'!N66-'2309'!N59 -> -0.048465362 | P59: ='2512'!P66-'2309'!P59 -> -0.01224066 | Q59: ='2512'!Q66-'2309'!Q59 -> 0.0025992475 | R59: ='2512'!R66-'2309'!R59 -> 0.0058027314 | T59: ='2512'!T66-'2309'!T59 -> -0.060452743
F60: ÷ CSM상각액 | I60: ='2512'!I67-'2309'!I60 -> 0.2332698 | J60: ='2512'!J67-'2309'!J60 -> 0.15882261 | L60: ='2512'!L67-'2309'!L60 -> 0.031126576 | N60: ='2512'!N67-'2309'!N60 -> -0.035410256 | P60: ='2512'!P67-'2309'!P60 -> -0.0055751347 | Q60: ='2512'!Q67-'2309'!Q60 -> 0.001894193 | R60: ='2512'!R67-'2309'!R60 -> 0.0025091554 | T60: ='2512'!T67-'2309'!T60 -> -0.028179085
C61: 투자손익 | I61: ='2512'!I68-'2309'!I61 -> -229.08265 | J61: ='2512'!J68-'2309'!J61 -> 8128.73 | K61: ='2512'!K68-'2309'!K61 -> 616.56275 | L61: ='2512'!L68-'2309'!L61 -> -396.7434 | M61: ='2512'!M68-'2309'!M61 -> -48.58 | N61: ='2512'!N68-'2309'!N61 -> 4.6954521 | O61: ='2512'!O68-'2309'!O61 -> -380.49 | P61: ='2512'!P68-'2309'!P61 -> 4448.4596 | ... T61: ='2512'!T68-'2309'!T61 -> 6771.2638
C62: 영업이익 | I62: ='2512'!I70-'2309'!I62 -> -225.24262 | J62: ='2512'!J70-'2309'!J62 -> 5815.24 | K62: ='2512'!K70-'2309'!K62 -> 2653.3251 | L62: ='2512'!L70-'2309'!L62 -> -2597.941 | M62: ='2512'!M70-'2309'!M62 -> 2039.39 | N62: ='2512'!N70-'2309'!N62 -> -691.99501 | O62: ='2512'!O70-'2309'!O62 -> 167.58 | P62: ='2512'!P70-'2309'!P62 -> 2052.8831 | ... T62: ='2512'!T70-'2309'!T62 -> 4233.5404
C63: 영업외손익 | I63: ='2512'!I71-'2309'!I63 -> 68.861702 | J63: ='2512'!J71-'2309'!J63 -> 788.58 | K63: ='2512'!K71-'2309'!K63 -> -1118.151 | L63: ='2512'!L71-'2309'!L63 -> 15.458211 | M63: ='2512'!M71-'2309'!M63 -> 159.02 | N63: ='2512'!N71-'2309'!N63 -> -938.18937 | O63: ='2512'!O71-'2309'!O63 -> 51.82 | P63: ='2512'!P71-'2309'!P63 -> -173.29051 | ... T63: ='2512'!T71-'2309'!T63 -> 146.53167
C64: 세전이익 | I64: ='2512'!I72-'2309'!I64 -> -156.38092 | J64: ='2512'!J72-'2309'!J64 -> 6603.82 | K64: ='2512'!K72-'2309'!K64 -> 1535.1741 | L64: ='2512'!L72-'2309'!L64 -> -2582.4828 | M64: ='2512'!M72-'2309'!M64 -> 2198.41 | N64: ='2512'!N72-'2309'!N64 -> -1630.1844 | O64: ='2512'!O72-'2309'!O64 -> 219.4 | P64: ='2512'!P72-'2309'!P64 -> 1879.5926 | ... T64: ='2512'!T72-'2309'!T64 -> 4380.072
C65: 당기순이익 | I65: ='2512'!I73-'2309'!I65 -> -343.3095 | J65: ='2512'!J73-'2309'!J65 -> 5736.99 | K65: ='2512'!K73-'2309'!K65 -> 1603.5161 | L65: ='2512'!L73-'2309'!L65 -> -2645.7259 | M65: ='2512'!M73-'2309'!M65 -> 855.85 | N65: ='2512'!N73-'2309'!N65 -> -1516.565 | O65: ='2512'!O73-'2309'!O65 -> -309.86 | P65: ='2512'!P73-'2309'!P65 -> 1031.4616 | ... T65: ='2512'!T73-'2309'!T65 -> 2724.6069
C66: * 감독회계 기준 (타사와 기준을 맞추기 위해 당사의 재보험금융손익을 투자손익에 반영, 손익보고시에는 보험손익에 반영 중)
C67: * 예실차율 = (예상-실제) / 예상, P/L기준, 보험료배분접근법 적용 제외
C69: 3-1. CSM 현황
T70: (단위 : 억원)
C71: 구분 | I71: 미래에셋생명 | J71: 삼성생명 | K71: 교보생명 | L71: 한화생명 | M71: 신한라이프 | N71: 동양생명 | O71: KB라이프 | P71: 삼성화재 | Q71: 현대해상 | R71: 메리츠화재 | S71: KB손보 | T71: DB손보
C72: CSM | I72: ='2512'!I81-'2309'!I72 -> 1144.3912 | J72: ='2512'!J81-'2309'!J72 -> 15658.8 | K72: ='2512'!K81-'2309'!K72 -> 1161.22 | L72: ='2512'!L81-'2309'!L72 -> -10854.63 | M72: ='2512'!M81-'2309'!M72 -> 3507.75 | N72: ='2512'!N81-'2309'!N72 -> -1177.35 | O72: ='2512'!O81-'2309'!O72 -> 498.21 | P72: ='2512'!P81-'2309'!P72 -> 9083.2327 | ... T72: ='2512'!T81-'2309'!T72 -> 6359.27
C73: 전기말 대비 | I73: ='2512'!I82-'2309'!I73 -> 157.2212 | J73: ='2512'!J82-'2309'!J73 -> -5874.53 | K73: ='2512'!K82-'2309'!K73 -> -9748.54 | L73: ='2512'!L82-'2309'!L73 -> -4316.58 | M73: ='2512'!M82-'2309'!M73 -> 515.74 | N73: ='2512'!N82-'2309'!N73 -> -4145.95 | O73: ='2512'!O82-'2309'!O73 -> 1594.38 | P73: ='2512'!P82-'2309'!P73 -> -9642.7046 | ... T73: ='2512'!T82-'2309'!T73 -> 1390.55
C74: (증가율) | I74: ='2512'!I83-'2309'!I74 -> 0.0087450557 | J74: ='2512'!J83-'2309'!J74 -> -0.053042821 | K74: ='2512'!K83-'2309'!K74 -> -0.15063144 | L74: ='2512'!L83-'2309'!L74 -> -0.047107765 | M74: ='2512'!M83-'2309'!M74 -> 0.0070261048 | N74: ='2512'!N83-'2309'!N74 -> -0.15802338 | O74: ='2512'!O83-'2309'!O74 -> 0.054933356 | P74: ='2512'!P83-'2309'!P74 -> -0.073133107 | ... T74: ='2512'!T83-'2309'!T74 -> 0.012142822
C75: 신계약CSM(a) | I75: ='2512'!I84-'2309'!I75 -> 3282.3412 | J75: ='2512'!J84-'2309'!J75 -> 2871.12 | K75: ='2512'!K84-'2309'!K75 -> 2526.24 | L75: ='2512'!L84-'2309'!L75 -> 2103.11 | M75: ='2512'!M84-'2309'!M75 -> 9199.32 | N75: ='2512'!N84-'2309'!N75 -> -317.54 | O75: ='2512'!O84-'2309'!O75 -> 507.95 | P75: ='2512'!P84-'2309'!P75 -> 2915.8585 | ... T75: ='2512'!T84-'2309'!T75 -> 8073.79
C76: CSM상각액(b) | I76: ='2512'!I85-'2309'!I76 -> 574.66484 | J76: ='2512'!J85-'2309'!J76 -> 4925.1 | K76: ='2512'!K85-'2309'!K76 -> 2662.1 | L76: ='2512'!L85-'2309'!L76 -> 1189.49 | M76: ='2512'!M85-'2309'!M76 -> 2181.18 | N76: ='2512'!N85-'2309'!N76 -> 517.64 | O76: ='2512'!O85-'2309'!O76 -> 845.56 | P76: ='2512'!P85-'2309'!P76 -> 4659.1852 | ... T76: ='2512'!T85-'2309'!T76 -> 3439.1
C77: (상각률) | I77: ='2512'!I86-'2309'!I77 -> -0.0036397136 | J77: ='2512'!J86-'2309'!J77 -> -0.0034605678 | K77: ='2512'!K86-'2309'!K77 -> 0.018949995 | L77: ='2512'!L86-'2309'!L77 -> -0.0022681458 | M77: ='2512'!M86-'2309'!M77 -> -0.0006104872 | N77: ='2512'!N86-'2309'!N77 -> -0.0026034939 | O77: ='2512'!O86-'2309'!O77 -> 0.00067410182 | P77: ='2512'!P86-'2309'!P77 -> -0.0041701936 | ... T77: ='2512'!T86-'2309'!T77 -> -0.0050477678
C78: 상각액Cover율(a/b) | I78: ='2512'!I87-'2309'!I78 -> 1.1964043 | J78: ='2512'!J87-'2309'!J78 -> -0.74085106 | K78: ='2512'!K87-'2309'!K78 -> -1.0132196 | L78: ='2512'!L87-'2309'!L78 -> -0.15242665 | M78: ='2512'!M87-'2309'!M78 -> 0.83467402 | N78: ='2512'!N87-'2309'!N78 -> -0.73213365 | O78: ='2512'!O87-'2309'!O78 -> -0.4346816 | P78: ='2512'!P87-'2309'!P78 -> -0.46896881 | ... T78: ='2512'!T87-'2309'!T78 -> 0.023946388
C79: 기간별 상각 금액 비중 | F79: 1년 이하 | I79: ='2512'!I88-'2309'!I79 -> 298.47236 | J79: ='2512'!J88-'2309'!J79 -> -1711.29 | K79: ='2512'!K88-'2309'!K79 -> 1370.8 | L79: ='2512'!L88-'2309'!L79 -> -772.89 | M79: ='2512'!M88-'2309'!M79 -> -2031.62 | N79: ='2512'!N88-'2309'!N79 -> #VALUE! | O79: ='2512'!O88-'2309'!O79 -> -535.42 | P79: ='2512'!P88-'2309'!P79 -> -594.12 | ... T79: ='2512'!T88-'2309'!T79 -> -2940.3
F80: 2~5년 | I80: ='2512'!I89-'2309'!I80 -> 774.74029 | J80: ='2512'!J89-'2309'!J80 -> -1563.03 | K80: ='2512'!K89-'2309'!K80 -> 5070.34 | L80: ='2512'!L89-'2309'!L80 -> -2447.76 | M80: ='2512'!M89-'2309'!M80 -> -5654.61 | N80: ='2512'!N89-'2309'!N80 -> 0 | O80: ='2512'!O89-'2309'!O80 -> -1747.16 | P80: ='2512'!P89-'2309'!P80 -> -2341.85 | ... T80: ='2512'!T89-'2309'!T80 -> -10027.8
F81: 5~10년 | I81: ='2512'!I90-'2309'!I81 -> 312.79798 | J81: ='2512'!J90-'2309'!J81 -> 18363.6 | K81: ='2512'!K90-'2309'!K81 -> 3248.1 | L81: ='2512'!L90-'2309'!L81 -> -2653.52 | M81: ='2512'!M90-'2309'!M81 -> -4373.94 | N81: ='2512'!N90-'2309'!N81 -> 0 | O81: ='2512'!O90-'2309'!O81 -> -965.31 | P81: ='2512'!P90-'2309'!P81 -> 12018.91 | ... T81: ='2512'!T90-'2309'!T81 -> -7537.44
F82: 10년 초과 | I82: ='2512'!I91-'2309'!I82 -> -241.62942 | J82: ='2512'!J91-'2309'!J82 -> 0 | K82: ='2512'!K91-'2309'!K82 -> -8528.03 | L82: ='2512'!L91-'2309'!L82 -> -4980.48 | M82: ='2512'!M91-'2309'!M82 -> 15567.94 | N82: ='2512'!N91-'2309'!N82 -> 0 | O82: ='2512'!O91-'2309'!O82 -> 3746.1 | P82: ='2512'!P91-'2309'!P82 -> 0 | ... T82: ='2512'!T91-'2309'!T82 -> 16726.08
C83: * CSM상각률 : CSM상각액 / (CSM잔액 + CSM상각액) * (4 / 분기)
C84: * 기간별 상각금액 비중 : 순부채 기준
C86: 4. 경영효율지표
C88: 구분 | I88: 미래에셋생명 | J88: 삼성생명 | K88: 교보생명 | L88: 한화생명 | M88: 신한라이프 | N88: 동양생명 | O88: KB라이프 | P88: 삼성화재 | Q88: 현대해상 | R88: 메리츠화재 | S88: KB손보 | T88: DB손보
C89: ROE | I89: ='2512'!I98-'2309'!I89 -> -0.023640571 | J89: ='2512'!J98-'2309'!J89 -> -0.0037659262 | K89: ='2512'!K98-'2309'!K89 -> 0.023210926 | L89: ='2512'!L98-'2309'!L89 -> -0.034408761 | M89: ='2512'!M98-'2309'!M89 -> 0.0093891265 | N89: ='2512'!N98-'2309'!N89 -> -0.05515133 | O89: ='2512'!O98-'2309'!O89 -> -0.010941594 | P89: ='2512'!P98-'2309'!P89 -> -0.064668422 | ... T89: ='2512'!T98-'2309'!T89 -> -0.044393458
C90: RAROC (연환산) | I90: ='2512'!I99-'2309'!I90 -> 0.1040658 | J90: ='2512'!J99-'2309'!J90 -> -0.031358214 | K90: ='2512'!K99-'2309'!K90 -> 0.0016374741 | L90: ='2512'!L99-'2309'!L90 -> -0.028924216 | M90: ='2512'!M99-'2309'!M90 -> 0.14427388 | N90: ='2512'!N99-'2309'!N90 -> -0.02565789 | O90: ='2512'!O99-'2309'!O90 -> 0.023324821 | P90: ='2512'!P99-'2309'!P90 -> -0.068699613 | ... T90: ='2512'!T99-'2309'!T90 -> 0.017994778
C91: CSM | E91: ÷ 자기자본 | I91: ='2512'!I100-'2309'!I91 -> 0.19034808 | J91: ='2512'!J100-'2309'!J91 -> -0.07202596 | K91: ='2512'!K100-'2309'!K91 -> 0.23917399 | L91: ='2512'!L100-'2309'!L91 -> -0.083363279 | M91: ='2512'!M100-'2309'!M91 -> 0.38240631 | N91: ='2512'!N100-'2309'!N91 -> 0.81442281 | O91: ='2512'!O100-'2309'!O91 -> 0.2162055 | P91: ='2512'!P100-'2309'!P91 -> -0.22001594 | ... T91: ='2512'!T100-'2309'!T91 -> -0.12883698
E92: ÷ (요구자본x150%) | I92: ='2512'!I101-'2309'!I92 -> 0.10723337 | J92: ='2512'!J101-'2309'!J92 -> -0.01605525 | K92: ='2512'!K101-'2309'!K92 -> 0.055461591 | L92: ='2512'!L101-'2309'!L92 -> -0.086415144 | M92: ='2512'!M101-'2309'!M92 -> 0.32032862 | N92: ='2512'!N101-'2309'!N92 -> 0.12815499 | O92: ='2512'!O101-'2309'!O92 -> 0.33195989 | P92: ='2512'!P101-'2309'!P92 -> -0.047396294 | ... T92: ='2512'!T101-'2309'!T92 -> 0.091535552
E93: ÷ (요구자본x180%) | I93: ='2512'!I102-'2309'!I93 -> 0.11454977 | J93: ='2512'!J102-'2309'!J93 -> -0.003172542 | K93: ='2512'!K102-'2309'!K93 -> 0.065670128 | L93: ='2512'!L102-'2309'!L93 -> -0.056645021 | M93: ='2512'!M102-'2309'!M93 -> 0.30734638 | N93: ='2512'!N102-'2309'!N93 -> 0.13470637 | O93: ='2512'!O102-'2309'!O93 -> 0.31542804 | P93: ='2512'!P102-'2309'!P93 -> -0.0069055191 | ... T93: ='2512'!T102-'2309'!T93 -> 0.10796718
C94: CSM 상각액 (연환산) | E94: ÷ 자기자본 | I94: ='2512'!I103-'2309'!I94 -> 0.017878417 | J94: ='2512'!J103-'2309'!J94 -> -0.0083728207 | K94: ='2512'!K103-'2309'!K94 -> 0.035793672 | L94: ='2512'!L103-'2309'!L94 -> -0.0079916322 | M94: ='2512'!M103-'2309'!M94 -> 0.03855535 | N94: ='2512'!N103-'2309'!N94 -> 0.081356858 | O94: ='2512'!O103-'2309'!O94 -> 0.021275039 | P94: ='2512'!P103-'2309'!P94 -> -0.02673929 | ... T94: ='2512'!T103-'2309'!T94 -> -0.017910495
E95: ÷ (요구자본x150%) | I95: ='2512'!I104-'2309'!I95 -> 0.0095780701 | J95: ='2512'!J104-'2309'!J95 -> -0.0021236524 | K95: ='2512'!K104-'2309'!K95 -> 0.017268972 | L95: ='2512'!L104-'2309'!L95 -> -0.0081294201 | M95: ='2512'!M104-'2309'!M95 -> 0.032615576 | N95: ='2512'!N104-'2309'!N95 -> 0.012481956 | O95: ='2512'!O104-'2309'!O95 -> 0.032598218 | P95: ='2512'!P104-'2309'!P95 -> -0.0071963356 | ... T95: ='2512'!T104-'2309'!T95 -> 0.0069073696
E96: ÷ (요구자본x180%) | I96: ='2512'!I105-'2309'!I96 -> 0.010500456 | J96: ='2512'!J105-'2309'!J96 -> -0.00062716508 | K96: ='2512'!K105-'2309'!K96 -> 0.016147506 | L96: ='2512'!L105-'2309'!L96 -> -0.0053860338 | M96: ='2512'!M105-'2309'!M96 -> 0.031112478 | N96: ='2512'!N105-'2309'!N96 -> 0.013204516 | O96: ='2512'!O105-'2309'!O96 -> 0.030702669 | P96: ='2512'!P105-'2309'!P96 -> -0.0022684905 | ... T96: ='2512'!T105-'2309'!T96 -> 0.0090924658
C97: * ROE = 당기순이익 / (회계정책 변경후 기시 자기자본 기준, 분기말 자기자본의 평균) * (4/분기), RAROC = 신계약CSM ÷ (요구자본x150%) * (4/분기)
C104: * IR자료
I105: CSM규모 | J105: CSM 상각률 | K105: 23년 상각액 | L105: 요구자본
E106: 23.12월말 | I106: =+[2]실적!$S$33/100 -> 20214.509 | J106: =[2]실적!$T$6/([2]실적!$S$33+[2]실적!$T$6) -> 0.089114808 | K106: =+I106*J106 -> 1801.412 | L106: =[3]SUMMARY!$I$35*10 -> 17750.819
C108: 구분 | I108: 미래에셋생명 | J108: 삼성생명 | K108: 교보생명 | L108: 한화생명 | M108: 신한라이프 | N108: 동양생명 | O108: KB라이프 | P108: 삼성화재 | Q108: 현대해상 | R108: 메리츠화재 | S108: KB손보 | T108: DB손보
C109: 24년 상각예상액 | I109: =K106 -> 1801.412 | J109: =+J72*J77 -> -54.188339 | K109: =+K72*K77 -> 22.005113 | L109: =+L72*L77 -> 24.619883 | M109: =+M72*M77 -> -2.1414365 | N109: =+N72*N77 -> 3.0652235 | O109: =+O72*O77 -> 0.33584427 | P109: =+P72*P77 -> -37.878839 | Q109: =+Q72*Q77 -> 5.5574813 | ... T109: =+T72*T77 -> -32.100118
C110: CSM ÷ (요구자본x150%) | I110: =+I106/(L106*150%) -> 0.75919535 | J110: =+J72/(J50*150%) -> #DIV/0! | K110: =+K72/(K50*150%) -> #DIV/0! | L110: =+L72/(L50*150%) -> -0.27772108 | M110: =+M72/(M50*150%) -> -0.39581923 | N110: =+N72/(N50*150%) -> 0.48082283 | O110: =+O72/(O50*150%) -> -0.079367431 | P110: =+P72/(P50*150%) -> 0.23996388 | Q110: =+Q72/(Q50*150%) -> -2.2577148 | ... T110: =+T72/(T50*150%) -> 0.47193484
G111: 당사 | I111: =+I110 -> 0.75919535 | K111: 생보 6개사 | L111: =AVERAGE(J110:O110) -> #DIV/0! | N111: 손보 5개사 | O111: =AVERAGE(P110:T110) -> -0.81555345
C112: CSM 상각액 ÷ (요구자본x150%) | I112: =+I109/(L106*150%) -> 0.067655547 | J112: =J109/(J50*150%) -> #DIV/0! | K112: =K109/(K50*150%) -> #DIV/0! | L112: =L109/(L50*150%) -> 0.00062991191 | M112: =M109/(M50*150%) -> 0.00024164257 | N112: =N109/(N50*150%) -> -0.0012518193 | O112: =O109/(O50*150%) -> -5.350173e-05 | P112: =P109/(P50*150%) -> -0.0010006958 | Q112: =Q109/(Q50*150%) -> -0.016914662 | ... T112: =T109/(T50*150%) -> -0.0023822175
G113: 당사 | I113: =+I112 -> 0.067655547 | K113: 생보 6개사 | L113: =AVERAGE(J112:O112) -> #DIV/0! | N113: 손보 5개사 | O113: =AVERAGE(P112:T112) -> -0.0043887174
