Workbook

Sheet 작업
C1: 기준월 | I1: 2512 | J1: =ROUNDUP(RIGHT(I1,2)/3,0)
C4: 1. 자산 구성현황
O7: (단위 : 억원)
C8: 구분 | I8: 미래 | J8: 삼성 | K8: 교보 | L8: 한화 | M8: 신한라이프 | N8: 동양 | O8: KB라이프 | P8: 삼성화재 | Q8: 현대해상 | R8: 메리츠화재 | S8: KB손보 | T8: DB손보
A9: =DATA!D$1 | C9: 자산 | I9: =VLOOKUP($I$1&I$8,DATA!$A:$EB,작업!$A9,0)/100 | J9: =VLOOKUP($I$1&J$8,DATA!$A:$EB,작업!$A9,0)/100 | K9: =VLOOKUP($I$1&K$8,DATA!$A:$EB,작업!$A9,0)/100 | L9: =VLOOKUP($I$1&L$8,DATA!$A:$EB,작업!$A9,0)/100 | M9: =VLOOKUP($I$1&M$8,DATA!$A:$EB,작업!$A9,0)/100 | N9: =VLOOKUP($I$1&N$8,DATA!$A:$EB,작업!$A9,0)/100 | O9: =VLOOKUP($I$1&O$8,DATA!$A:$EB,작업!$A9,0)/100 | P9: =VLOOKUP($I$1&P$8,DATA!$A:$EB,작업!$A9,0)/100 | ... T9: =VLOOKUP($I$1&T$8,DATA!$A:$EB,작업!$A9,0)/100
A10: =DATA!E1 | C10: FVPL | I10: =VLOOKUP($I$1&I$8,DATA!$A:$EB,작업!$A10,0)/100 | J10: =VLOOKUP($I$1&J$8,DATA!$A:$EB,작업!$A10,0)/100 | K10: =VLOOKUP($I$1&K$8,DATA!$A:$EB,작업!$A10,0)/100 | L10: =VLOOKUP($I$1&L$8,DATA!$A:$EB,작업!$A10,0)/100 | M10: =VLOOKUP($I$1&M$8,DATA!$A:$EB,작업!$A10,0)/100 | N10: =VLOOKUP($I$1&N$8,DATA!$A:$EB,작업!$A10,0)/100 | O10: =VLOOKUP($I$1&O$8,DATA!$A:$EB,작업!$A10,0)/100 | P10: =VLOOKUP($I$1&P$8,DATA!$A:$EB,작업!$A10,0)/100 | ... T10: =VLOOKUP($I$1&T$8,DATA!$A:$EB,작업!$A10,0)/100
C11: (비중) | I11: =I10/I9 | J11: =J10/J9 | K11: =K10/K9 | L11: =L10/L9 | M11: =M10/M9 | N11: =N10/N9 | O11: =O10/O9 | P11: =P10/P9 | ... T11: =T10/T9
A12: =DATA!F1 | C12: FVOCI | I12: =VLOOKUP($I$1&I$8,DATA!$A:$EB,작업!$A12,0)/100 | J12: =VLOOKUP($I$1&J$8,DATA!$A:$EB,작업!$A12,0)/100 | K12: =VLOOKUP($I$1&K$8,DATA!$A:$EB,작업!$A12,0)/100 | L12: =VLOOKUP($I$1&L$8,DATA!$A:$EB,작업!$A12,0)/100 | M12: =VLOOKUP($I$1&M$8,DATA!$A:$EB,작업!$A12,0)/100 | N12: =VLOOKUP($I$1&N$8,DATA!$A:$EB,작업!$A12,0)/100 | O12: =VLOOKUP($I$1&O$8,DATA!$A:$EB,작업!$A12,0)/100 | P12: =VLOOKUP($I$1&P$8,DATA!$A:$EB,작업!$A12,0)/100 | ... T12: =VLOOKUP($I$1&T$8,DATA!$A:$EB,작업!$A12,0)/100
A13: =DATA!G1 | C13: AC | I13: =VLOOKUP($I$1&I$8,DATA!$A:$EB,작업!$A13,0)/100 | J13: =VLOOKUP($I$1&J$8,DATA!$A:$EB,작업!$A13,0)/100 | K13: =VLOOKUP($I$1&K$8,DATA!$A:$EB,작업!$A13,0)/100 | L13: =VLOOKUP($I$1&L$8,DATA!$A:$EB,작업!$A13,0)/100 | M13: =VLOOKUP($I$1&M$8,DATA!$A:$EB,작업!$A13,0)/100 | N13: =VLOOKUP($I$1&N$8,DATA!$A:$EB,작업!$A13,0)/100 | O13: =VLOOKUP($I$1&O$8,DATA!$A:$EB,작업!$A13,0)/100 | P13: =VLOOKUP($I$1&P$8,DATA!$A:$EB,작업!$A13,0)/100 | ... T13: =VLOOKUP($I$1&T$8,DATA!$A:$EB,작업!$A13,0)/100
A14: =DATA!L1 | C14: 부채 | I14: =VLOOKUP($I$1&I$8,DATA!$A:$EB,작업!$A14,0)/100 | J14: =VLOOKUP($I$1&J$8,DATA!$A:$EB,작업!$A14,0)/100 | K14: =VLOOKUP($I$1&K$8,DATA!$A:$EB,작업!$A14,0)/100 | L14: =VLOOKUP($I$1&L$8,DATA!$A:$EB,작업!$A14,0)/100 | M14: =VLOOKUP($I$1&M$8,DATA!$A:$EB,작업!$A14,0)/100 | N14: =VLOOKUP($I$1&N$8,DATA!$A:$EB,작업!$A14,0)/100 | O14: =VLOOKUP($I$1&O$8,DATA!$A:$EB,작업!$A14,0)/100 | P14: =VLOOKUP($I$1&P$8,DATA!$A:$EB,작업!$A14,0)/100 | ... T14: =VLOOKUP($I$1&T$8,DATA!$A:$EB,작업!$A14,0)/100
A15: =DATA!BU1 | C15: BEL | I15: =VLOOKUP($I$1&I$8,DATA!$A:$EB,작업!$A15,0)/100 | J15: =VLOOKUP($I$1&J$8,DATA!$A:$EB,작업!$A15,0)/100 | K15: =VLOOKUP($I$1&K$8,DATA!$A:$EB,작업!$A15,0)/100 | L15: =VLOOKUP($I$1&L$8,DATA!$A:$EB,작업!$A15,0)/100 | M15: =VLOOKUP($I$1&M$8,DATA!$A:$EB,작업!$A15,0)/100 | N15: =VLOOKUP($I$1&N$8,DATA!$A:$EB,작업!$A15,0)/100 | O15: =VLOOKUP($I$1&O$8,DATA!$A:$EB,작업!$A15,0)/100 | P15: =VLOOKUP($I$1&P$8,DATA!$A:$EB,작업!$A15,0)/100 | ... T15: =VLOOKUP($I$1&T$8,DATA!$A:$EB,작업!$A15,0)/100
A16: =DATA!BW1 | C16: CSM | I16: =VLOOKUP($I$1&I$8,DATA!$A:$EB,작업!$A16,0)/100 | J16: =VLOOKUP($I$1&J$8,DATA!$A:$EB,작업!$A16,0)/100 | K16: =VLOOKUP($I$1&K$8,DATA!$A:$EB,작업!$A16,0)/100 | L16: =VLOOKUP($I$1&L$8,DATA!$A:$EB,작업!$A16,0)/100 | M16: =VLOOKUP($I$1&M$8,DATA!$A:$EB,작업!$A16,0)/100 | N16: =VLOOKUP($I$1&N$8,DATA!$A:$EB,작업!$A16,0)/100 | O16: =VLOOKUP($I$1&O$8,DATA!$A:$EB,작업!$A16,0)/100 | P16: =VLOOKUP($I$1&P$8,DATA!$A:$EB,작업!$A16,0)/100 | ... T16: =VLOOKUP($I$1&T$8,DATA!$A:$EB,작업!$A16,0)/100
C17: (비중) | I17: =I16/I14 | J17: =J16/J14 | K17: =K16/K14 | L17: =L16/L14 | M17: =M16/M14 | N17: =N16/N14 | O17: =O16/O14 | P17: =P16/P14 | ... T17: =T16/T14
A18: =DATA!BV1 | C18: RA | I18: =VLOOKUP($I$1&I$8,DATA!$A:$EB,작업!$A18,0)/100 | J18: =VLOOKUP($I$1&J$8,DATA!$A:$EB,작업!$A18,0)/100 | K18: =VLOOKUP($I$1&K$8,DATA!$A:$EB,작업!$A18,0)/100 | L18: =VLOOKUP($I$1&L$8,DATA!$A:$EB,작업!$A18,0)/100 | M18: =VLOOKUP($I$1&M$8,DATA!$A:$EB,작업!$A18,0)/100 | N18: =VLOOKUP($I$1&N$8,DATA!$A:$EB,작업!$A18,0)/100 | O18: =VLOOKUP($I$1&O$8,DATA!$A:$EB,작업!$A18,0)/100 | P18: =VLOOKUP($I$1&P$8,DATA!$A:$EB,작업!$A18,0)/100 | ... T18: =VLOOKUP($I$1&T$8,DATA!$A:$EB,작업!$A18,0)/100
A19: =DATA!N1 | C19: 자기자본_신종자본증권제외 | I19: =VLOOKUP($I$1&I$8,DATA!$A:$EB,작업!$A19,0)/100 | J19: =VLOOKUP($I$1&J$8,DATA!$A:$EB,작업!$A19,0)/100 | K19: =VLOOKUP($I$1&K$8,DATA!$A:$EB,작업!$A19,0)/100 | L19: =VLOOKUP($I$1&L$8,DATA!$A:$EB,작업!$A19,0)/100 | M19: =VLOOKUP($I$1&M$8,DATA!$A:$EB,작업!$A19,0)/100 | N19: =VLOOKUP($I$1&N$8,DATA!$A:$EB,작업!$A19,0)/100 | O19: =VLOOKUP($I$1&O$8,DATA!$A:$EB,작업!$A19,0)/100 | P19: =VLOOKUP($I$1&P$8,DATA!$A:$EB,작업!$A19,0)/100 | ... T19: =VLOOKUP($I$1&T$8,DATA!$A:$EB,작업!$A19,0)/100
C20: (전기자본 대비) | I20: =+I37 | J20: =+J37 | K20: =+K37 | L20: =+L37 | M20: =+M37 | N20: =+N37 | O20: =+O37 | P20: =+P37 | ... T20: =+T37
C21: (자본증감율) | I21: =+I20/(I19-I20) | J21: =+J20/(J19-J20) | K21: =+K20/(K19-K20) | L21: =+L20/(L19-L20) | M21: =+M20/(M19-M20) | N21: =+N20/(N19-N20) | O21: =+O20/(O19-O20) | P21: =+P20/(P19-P20) | ... T21: =+T20/(T19-T20)
A22: =DATA!R1 | C22: 이익잉여금 | I22: =VLOOKUP($I$1&I$8,DATA!$A:$EB,작업!$A22,0)/100 | J22: =VLOOKUP($I$1&J$8,DATA!$A:$EB,작업!$A22,0)/100 | K22: =VLOOKUP($I$1&K$8,DATA!$A:$EB,작업!$A22,0)/100 | L22: =VLOOKUP($I$1&L$8,DATA!$A:$EB,작업!$A22,0)/100 | M22: =VLOOKUP($I$1&M$8,DATA!$A:$EB,작업!$A22,0)/100 | N22: =VLOOKUP($I$1&N$8,DATA!$A:$EB,작업!$A22,0)/100 | O22: =VLOOKUP($I$1&O$8,DATA!$A:$EB,작업!$A22,0)/100 | P22: =VLOOKUP($I$1&P$8,DATA!$A:$EB,작업!$A22,0)/100 | ... T22: =VLOOKUP($I$1&T$8,DATA!$A:$EB,작업!$A22,0)/100
A23: =DATA!Q1 | C23: 기타포괄 | I23: =VLOOKUP($I$1&I$8,DATA!$A:$EB,작업!$A23,0)/100 | J23: =VLOOKUP($I$1&J$8,DATA!$A:$EB,작업!$A23,0)/100 | K23: =VLOOKUP($I$1&K$8,DATA!$A:$EB,작업!$A23,0)/100 | L23: =VLOOKUP($I$1&L$8,DATA!$A:$EB,작업!$A23,0)/100 | M23: =VLOOKUP($I$1&M$8,DATA!$A:$EB,작업!$A23,0)/100 | N23: =VLOOKUP($I$1&N$8,DATA!$A:$EB,작업!$A23,0)/100 | O23: =VLOOKUP($I$1&O$8,DATA!$A:$EB,작업!$A23,0)/100 | P23: =VLOOKUP($I$1&P$8,DATA!$A:$EB,작업!$A23,0)/100 | ... T23: =VLOOKUP($I$1&T$8,DATA!$A:$EB,작업!$A23,0)/100
C24: (기타포괄손익 증감) | I24: =I23-I38 | J24: =J23-J38 | K24: =K23-K38 | L24: =L23-L38 | M24: =M23-M38 | N24: =N23-N38 | O24: =O23-O38 | P24: =P23-P38 | ... T24: =T23-T38
C25: (자기자본 대비 기타포괄손익 증감율) | I25: =I24/I36 | J25: =J24/J36 | K25: =K24/K36 | L25: =L24/L36 | M25: =M24/M36 | N25: =N24/N36 | O25: =O24/O36 | P25: =P24/P36 | ... T25: =T24/T36
C26: (보험계약부채대비 기타포괄손익 증감율) | I26: =I24/I45 | J26: =J24/J45 | K26: =K24/K45 | L26: =L24/L45 | M26: =M24/M45 | N26: =N24/N45 | O26: =O24/O45 | P26: =P24/P45 | ... T26: =T24/T45
A29: =DATA!O1 | C29: 자기자본 | I29: =VLOOKUP($I$1&I$8,DATA!$A:$EB,작업!$A29,0)/100 | J29: =VLOOKUP($I$1&J$8,DATA!$A:$EB,작업!$A29,0)/100 | K29: =VLOOKUP($I$1&K$8,DATA!$A:$EB,작업!$A29,0)/100 | L29: =VLOOKUP($I$1&L$8,DATA!$A:$EB,작업!$A29,0)/100 | M29: =VLOOKUP($I$1&M$8,DATA!$A:$EB,작업!$A29,0)/100 | N29: =VLOOKUP($I$1&N$8,DATA!$A:$EB,작업!$A29,0)/100 | O29: =VLOOKUP($I$1&O$8,DATA!$A:$EB,작업!$A29,0)/100 | P29: =VLOOKUP($I$1&P$8,DATA!$A:$EB,작업!$A29,0)/100 | ... T29: =VLOOKUP($I$1&T$8,DATA!$A:$EB,작업!$A29,0)/100
C33: - 금융자산비중 | I33: =+I22/I9 | J33: =+J22/J9 | K33: =+K22/K9 | L33: =+L22/L9 | M33: =+M22/M9 | N33: =+N22/N9 | O33: =+O22/O9 | P33: =+P22/P9 | ... T33: =+T22/T9
A36: =DATA!T1 | C36: * 전기자기자본 | I36: =VLOOKUP($I$1&I$8,DATA!$A:$EB,작업!$A36,0)/100 | J36: =VLOOKUP($I$1&J$8,DATA!$A:$EB,작업!$A36,0)/100 | K36: =VLOOKUP($I$1&K$8,DATA!$A:$EB,작업!$A36,0)/100 | L36: =VLOOKUP($I$1&L$8,DATA!$A:$EB,작업!$A36,0)/100 | M36: =VLOOKUP($I$1&M$8,DATA!$A:$EB,작업!$A36,0)/100 | N36: =VLOOKUP($I$1&N$8,DATA!$A:$EB,작업!$A36,0)/100 | O36: =VLOOKUP($I$1&O$8,DATA!$A:$EB,작업!$A36,0)/100 | P36: =VLOOKUP($I$1&P$8,DATA!$A:$EB,작업!$A36,0)/100 | ... T36: =VLOOKUP($I$1&T$8,DATA!$A:$EB,작업!$A36,0)/100 | X36: =58000*(1-25%)/P36
C37: - 전기대비 증감 | I37: =I19-I36 | J37: =J19-J36 | K37: =K19-K36 | L37: =L19-L36 | M37: =M19-M36 | N37: =N19-N36 | O37: =O19-O36 | P37: =P19-P36 | ... T37: =T19-T36
A38: =DATA!BC1 | C38: * 전기기타포괄 | I38: =VLOOKUP($I$1&I$8,DATA!$A:$EB,작업!$A38,0)/100 | J38: =VLOOKUP($I$1&J$8,DATA!$A:$EB,작업!$A38,0)/100 | K38: =VLOOKUP($I$1&K$8,DATA!$A:$EB,작업!$A38,0)/100 | L38: =VLOOKUP($I$1&L$8,DATA!$A:$EB,작업!$A38,0)/100 | M38: =VLOOKUP($I$1&M$8,DATA!$A:$EB,작업!$A38,0)/100 | N38: =VLOOKUP($I$1&N$8,DATA!$A:$EB,작업!$A38,0)/100 | O38: =VLOOKUP($I$1&O$8,DATA!$A:$EB,작업!$A38,0)/100 | P38: =VLOOKUP($I$1&P$8,DATA!$A:$EB,작업!$A38,0)/100 | ... T38: =VLOOKUP($I$1&T$8,DATA!$A:$EB,작업!$A38,0)/100
A39: =DATA!BN1 | C39: 1) 결산배당 | I39: =VLOOKUP($I$1&I$8,DATA!$A:$EB,작업!$A39,0)/100 | J39: =VLOOKUP($I$1&J$8,DATA!$A:$EB,작업!$A39,0)/100 | K39: =VLOOKUP($I$1&K$8,DATA!$A:$EB,작업!$A39,0)/100 | L39: =VLOOKUP($I$1&L$8,DATA!$A:$EB,작업!$A39,0)/100 | M39: =VLOOKUP($I$1&M$8,DATA!$A:$EB,작업!$A39,0)/100 | N39: =VLOOKUP($I$1&N$8,DATA!$A:$EB,작업!$A39,0)/100 | O39: =VLOOKUP($I$1&O$8,DATA!$A:$EB,작업!$A39,0)/100 | P39: =VLOOKUP($I$1&P$8,DATA!$A:$EB,작업!$A39,0)/100 | ... T39: =VLOOKUP($I$1&T$8,DATA!$A:$EB,작업!$A39,0)/100
A40: =DATA!BR1 | C40: 2) 기타배당 | I40: =VLOOKUP($I$1&I$8,DATA!$A:$EB,작업!$A40,0)/100 | J40: =VLOOKUP($I$1&J$8,DATA!$A:$EB,작업!$A40,0)/100 | K40: =VLOOKUP($I$1&K$8,DATA!$A:$EB,작업!$A40,0)/100 | L40: =VLOOKUP($I$1&L$8,DATA!$A:$EB,작업!$A40,0)/100 | M40: =VLOOKUP($I$1&M$8,DATA!$A:$EB,작업!$A40,0)/100 | N40: =VLOOKUP($I$1&N$8,DATA!$A:$EB,작업!$A40,0)/100 | O40: =VLOOKUP($I$1&O$8,DATA!$A:$EB,작업!$A40,0)/100 | P40: =VLOOKUP($I$1&P$8,DATA!$A:$EB,작업!$A40,0)/100 | ... T40: =VLOOKUP($I$1&T$8,DATA!$A:$EB,작업!$A40,0)/100
C41: 배당합계 | I41: =I39+I40 | J41: =J39+J40 | K41: =K39+K40 | L41: =L39+L40 | M41: =M39+M40 | N41: =N39+N40 | O41: =O39+O40 | P41: =P39+P40 | ... T41: =T39+T40
C42: 배당제외 자본증가금액 | I42: =I37-I41 | J42: =J37-J41 | K42: =K37-K41 | L42: =L37-L41 | M42: =M37-M41 | N42: =N37-N41 | O42: =O37-O41 | P42: =P37-P41 | ... T42: =T37-T41
C43: - 배당제외 기준 자본증가율 | I43: =I42/I36 | J43: =J42/J36 | K43: =K42/K36 | L43: =L42/L36 | M43: =M42/M36 | N43: =N42/N36 | O43: =O42/O36 | P43: =P42/P36 | ... T43: =T42/T36
C45: * 전기 BEL+RA+CSM | I45: =전기말!I6 | J45: =전기말!J6 | K45: =전기말!K6 | L45: =전기말!L6 | M45: =전기말!M6 | N45: =전기말!N6 | O45: =전기말!O6 | P45: =전기말!P6 | ... T45: =전기말!T6
A46: =DATA!M1 | C46: 보험계약부채 | I46: =VLOOKUP($I$1&I$8,DATA!$A:$EB,작업!$A46,0)/100 | J46: =VLOOKUP($I$1&J$8,DATA!$A:$EB,작업!$A46,0)/100 | K46: =VLOOKUP($I$1&K$8,DATA!$A:$EB,작업!$A46,0)/100 | L46: =VLOOKUP($I$1&L$8,DATA!$A:$EB,작업!$A46,0)/100 | M46: =VLOOKUP($I$1&M$8,DATA!$A:$EB,작업!$A46,0)/100 | N46: =VLOOKUP($I$1&N$8,DATA!$A:$EB,작업!$A46,0)/100 | O46: =VLOOKUP($I$1&O$8,DATA!$A:$EB,작업!$A46,0)/100 | P46: =VLOOKUP($I$1&P$8,DATA!$A:$EB,작업!$A46,0)/100 | ... T46: =VLOOKUP($I$1&T$8,DATA!$A:$EB,작업!$A46,0)/100
I47: =I23/I46 | J47: =J23/J46 | K47: =K23/K46 | L47: =L23/L46 | M47: =M23/M46 | N47: =N23/N46 | O47: =O23/O46 | P47: =P23/P46 | ... T47: =T23/T46
I48: =I72/I46 | J48: =J72/J46 | K48: =K72/K46 | L48: =L72/L46 | M48: =M72/M46 | N48: =N72/N46 | O48: =O72/O46 | P48: =P72/P46 | ... T48: =T72/T46
C49: *전기보험계약부채
A55: =DATA!BM1 | C55: * 전기말 이익잉여금 | I55: =VLOOKUP($I$1&I$8,DATA!$A:$EB,작업!$A55,0)/100 | J55: =VLOOKUP($I$1&J$8,DATA!$A:$EB,작업!$A55,0)/100 | K55: =VLOOKUP($I$1&K$8,DATA!$A:$EB,작업!$A55,0)/100 | L55: =VLOOKUP($I$1&L$8,DATA!$A:$EB,작업!$A55,0)/100 | M55: =VLOOKUP($I$1&M$8,DATA!$A:$EB,작업!$A55,0)/100 | N55: =VLOOKUP($I$1&N$8,DATA!$A:$EB,작업!$A55,0)/100 | O55: =VLOOKUP($I$1&O$8,DATA!$A:$EB,작업!$A55,0)/100 | P55: =VLOOKUP($I$1&P$8,DATA!$A:$EB,작업!$A55,0)/100 | ... T55: =VLOOKUP($I$1&T$8,DATA!$A:$EB,작업!$A55,0)/100
D56: 전기말 대비 | I56: =+I22-I55 | J56: =+J22-J55 | K56: =+K22-K55 | L56: =+L22-L55 | M56: =+M22-M55 | N56: =+N22-N55 | O56: =+O22-O55 | P56: =+P22-P55 | ... T56: =+T22-T55
C60: 2. 자본 세부
T61: (단위 : 억원)
C62: 구분 | I62: 미래에셋생명 | J62: 삼성생명 | K62: 교보생명 | L62: 한화생명 | M62: 신한라이프 | N62: 동양생명 | O62: KB라이프 | P62: 삼성화재 | Q62: 현대해상 | R62: 메리츠화재 | S62: KB손보 | T62: DB손보
C63: 이익잉여금 | I63: =I22 | J63: =J22 | K63: =K22 | L63: =L22 | M63: =M22 | N63: =N22 | O63: =O22 | P63: =P22 | ... T63: =T22
A64: =DATA!CU1 | C64: 해약환급금준비금 | I64: =VLOOKUP($I$1&I$8,DATA!$A:$EB,작업!$A64,0)/100 | J64: =VLOOKUP($I$1&J$8,DATA!$A:$EB,작업!$A64,0)/100 | K64: =VLOOKUP($I$1&K$8,DATA!$A:$EB,작업!$A64,0)/100 | L64: =VLOOKUP($I$1&L$8,DATA!$A:$EB,작업!$A64,0)/100 | M64: =VLOOKUP($I$1&M$8,DATA!$A:$EB,작업!$A64,0)/100 | N64: =VLOOKUP($I$1&N$8,DATA!$A:$EB,작업!$A64,0)/100 | O64: =VLOOKUP($I$1&O$8,DATA!$A:$EB,작업!$A64,0)/100 | P64: =VLOOKUP($I$1&P$8,DATA!$A:$EB,작업!$A64,0)/100 | ... T64: =VLOOKUP($I$1&T$8,DATA!$A:$EB,작업!$A64,0)/100
C65: (이익잉여금 대비 해약환급금 준비금 비율) | I65: =I64/I63 | J65: =J64/J63 | K65: =K64/K63 | L65: =L64/L63 | M65: =M64/M63 | N65: =N64/N63 | O65: =O64/O63 | P65: =P64/P63 | ... T65: =T64/T63
C66: (자기자본 대비 해약환급금 준비금 비율) | I66: =I64/I19 | J66: =J64/J19 | K66: =K64/K19 | L66: =L64/L19 | M66: =M64/M19 | N66: =N64/N19 | O66: =O64/O19 | P66: =P64/P19 | ... T66: =T64/T19
A67: =DATA!X1 | C67: 기타포괄손익 | I67: =VLOOKUP($I$1&I$8,DATA!$A:$EB,작업!$A67,0)/100 | J67: =VLOOKUP($I$1&J$8,DATA!$A:$EB,작업!$A67,0)/100 | K67: =VLOOKUP($I$1&K$8,DATA!$A:$EB,작업!$A67,0)/100 | L67: =VLOOKUP($I$1&L$8,DATA!$A:$EB,작업!$A67,0)/100 | M67: =VLOOKUP($I$1&M$8,DATA!$A:$EB,작업!$A67,0)/100 | N67: =VLOOKUP($I$1&N$8,DATA!$A:$EB,작업!$A67,0)/100 | O67: =VLOOKUP($I$1&O$8,DATA!$A:$EB,작업!$A67,0)/100 | P67: =VLOOKUP($I$1&P$8,DATA!$A:$EB,작업!$A67,0)/100 | ... T67: =VLOOKUP($I$1&T$8,DATA!$A:$EB,작업!$A67,0)/100
C68: FVOCI평가손익 (현금흐름위험회피파생평가손익 포함) | I68: =I79+I80 | J68: =J79+J80 | K68: =K79+K80 | L68: =L79+L80 | M68: =M79+M80 | N68: =N79+N80 | O68: =O79+O80 | P68: =P79+P80 | ... T68: =T79+T80
D69: 전기대비 | I69: =+I68-I84 | J69: =+J68-J84 | K69: =+K68-K84 | L69: =+L68-L84 | M69: =+M68-M84 | N69: =+N68-N84 | O69: =+O68-O84 | P69: =+P68-P84 | ... T69: =+T68-T84
E70: 운용자산대비 증감율 | I70: =I69/I77 | J70: =J69/J77 | K70: =K69/K77 | L70: =L69/L77 | M70: =M69/M77 | N70: =N69/N77 | O70: =O69/O77 | P70: =P69/P77 | ... T70: =T69/T77
C71: 보험부채순금융손익(재보포함) | I71: =+I81+I82 | J71: =+J81+J82 | K71: =+K81+K82 | L71: =+L81+L82 | M71: =+M81+M82 | N71: =+N81+N82 | O71: =+O81+O82 | P71: =+P81+P82 | ... T71: =+T81+T82
D72: 전기대비 | I72: =I71-I85 | J72: =J71-J85 | K72: =K71-K85 | L72: =L71-L85 | M72: =M71-M85 | N72: =N71-N85 | O72: =O71-O85 | P72: =P71-P85 | ... T72: =T71-T85
D73: 보험부채대비 증감율 | I73: =I72/I45 | J73: =J72/J45 | K73: =K72/K45 | L73: =L72/L45 | M73: =M72/M45 | N73: =N72/N45 | O73: =O72/O45 | P73: =P72/P45 | ... T73: =T72/T45
A74: =DATA!V1 | C74: 운용자산 | I74: =VLOOKUP($I$1&I$8,DATA!$A:$EB,작업!$A74,0)/100 | J74: =VLOOKUP($I$1&J$8,DATA!$A:$EB,작업!$A74,0)/100 | K74: =VLOOKUP($I$1&K$8,DATA!$A:$EB,작업!$A74,0)/100 | L74: =VLOOKUP($I$1&L$8,DATA!$A:$EB,작업!$A74,0)/100 | M74: =VLOOKUP($I$1&M$8,DATA!$A:$EB,작업!$A74,0)/100 | N74: =VLOOKUP($I$1&N$8,DATA!$A:$EB,작업!$A74,0)/100 | O74: =VLOOKUP($I$1&O$8,DATA!$A:$EB,작업!$A74,0)/100 | P74: =VLOOKUP($I$1&P$8,DATA!$A:$EB,작업!$A74,0)/100 | ... T74: =VLOOKUP($I$1&T$8,DATA!$A:$EB,작업!$A74,0)/100
C75: 레버리지비율(운용자산/자본) | I75: =I74/I29 | J75: =J74/J29 | K75: =K74/K29 | L75: =L74/L29 | M75: =M74/M29 | N75: =N74/N29 | O75: =O74/O29 | P75: =P74/P29 | ... T75: =T74/T29
D77: 전기운용자산 | I77: =전기말!I18 | J77: =전기말!J18 | K77: =전기말!K18 | L77: =전기말!L18 | M77: =전기말!M18 | N77: =전기말!N18 | O77: =전기말!O18 | P77: =전기말!P18 | ... T77: =전기말!T18
A79: =DATA!Y1 | C79: FVOCI평가손익 | I79: =VLOOKUP($I$1&I$8,DATA!$A:$EB,작업!$A79,0)/100 | J79: =VLOOKUP($I$1&J$8,DATA!$A:$EB,작업!$A79,0)/100 | K79: =VLOOKUP($I$1&K$8,DATA!$A:$EB,작업!$A79,0)/100 | L79: =VLOOKUP($I$1&L$8,DATA!$A:$EB,작업!$A79,0)/100 | M79: =VLOOKUP($I$1&M$8,DATA!$A:$EB,작업!$A79,0)/100 | N79: =VLOOKUP($I$1&N$8,DATA!$A:$EB,작업!$A79,0)/100 | O79: =VLOOKUP($I$1&O$8,DATA!$A:$EB,작업!$A79,0)/100 | P79: =VLOOKUP($I$1&P$8,DATA!$A:$EB,작업!$A79,0)/100 | ... T79: =VLOOKUP($I$1&T$8,DATA!$A:$EB,작업!$A79,0)/100
A80: =DATA!AB1 | C80: 현금흐름위험회피 | I80: =VLOOKUP($I$1&I$8,DATA!$A:$EB,작업!$A80,0)/100 | J80: =VLOOKUP($I$1&J$8,DATA!$A:$EB,작업!$A80,0)/100 | K80: =VLOOKUP($I$1&K$8,DATA!$A:$EB,작업!$A80,0)/100 | L80: =VLOOKUP($I$1&L$8,DATA!$A:$EB,작업!$A80,0)/100 | M80: =VLOOKUP($I$1&M$8,DATA!$A:$EB,작업!$A80,0)/100 | N80: =VLOOKUP($I$1&N$8,DATA!$A:$EB,작업!$A80,0)/100 | O80: =VLOOKUP($I$1&O$8,DATA!$A:$EB,작업!$A80,0)/100 | P80: =VLOOKUP($I$1&P$8,DATA!$A:$EB,작업!$A80,0)/100 | ... T80: =VLOOKUP($I$1&T$8,DATA!$A:$EB,작업!$A80,0)/100
A81: =+DATA!Z1 | C81: 보험계약자산(부채)순금융손익 | I81: =VLOOKUP($I$1&I$8,DATA!$A:$EB,작업!$A81,0)/100 | J81: =VLOOKUP($I$1&J$8,DATA!$A:$EB,작업!$A81,0)/100 | K81: =VLOOKUP($I$1&K$8,DATA!$A:$EB,작업!$A81,0)/100 | L81: =VLOOKUP($I$1&L$8,DATA!$A:$EB,작업!$A81,0)/100 | M81: =VLOOKUP($I$1&M$8,DATA!$A:$EB,작업!$A81,0)/100 | N81: =VLOOKUP($I$1&N$8,DATA!$A:$EB,작업!$A81,0)/100 | O81: =VLOOKUP($I$1&O$8,DATA!$A:$EB,작업!$A81,0)/100 | P81: =VLOOKUP($I$1&P$8,DATA!$A:$EB,작업!$A81,0)/100 | ... T81: =VLOOKUP($I$1&T$8,DATA!$A:$EB,작업!$A81,0)/100
A82: =+DATA!AA1 | C82: 재보험계약자산(부채) | I82: =VLOOKUP($I$1&I$8,DATA!$A:$EB,작업!$A82,0)/100 | J82: =VLOOKUP($I$1&J$8,DATA!$A:$EB,작업!$A82,0)/100 | K82: =VLOOKUP($I$1&K$8,DATA!$A:$EB,작업!$A82,0)/100 | L82: =VLOOKUP($I$1&L$8,DATA!$A:$EB,작업!$A82,0)/100 | M82: =VLOOKUP($I$1&M$8,DATA!$A:$EB,작업!$A82,0)/100 | N82: =VLOOKUP($I$1&N$8,DATA!$A:$EB,작업!$A82,0)/100 | O82: =VLOOKUP($I$1&O$8,DATA!$A:$EB,작업!$A82,0)/100 | P82: =VLOOKUP($I$1&P$8,DATA!$A:$EB,작업!$A82,0)/100 | ... T82: =VLOOKUP($I$1&T$8,DATA!$A:$EB,작업!$A82,0)/100
C84: 전기 FVOCI평가손익 (현금흐름위험회피파생평가손익 포함) | I84: =전기말!I11+전기말!I12 | J84: =전기말!J11+전기말!J12 | K84: =전기말!K11+전기말!K12 | L84: =전기말!L11+전기말!L12 | M84: =전기말!M11+전기말!M12 | N84: =전기말!N11+전기말!N12 | O84: =전기말!O11+전기말!O12 | P84: =전기말!P11+전기말!P12 | ... T84: =전기말!T11+전기말!T12
C85: 전기 보험부채순금융손익(재보포함) | I85: =+전기말!I13+전기말!I14 | J85: =+전기말!J13+전기말!J14 | K85: =+전기말!K13+전기말!K14 | L85: =+전기말!L13+전기말!L14 | M85: =+전기말!M13+전기말!M14 | N85: =+전기말!N13+전기말!N14 | O85: =+전기말!O13+전기말!O14 | P85: =+전기말!P13+전기말!P14 | ... T85: =+전기말!T13+전기말!T14
C89: 2. 재무건전성(잠정치)
T90: (단위 : 억원)
C91: 구분 | I91: 미래에셋생명 | J91: 삼성생명 | K91: 교보생명 | L91: 한화생명 | M91: 신한라이프 | N91: 동양생명 | O91: KB라이프 | P91: 삼성화재 | Q91: 현대해상 | R91: 메리츠화재 | S91: KB손보 | T91: DB손보
A92: =DATA!$CN$1 | C92: K-ICS | I92: =VLOOKUP($I$1&I$8,DATA!$A:$EB,작업!$A92,0) | J92: =VLOOKUP($I$1&J$8,DATA!$A:$EB,작업!$A92,0) | K92: =VLOOKUP($I$1&K$8,DATA!$A:$EB,작업!$A92,0) | L92: =VLOOKUP($I$1&L$8,DATA!$A:$EB,작업!$A92,0) | M92: =VLOOKUP($I$1&M$8,DATA!$A:$EB,작업!$A92,0) | N92: =VLOOKUP($I$1&N$8,DATA!$A:$EB,작업!$A92,0) | O92: =VLOOKUP($I$1&O$8,DATA!$A:$EB,작업!$A92,0) | P92: =VLOOKUP($I$1&P$8,DATA!$A:$EB,작업!$A92,0) | ... T92: =VLOOKUP($I$1&T$8,DATA!$A:$EB,작업!$A92,0)
A93: =DATA!$CO$1 | C93: 가용자본 | I93: =VLOOKUP($I$1&I$8,DATA!$A:$EB,작업!$A93,0)/100 | J93: =VLOOKUP($I$1&J$8,DATA!$A:$EB,작업!$A93,0)/100 | K93: =VLOOKUP($I$1&K$8,DATA!$A:$EB,작업!$A93,0)/100 | L93: =VLOOKUP($I$1&L$8,DATA!$A:$EB,작업!$A93,0)/100 | M93: =VLOOKUP($I$1&M$8,DATA!$A:$EB,작업!$A93,0)/100 | N93: =VLOOKUP($I$1&N$8,DATA!$A:$EB,작업!$A93,0)/100 | O93: =VLOOKUP($I$1&O$8,DATA!$A:$EB,작업!$A93,0)/100 | P93: =VLOOKUP($I$1&P$8,DATA!$A:$EB,작업!$A93,0)/100 | ... T93: =VLOOKUP($I$1&T$8,DATA!$A:$EB,작업!$A93,0)/100
A94: =DATA!$CP$1 | C94: 요구자본 | I94: =VLOOKUP($I$1&I$8,DATA!$A:$EB,작업!$A94,0)/100 | J94: =VLOOKUP($I$1&J$8,DATA!$A:$EB,작업!$A94,0)/100 | K94: =VLOOKUP($I$1&K$8,DATA!$A:$EB,작업!$A94,0)/100 | L94: =VLOOKUP($I$1&L$8,DATA!$A:$EB,작업!$A94,0)/100 | M94: =VLOOKUP($I$1&M$8,DATA!$A:$EB,작업!$A94,0)/100 | N94: =VLOOKUP($I$1&N$8,DATA!$A:$EB,작업!$A94,0)/100 | O94: =VLOOKUP($I$1&O$8,DATA!$A:$EB,작업!$A94,0)/100 | P94: =VLOOKUP($I$1&P$8,DATA!$A:$EB,작업!$A94,0)/100 | ... T94: =VLOOKUP($I$1&T$8,DATA!$A:$EB,작업!$A94,0)/100
C95: * 경과조치 전
C97: 3. 재무건전성(확정치)
T98: (단위 : 억원)
C99: 구분 | I99: 미래에셋생명 | J99: 삼성생명 | K99: 교보생명 | L99: 한화생명 | M99: 신한라이프 | N99: 동양생명 | O99: KB라이프 | P99: 삼성화재 | Q99: 현대해상 | R99: 메리츠화재 | S99: KB손보 | T99: DB손보
A100: =DATA!$CQ$1 | C100: K-ICS | I100: =VLOOKUP($I$1&I$8,DATA!$A:$EB,작업!$A100,0) | J100: =VLOOKUP($I$1&J$8,DATA!$A:$EB,작업!$A100,0) | K100: =VLOOKUP($I$1&K$8,DATA!$A:$EB,작업!$A100,0) | L100: =VLOOKUP($I$1&L$8,DATA!$A:$EB,작업!$A100,0) | M100: =VLOOKUP($I$1&M$8,DATA!$A:$EB,작업!$A100,0) | N100: =VLOOKUP($I$1&N$8,DATA!$A:$EB,작업!$A100,0) | O100: =VLOOKUP($I$1&O$8,DATA!$A:$EB,작업!$A100,0) | P100: =VLOOKUP($I$1&P$8,DATA!$A:$EB,작업!$A100,0) | ... T100: =VLOOKUP($I$1&T$8,DATA!$A:$EB,작업!$A100,0)
A101: =DATA!$CR$1 | C101: 가용자본 | I101: =VLOOKUP($I$1&I$8,DATA!$A:$EB,작업!$A101,0)/100 | J101: =VLOOKUP($I$1&J$8,DATA!$A:$EB,작업!$A101,0)/100 | K101: =VLOOKUP($I$1&K$8,DATA!$A:$EB,작업!$A101,0)/100 | L101: =VLOOKUP($I$1&L$8,DATA!$A:$EB,작업!$A101,0)/100 | M101: =VLOOKUP($I$1&M$8,DATA!$A:$EB,작업!$A101,0)/100 | N101: =VLOOKUP($I$1&N$8,DATA!$A:$EB,작업!$A101,0)/100 | O101: =VLOOKUP($I$1&O$8,DATA!$A:$EB,작업!$A101,0)/100 | P101: =VLOOKUP($I$1&P$8,DATA!$A:$EB,작업!$A101,0)/100 | ... T101: =VLOOKUP($I$1&T$8,DATA!$A:$EB,작업!$A101,0)/100
A102: =DATA!$CS$1 | C102: 요구자본 | I102: =VLOOKUP($I$1&I$8,DATA!$A:$EB,작업!$A102,0)/100 | J102: =VLOOKUP($I$1&J$8,DATA!$A:$EB,작업!$A102,0)/100 | K102: =VLOOKUP($I$1&K$8,DATA!$A:$EB,작업!$A102,0)/100 | L102: =VLOOKUP($I$1&L$8,DATA!$A:$EB,작업!$A102,0)/100 | M102: =VLOOKUP($I$1&M$8,DATA!$A:$EB,작업!$A102,0)/100 | N102: =VLOOKUP($I$1&N$8,DATA!$A:$EB,작업!$A102,0)/100 | O102: =VLOOKUP($I$1&O$8,DATA!$A:$EB,작업!$A102,0)/100 | P102: =VLOOKUP($I$1&P$8,DATA!$A:$EB,작업!$A102,0)/100 | ... T102: =VLOOKUP($I$1&T$8,DATA!$A:$EB,작업!$A102,0)/100
C103: * 경과조치 전
C104: 전기말 | I104: =전기말!I16 | J104: =전기말!J16 | K104: =전기말!K16 | L104: =전기말!L16 | M104: =전기말!M16 | N104: =전기말!N16 | O104: =전기말!O16 | P104: =전기말!P16 | ... T104: =전기말!T16
I105: =+I100-I104 | J105: =+J100-J104 | K105: =+K100-K104 | L105: =+L100-L104 | M105: =+M100-M104 | N105: =+N100-N104 | O105: =+O100-O104 | P105: =+P100-P104 | ... T105: =+T100-T104
C106: 3. 손익현황
T107: (단위 : 억원)
C108: 구분 | I108: 미래에셋생명 | J108: 삼성생명 | K108: 교보생명 | L108: 한화생명 | M108: 신한라이프 | N108: 동양생명 | O108: KB라이프 | P108: 삼성화재 | Q108: 현대해상 | R108: 메리츠화재 | S108: KB손보 | T108: DB손보
A109: =DATA!AV1 | C109: 보험손익 | I109: =VLOOKUP($I$1&I$8,DATA!$A:$EB,작업!$A109,0)/100 | J109: =VLOOKUP($I$1&J$8,DATA!$A:$EB,작업!$A109,0)/100 | K109: =VLOOKUP($I$1&K$8,DATA!$A:$EB,작업!$A109,0)/100 | L109: =VLOOKUP($I$1&L$8,DATA!$A:$EB,작업!$A109,0)/100 | M109: =VLOOKUP($I$1&M$8,DATA!$A:$EB,작업!$A109,0)/100 | N109: =VLOOKUP($I$1&N$8,DATA!$A:$EB,작업!$A109,0)/100 | O109: =VLOOKUP($I$1&O$8,DATA!$A:$EB,작업!$A109,0)/100 | P109: =VLOOKUP($I$1&P$8,DATA!$A:$EB,작업!$A109,0)/100 | ... T109: =VLOOKUP($I$1&T$8,DATA!$A:$EB,작업!$A109,0)/100
A110: =DATA!DC1 | D110: 손해율 | I110: =VLOOKUP($I$1&I$8,DATA!$A:$EB,작업!$A110,0) | J110: =VLOOKUP($I$1&J$8,DATA!$A:$EB,작업!$A110,0) | K110: =VLOOKUP($I$1&K$8,DATA!$A:$EB,작업!$A110,0) | L110: =VLOOKUP($I$1&L$8,DATA!$A:$EB,작업!$A110,0) | M110: =VLOOKUP($I$1&M$8,DATA!$A:$EB,작업!$A110,0) | N110: =VLOOKUP($I$1&N$8,DATA!$A:$EB,작업!$A110,0) | O110: =VLOOKUP($I$1&O$8,DATA!$A:$EB,작업!$A110,0) | P110: =VLOOKUP($I$1&P$8,DATA!$A:$EB,작업!$A110,0) | ... T110: =VLOOKUP($I$1&T$8,DATA!$A:$EB,작업!$A110,0)
A111: =DATA!CZ1 | D111: 실제보험금/예상보험금 | I111: =VLOOKUP($I$1&I$8,DATA!$A:$EB,작업!$A111,0) | J111: =VLOOKUP($I$1&J$8,DATA!$A:$EB,작업!$A111,0) | K111: =VLOOKUP($I$1&K$8,DATA!$A:$EB,작업!$A111,0) | L111: =VLOOKUP($I$1&L$8,DATA!$A:$EB,작업!$A111,0) | M111: =VLOOKUP($I$1&M$8,DATA!$A:$EB,작업!$A111,0) | N111: =VLOOKUP($I$1&N$8,DATA!$A:$EB,작업!$A111,0) | O111: =VLOOKUP($I$1&O$8,DATA!$A:$EB,작업!$A111,0) | P111: =VLOOKUP($I$1&P$8,DATA!$A:$EB,작업!$A111,0) | ... T111: =VLOOKUP($I$1&T$8,DATA!$A:$EB,작업!$A111,0)
D112: 사업비 예실차 | F112: 예실차율 | I112: =I123/I125 | J112: =J123/J125 | K112: =K123/K125 | L112: =L123/L125 | M112: =M123/M125 | N112: =N123/N125 | O112: =O123/O125 | P112: =P123/P125 | ... T112: =T123/T125
F113: ÷ CSM상각액 | I113: =I123/I126 | J113: =J123/J126 | K113: =K123/K126 | L113: =L123/L126 | M113: =M123/M126 | N113: =N123/N126 | O113: =O123/O126 | P113: =P123/P126 | ... T113: =T123/T126
A114: =DATA!AW1 | C114: 투자손익 | I114: =VLOOKUP($I$1&I$8,DATA!$A:$EB,작업!$A114,0)/100 | J114: =VLOOKUP($I$1&J$8,DATA!$A:$EB,작업!$A114,0)/100 | K114: =VLOOKUP($I$1&K$8,DATA!$A:$EB,작업!$A114,0)/100 | L114: =VLOOKUP($I$1&L$8,DATA!$A:$EB,작업!$A114,0)/100 | M114: =VLOOKUP($I$1&M$8,DATA!$A:$EB,작업!$A114,0)/100 | N114: =VLOOKUP($I$1&N$8,DATA!$A:$EB,작업!$A114,0)/100 | O114: =VLOOKUP($I$1&O$8,DATA!$A:$EB,작업!$A114,0)/100 | P114: =VLOOKUP($I$1&P$8,DATA!$A:$EB,작업!$A114,0)/100 | ... T114: =VLOOKUP($I$1&T$8,DATA!$A:$EB,작업!$A114,0)/100
C115: 영업이익 | I115: =I109+I114 | J115: =J109+J114 | K115: =K109+K114 | L115: =L109+L114 | M115: =M109+M114 | N115: =N109+N114 | O115: =O109+O114 | P115: =P109+P114 | ... T115: =T109+T114
A116: =DATA!AX1 | C116: 영업외손익 | I116: =VLOOKUP($I$1&I$8,DATA!$A:$EB,작업!$A116,0)/100 | J116: =VLOOKUP($I$1&J$8,DATA!$A:$EB,작업!$A116,0)/100 | K116: =VLOOKUP($I$1&K$8,DATA!$A:$EB,작업!$A116,0)/100 | L116: =VLOOKUP($I$1&L$8,DATA!$A:$EB,작업!$A116,0)/100 | M116: =VLOOKUP($I$1&M$8,DATA!$A:$EB,작업!$A116,0)/100 | N116: =VLOOKUP($I$1&N$8,DATA!$A:$EB,작업!$A116,0)/100 | O116: =VLOOKUP($I$1&O$8,DATA!$A:$EB,작업!$A116,0)/100 | P116: =VLOOKUP($I$1&P$8,DATA!$A:$EB,작업!$A116,0)/100 | ... T116: =VLOOKUP($I$1&T$8,DATA!$A:$EB,작업!$A116,0)/100
A117: =DATA!AY1 | C117: 세전이익 | I117: =VLOOKUP($I$1&I$8,DATA!$A:$EB,작업!$A117,0)/100 | J117: =VLOOKUP($I$1&J$8,DATA!$A:$EB,작업!$A117,0)/100 | K117: =VLOOKUP($I$1&K$8,DATA!$A:$EB,작업!$A117,0)/100 | L117: =VLOOKUP($I$1&L$8,DATA!$A:$EB,작업!$A117,0)/100 | M117: =VLOOKUP($I$1&M$8,DATA!$A:$EB,작업!$A117,0)/100 | N117: =VLOOKUP($I$1&N$8,DATA!$A:$EB,작업!$A117,0)/100 | O117: =VLOOKUP($I$1&O$8,DATA!$A:$EB,작업!$A117,0)/100 | P117: =VLOOKUP($I$1&P$8,DATA!$A:$EB,작업!$A117,0)/100 | ... T117: =VLOOKUP($I$1&T$8,DATA!$A:$EB,작업!$A117,0)/100
A118: =DATA!AR1 | C118: 당기순이익 | I118: =VLOOKUP($I$1&I$8,DATA!$A:$EB,작업!$A118,0)/100 | J118: =VLOOKUP($I$1&J$8,DATA!$A:$EB,작업!$A118,0)/100 | K118: =VLOOKUP($I$1&K$8,DATA!$A:$EB,작업!$A118,0)/100 | L118: =VLOOKUP($I$1&L$8,DATA!$A:$EB,작업!$A118,0)/100 | M118: =VLOOKUP($I$1&M$8,DATA!$A:$EB,작업!$A118,0)/100 | N118: =VLOOKUP($I$1&N$8,DATA!$A:$EB,작업!$A118,0)/100 | O118: =VLOOKUP($I$1&O$8,DATA!$A:$EB,작업!$A118,0)/100 | P118: =VLOOKUP($I$1&P$8,DATA!$A:$EB,작업!$A118,0)/100 | ... T118: =VLOOKUP($I$1&T$8,DATA!$A:$EB,작업!$A118,0)/100
C119: * 예실차율(P/L 기준) = (예상-실제) / 예상, P/L기준, 보험료배분접근법 적용 제외
C122: * 예실차율
A123: =DATA!DK1 | E123: 사업비예실차 | I123: =VLOOKUP($I$1&I$8,DATA!$A:$EB,작업!$A123,0)/100 | J123: =VLOOKUP($I$1&J$8,DATA!$A:$EB,작업!$A123,0)/100 | K123: =VLOOKUP($I$1&K$8,DATA!$A:$EB,작업!$A123,0)/100 | L123: =VLOOKUP($I$1&L$8,DATA!$A:$EB,작업!$A123,0)/100 | M123: =VLOOKUP($I$1&M$8,DATA!$A:$EB,작업!$A123,0)/100 | N123: =VLOOKUP($I$1&N$8,DATA!$A:$EB,작업!$A123,0)/100 | O123: =VLOOKUP($I$1&O$8,DATA!$A:$EB,작업!$A123,0)/100 | P123: =VLOOKUP($I$1&P$8,DATA!$A:$EB,작업!$A123,0)/100 | ... T123: =VLOOKUP($I$1&T$8,DATA!$A:$EB,작업!$A123,0)/100
A124: =DATA!DI1 | E124: 예상보험금 | I124: =VLOOKUP($I$1&I$8,DATA!$A:$EB,작업!$A124,0)/100 | J124: =VLOOKUP($I$1&J$8,DATA!$A:$EB,작업!$A124,0)/100 | K124: =VLOOKUP($I$1&K$8,DATA!$A:$EB,작업!$A124,0)/100 | L124: =VLOOKUP($I$1&L$8,DATA!$A:$EB,작업!$A124,0)/100 | M124: =VLOOKUP($I$1&M$8,DATA!$A:$EB,작업!$A124,0)/100 | N124: =VLOOKUP($I$1&N$8,DATA!$A:$EB,작업!$A124,0)/100 | O124: =VLOOKUP($I$1&O$8,DATA!$A:$EB,작업!$A124,0)/100 | P124: =VLOOKUP($I$1&P$8,DATA!$A:$EB,작업!$A124,0)/100 | ... T124: =VLOOKUP($I$1&T$8,DATA!$A:$EB,작업!$A124,0)/100
A125: =DATA!DL1 | E125: 예상사업비 | I125: =VLOOKUP($I$1&I$8,DATA!$A:$EB,작업!$A125,0)/100 | J125: =VLOOKUP($I$1&J$8,DATA!$A:$EB,작업!$A125,0)/100 | K125: =VLOOKUP($I$1&K$8,DATA!$A:$EB,작업!$A125,0)/100 | L125: =VLOOKUP($I$1&L$8,DATA!$A:$EB,작업!$A125,0)/100 | M125: =VLOOKUP($I$1&M$8,DATA!$A:$EB,작업!$A125,0)/100 | N125: =VLOOKUP($I$1&N$8,DATA!$A:$EB,작업!$A125,0)/100 | O125: =VLOOKUP($I$1&O$8,DATA!$A:$EB,작업!$A125,0)/100 | P125: =VLOOKUP($I$1&P$8,DATA!$A:$EB,작업!$A125,0)/100 | ... T125: =VLOOKUP($I$1&T$8,DATA!$A:$EB,작업!$A125,0)/100
A126: =DATA!BY1 | E126: CSM상각액 | I126: =VLOOKUP($I$1&I$8,DATA!$A:$EB,작업!$A126,0)/100 | J126: =VLOOKUP($I$1&J$8,DATA!$A:$EB,작업!$A126,0)/100 | K126: =VLOOKUP($I$1&K$8,DATA!$A:$EB,작업!$A126,0)/100 | L126: =VLOOKUP($I$1&L$8,DATA!$A:$EB,작업!$A126,0)/100 | M126: =VLOOKUP($I$1&M$8,DATA!$A:$EB,작업!$A126,0)/100 | N126: =VLOOKUP($I$1&N$8,DATA!$A:$EB,작업!$A126,0)/100 | O126: =VLOOKUP($I$1&O$8,DATA!$A:$EB,작업!$A126,0)/100 | P126: =VLOOKUP($I$1&P$8,DATA!$A:$EB,작업!$A126,0)/100 | ... T126: =VLOOKUP($I$1&T$8,DATA!$A:$EB,작업!$A126,0)/100
A127: =DATA!DG1 | E127: 예실차 | I127: =VLOOKUP($I$1&I$8,DATA!$A:$EB,작업!$A127,0)/100 | J127: =VLOOKUP($I$1&J$8,DATA!$A:$EB,작업!$A127,0)/100 | K127: =VLOOKUP($I$1&K$8,DATA!$A:$EB,작업!$A127,0)/100 | L127: =VLOOKUP($I$1&L$8,DATA!$A:$EB,작업!$A127,0)/100 | M127: =VLOOKUP($I$1&M$8,DATA!$A:$EB,작업!$A127,0)/100 | N127: =VLOOKUP($I$1&N$8,DATA!$A:$EB,작업!$A127,0)/100 | O127: =VLOOKUP($I$1&O$8,DATA!$A:$EB,작업!$A127,0)/100 | P127: =VLOOKUP($I$1&P$8,DATA!$A:$EB,작업!$A127,0)/100 | ... T127: =VLOOKUP($I$1&T$8,DATA!$A:$EB,작업!$A127,0)/100
C130: 3-1. CSM 현황
T131: (단위 : 억원)
...

Sheet 2412
C1: 기준월 | I1: 2412 | J1: =ROUNDUP(RIGHT(I1,2)/3,0)
C4: 1. 자산 구성현황
O7: (단위 : 억원)
C8: 구분 | I8: 미래 | J8: 삼성 | K8: 교보 | L8: 한화 | M8: 신한라이프 | N8: 동양 | O8: KB라이프 | P8: 삼성화재 | Q8: 현대해상 | R8: 메리츠화재 | S8: KB손보 | T8: DB손보
A9: =DATA!D$1 | C9: 자산 | I9: =VLOOKUP($I$1&I$8,DATA!$A:$EB,'2412'!$A9,0)/100 | J9: =VLOOKUP($I$1&J$8,DATA!$A:$EB,'2412'!$A9,0)/100 | K9: =VLOOKUP($I$1&K$8,DATA!$A:$EB,'2412'!$A9,0)/100 | L9: =VLOOKUP($I$1&L$8,DATA!$A:$EB,'2412'!$A9,0)/100 | M9: =VLOOKUP($I$1&M$8,DATA!$A:$EB,'2412'!$A9,0)/100 | N9: =VLOOKUP($I$1&N$8,DATA!$A:$EB,'2412'!$A9,0)/100 | O9: =VLOOKUP($I$1&O$8,DATA!$A:$EB,'2412'!$A9,0)/100 | P9: =VLOOKUP($I$1&P$8,DATA!$A:$EB,'2412'!$A9,0)/100 | ... T9: =VLOOKUP($I$1&T$8,DATA!$A:$EB,'2412'!$A9,0)/100
A10: =DATA!E1 | C10: FVPL | I10: =VLOOKUP($I$1&I$8,DATA!$A:$EB,'2412'!$A10,0)/100 | J10: =VLOOKUP($I$1&J$8,DATA!$A:$EB,'2412'!$A10,0)/100 | K10: =VLOOKUP($I$1&K$8,DATA!$A:$EB,'2412'!$A10,0)/100 | L10: =VLOOKUP($I$1&L$8,DATA!$A:$EB,'2412'!$A10,0)/100 | M10: =VLOOKUP($I$1&M$8,DATA!$A:$EB,'2412'!$A10,0)/100 | N10: =VLOOKUP($I$1&N$8,DATA!$A:$EB,'2412'!$A10,0)/100 | O10: =VLOOKUP($I$1&O$8,DATA!$A:$EB,'2412'!$A10,0)/100 | P10: =VLOOKUP($I$1&P$8,DATA!$A:$EB,'2412'!$A10,0)/100 | ... T10: =VLOOKUP($I$1&T$8,DATA!$A:$EB,'2412'!$A10,0)/100
C11: (비중) | I11: =I10/I9 | J11: =J10/J9 | K11: =K10/K9 | L11: =L10/L9 | M11: =M10/M9 | N11: =N10/N9 | O11: =O10/O9 | P11: =P10/P9 | ... T11: =T10/T9
A12: =DATA!F1 | C12: FVOCI | I12: =VLOOKUP($I$1&I$8,DATA!$A:$EB,'2412'!$A12,0)/100 | J12: =VLOOKUP($I$1&J$8,DATA!$A:$EB,'2412'!$A12,0)/100 | K12: =VLOOKUP($I$1&K$8,DATA!$A:$EB,'2412'!$A12,0)/100 | L12: =VLOOKUP($I$1&L$8,DATA!$A:$EB,'2412'!$A12,0)/100 | M12: =VLOOKUP($I$1&M$8,DATA!$A:$EB,'2412'!$A12,0)/100 | N12: =VLOOKUP($I$1&N$8,DATA!$A:$EB,'2412'!$A12,0)/100 | O12: =VLOOKUP($I$1&O$8,DATA!$A:$EB,'2412'!$A12,0)/100 | P12: =VLOOKUP($I$1&P$8,DATA!$A:$EB,'2412'!$A12,0)/100 | ... T12: =VLOOKUP($I$1&T$8,DATA!$A:$EB,'2412'!$A12,0)/100
A13: =DATA!G1 | C13: AC | I13: =VLOOKUP($I$1&I$8,DATA!$A:$EB,'2412'!$A13,0)/100 | J13: =VLOOKUP($I$1&J$8,DATA!$A:$EB,'2412'!$A13,0)/100 | K13: =VLOOKUP($I$1&K$8,DATA!$A:$EB,'2412'!$A13,0)/100 | L13: =VLOOKUP($I$1&L$8,DATA!$A:$EB,'2412'!$A13,0)/100 | M13: =VLOOKUP($I$1&M$8,DATA!$A:$EB,'2412'!$A13,0)/100 | N13: =VLOOKUP($I$1&N$8,DATA!$A:$EB,'2412'!$A13,0)/100 | O13: =VLOOKUP($I$1&O$8,DATA!$A:$EB,'2412'!$A13,0)/100 | P13: =VLOOKUP($I$1&P$8,DATA!$A:$EB,'2412'!$A13,0)/100 | ... T13: =VLOOKUP($I$1&T$8,DATA!$A:$EB,'2412'!$A13,0)/100
A14: =DATA!L1 | C14: 부채 | I14: =VLOOKUP($I$1&I$8,DATA!$A:$EB,'2412'!$A14,0)/100 | J14: =VLOOKUP($I$1&J$8,DATA!$A:$EB,'2412'!$A14,0)/100 | K14: =VLOOKUP($I$1&K$8,DATA!$A:$EB,'2412'!$A14,0)/100 | L14: =VLOOKUP($I$1&L$8,DATA!$A:$EB,'2412'!$A14,0)/100 | M14: =VLOOKUP($I$1&M$8,DATA!$A:$EB,'2412'!$A14,0)/100 | N14: =VLOOKUP($I$1&N$8,DATA!$A:$EB,'2412'!$A14,0)/100 | O14: =VLOOKUP($I$1&O$8,DATA!$A:$EB,'2412'!$A14,0)/100 | P14: =VLOOKUP($I$1&P$8,DATA!$A:$EB,'2412'!$A14,0)/100 | ... T14: =VLOOKUP($I$1&T$8,DATA!$A:$EB,'2412'!$A14,0)/100
A15: =DATA!BU1 | C15: BEL | I15: =VLOOKUP($I$1&I$8,DATA!$A:$EB,'2412'!$A15,0)/100 | J15: =VLOOKUP($I$1&J$8,DATA!$A:$EB,'2412'!$A15,0)/100 | K15: =VLOOKUP($I$1&K$8,DATA!$A:$EB,'2412'!$A15,0)/100 | L15: =VLOOKUP($I$1&L$8,DATA!$A:$EB,'2412'!$A15,0)/100 | M15: =VLOOKUP($I$1&M$8,DATA!$A:$EB,'2412'!$A15,0)/100 | N15: =VLOOKUP($I$1&N$8,DATA!$A:$EB,'2412'!$A15,0)/100 | O15: =VLOOKUP($I$1&O$8,DATA!$A:$EB,'2412'!$A15,0)/100 | P15: =VLOOKUP($I$1&P$8,DATA!$A:$EB,'2412'!$A15,0)/100 | ... T15: =VLOOKUP($I$1&T$8,DATA!$A:$EB,'2412'!$A15,0)/100
A16: =DATA!BW1 | C16: CSM | I16: =VLOOKUP($I$1&I$8,DATA!$A:$EB,'2412'!$A16,0)/100 | J16: =VLOOKUP($I$1&J$8,DATA!$A:$EB,'2412'!$A16,0)/100 | K16: =VLOOKUP($I$1&K$8,DATA!$A:$EB,'2412'!$A16,0)/100 | L16: =VLOOKUP($I$1&L$8,DATA!$A:$EB,'2412'!$A16,0)/100 | M16: =VLOOKUP($I$1&M$8,DATA!$A:$EB,'2412'!$A16,0)/100 | N16: =VLOOKUP($I$1&N$8,DATA!$A:$EB,'2412'!$A16,0)/100 | O16: =VLOOKUP($I$1&O$8,DATA!$A:$EB,'2412'!$A16,0)/100 | P16: =VLOOKUP($I$1&P$8,DATA!$A:$EB,'2412'!$A16,0)/100 | ... T16: =VLOOKUP($I$1&T$8,DATA!$A:$EB,'2412'!$A16,0)/100
C17: (비중) | I17: =I16/I14 | J17: =J16/J14 | K17: =K16/K14 | L17: =L16/L14 | M17: =M16/M14 | N17: =N16/N14 | O17: =O16/O14 | P17: =P16/P14 | ... T17: =T16/T14
A18: =DATA!BV1 | C18: RA | I18: =VLOOKUP($I$1&I$8,DATA!$A:$EB,'2412'!$A18,0)/100 | J18: =VLOOKUP($I$1&J$8,DATA!$A:$EB,'2412'!$A18,0)/100 | K18: =VLOOKUP($I$1&K$8,DATA!$A:$EB,'2412'!$A18,0)/100 | L18: =VLOOKUP($I$1&L$8,DATA!$A:$EB,'2412'!$A18,0)/100 | M18: =VLOOKUP($I$1&M$8,DATA!$A:$EB,'2412'!$A18,0)/100 | N18: =VLOOKUP($I$1&N$8,DATA!$A:$EB,'2412'!$A18,0)/100 | O18: =VLOOKUP($I$1&O$8,DATA!$A:$EB,'2412'!$A18,0)/100 | P18: =VLOOKUP($I$1&P$8,DATA!$A:$EB,'2412'!$A18,0)/100 | ... T18: =VLOOKUP($I$1&T$8,DATA!$A:$EB,'2412'!$A18,0)/100
A19: =DATA!N1 | C19: 자기자본_신종자본증권제외 | I19: =VLOOKUP($I$1&I$8,DATA!$A:$EB,'2412'!$A19,0)/100 | J19: =VLOOKUP($I$1&J$8,DATA!$A:$EB,'2412'!$A19,0)/100 | K19: =VLOOKUP($I$1&K$8,DATA!$A:$EB,'2412'!$A19,0)/100 | L19: =VLOOKUP($I$1&L$8,DATA!$A:$EB,'2412'!$A19,0)/100 | M19: =VLOOKUP($I$1&M$8,DATA!$A:$EB,'2412'!$A19,0)/100 | N19: =VLOOKUP($I$1&N$8,DATA!$A:$EB,'2412'!$A19,0)/100 | O19: =VLOOKUP($I$1&O$8,DATA!$A:$EB,'2412'!$A19,0)/100 | P19: =VLOOKUP($I$1&P$8,DATA!$A:$EB,'2412'!$A19,0)/100 | ... T19: =VLOOKUP($I$1&T$8,DATA!$A:$EB,'2412'!$A19,0)/100
C20: (전기자본 대비) | I20: =+I37 | J20: =+J37 | K20: =+K37 | L20: =+L37 | M20: =+M37 | N20: =+N37 | O20: =+O37 | P20: =+P37 | ... T20: =+T37
C21: (자본증감율) | I21: =+I20/(I19-I20) | J21: =+J20/(J19-J20) | K21: =+K20/(K19-K20) | L21: =+L20/(L19-L20) | M21: =+M20/(M19-M20) | N21: =+N20/(N19-N20) | O21: =+O20/(O19-O20) | P21: =+P20/(P19-P20) | ... T21: =+T20/(T19-T20)
A22: =DATA!R1 | C22: 이익잉여금 | I22: =VLOOKUP($I$1&I$8,DATA!$A:$EB,'2412'!$A22,0)/100 | J22: =VLOOKUP($I$1&J$8,DATA!$A:$EB,'2412'!$A22,0)/100 | K22: =VLOOKUP($I$1&K$8,DATA!$A:$EB,'2412'!$A22,0)/100 | L22: =VLOOKUP($I$1&L$8,DATA!$A:$EB,'2412'!$A22,0)/100 | M22: =VLOOKUP($I$1&M$8,DATA!$A:$EB,'2412'!$A22,0)/100 | N22: =VLOOKUP($I$1&N$8,DATA!$A:$EB,'2412'!$A22,0)/100 | O22: =VLOOKUP($I$1&O$8,DATA!$A:$EB,'2412'!$A22,0)/100 | P22: =VLOOKUP($I$1&P$8,DATA!$A:$EB,'2412'!$A22,0)/100 | ... T22: =VLOOKUP($I$1&T$8,DATA!$A:$EB,'2412'!$A22,0)/100
A23: =DATA!Q1 | C23: 기타포괄 | I23: =VLOOKUP($I$1&I$8,DATA!$A:$EB,'2412'!$A23,0)/100 | J23: =VLOOKUP($I$1&J$8,DATA!$A:$EB,'2412'!$A23,0)/100 | K23: =VLOOKUP($I$1&K$8,DATA!$A:$EB,'2412'!$A23,0)/100 | L23: =VLOOKUP($I$1&L$8,DATA!$A:$EB,'2412'!$A23,0)/100 | M23: =VLOOKUP($I$1&M$8,DATA!$A:$EB,'2412'!$A23,0)/100 | N23: =VLOOKUP($I$1&N$8,DATA!$A:$EB,'2412'!$A23,0)/100 | O23: =VLOOKUP($I$1&O$8,DATA!$A:$EB,'2412'!$A23,0)/100 | P23: =VLOOKUP($I$1&P$8,DATA!$A:$EB,'2412'!$A23,0)/100 | ... T23: =VLOOKUP($I$1&T$8,DATA!$A:$EB,'2412'!$A23,0)/100
C24: (기타포괄손익 증감) | I24: =I23-I38 | J24: =J23-J38 | K24: =K23-K38 | L24: =L23-L38 | M24: =M23-M38 | N24: =N23-N38 | O24: =O23-O38 | P24: =P23-P38 | ... T24: =T23-T38
C25: (자기자본 대비 기타포괄손익 증감율) | I25: =I24/I36 | J25: =J24/J36 | K25: =K24/K36 | L25: =L24/L36 | M25: =M24/M36 | N25: =N24/N36 | O25: =O24/O36 | P25: =P24/P36 | ... T25: =T24/T36
C26: (보험계약부채대비 기타포괄손익 증감율) | I26: =I24/I45 | J26: =J24/J45 | K26: =K24/K45 | L26: =L24/L45 | M26: =M24/M45 | N26: =N24/N45 | O26: =O24/O45 | P26: =P24/P45 | ... T26: =T24/T45
A29: =DATA!O1 | C29: 자기자본 | I29: =VLOOKUP($I$1&I$8,DATA!$A:$EB,'2412'!$A29,0)/100 | J29: =VLOOKUP($I$1&J$8,DATA!$A:$EB,'2412'!$A29,0)/100 | K29: =VLOOKUP($I$1&K$8,DATA!$A:$EB,'2412'!$A29,0)/100 | L29: =VLOOKUP($I$1&L$8,DATA!$A:$EB,'2412'!$A29,0)/100 | M29: =VLOOKUP($I$1&M$8,DATA!$A:$EB,'2412'!$A29,0)/100 | N29: =VLOOKUP($I$1&N$8,DATA!$A:$EB,'2412'!$A29,0)/100 | O29: =VLOOKUP($I$1&O$8,DATA!$A:$EB,'2412'!$A29,0)/100 | P29: =VLOOKUP($I$1&P$8,DATA!$A:$EB,'2412'!$A29,0)/100 | ... T29: =VLOOKUP($I$1&T$8,DATA!$A:$EB,'2412'!$A29,0)/100
C33: - 금융자산비중 | I33: =+I22/I9 | J33: =+J22/J9 | K33: =+K22/K9 | L33: =+L22/L9 | M33: =+M22/M9 | N33: =+N22/N9 | O33: =+O22/O9 | P33: =+P22/P9 | ... T33: =+T22/T9
A36: =DATA!T1 | C36: * 전기자기자본 | I36: =VLOOKUP($I$1&I$8,DATA!$A:$EB,'2412'!$A36,0)/100 | J36: =VLOOKUP($I$1&J$8,DATA!$A:$EB,'2412'!$A36,0)/100 | K36: =VLOOKUP($I$1&K$8,DATA!$A:$EB,'2412'!$A36,0)/100 | L36: =VLOOKUP($I$1&L$8,DATA!$A:$EB,'2412'!$A36,0)/100 | M36: =VLOOKUP($I$1&M$8,DATA!$A:$EB,'2412'!$A36,0)/100 | N36: =VLOOKUP($I$1&N$8,DATA!$A:$EB,'2412'!$A36,0)/100 | O36: =VLOOKUP($I$1&O$8,DATA!$A:$EB,'2412'!$A36,0)/100 | P36: =VLOOKUP($I$1&P$8,DATA!$A:$EB,'2412'!$A36,0)/100 | ... T36: =VLOOKUP($I$1&T$8,DATA!$A:$EB,'2412'!$A36,0)/100
C37: - 전기대비 증감 | I37: =I19-I36 | J37: =J19-J36 | K37: =K19-K36 | L37: =L19-L36 | M37: =M19-M36 | N37: =N19-N36 | O37: =O19-O36 | P37: =P19-P36 | ... T37: =T19-T36
A38: =DATA!BC1 | C38: * 전기기타포괄 | I38: =VLOOKUP($I$1&I$8,DATA!$A:$EB,'2412'!$A38,0)/100 | J38: =VLOOKUP($I$1&J$8,DATA!$A:$EB,'2412'!$A38,0)/100 | K38: =VLOOKUP($I$1&K$8,DATA!$A:$EB,'2412'!$A38,0)/100 | L38: =VLOOKUP($I$1&L$8,DATA!$A:$EB,'2412'!$A38,0)/100 | M38: =VLOOKUP($I$1&M$8,DATA!$A:$EB,'2412'!$A38,0)/100 | N38: =VLOOKUP($I$1&N$8,DATA!$A:$EB,'2412'!$A38,0)/100 | O38: =VLOOKUP($I$1&O$8,DATA!$A:$EB,'2412'!$A38,0)/100 | P38: =VLOOKUP($I$1&P$8,DATA!$A:$EB,'2412'!$A38,0)/100 | ... T38: =VLOOKUP($I$1&T$8,DATA!$A:$EB,'2412'!$A38,0)/100
A39: =DATA!BN1 | C39: 1) 결산배당 | I39: =VLOOKUP($I$1&I$8,DATA!$A:$EB,'2412'!$A39,0)/100 | J39: =VLOOKUP($I$1&J$8,DATA!$A:$EB,'2412'!$A39,0)/100 | K39: =VLOOKUP($I$1&K$8,DATA!$A:$EB,'2412'!$A39,0)/100 | L39: =VLOOKUP($I$1&L$8,DATA!$A:$EB,'2412'!$A39,0)/100 | M39: =VLOOKUP($I$1&M$8,DATA!$A:$EB,'2412'!$A39,0)/100 | N39: =VLOOKUP($I$1&N$8,DATA!$A:$EB,'2412'!$A39,0)/100 | O39: =VLOOKUP($I$1&O$8,DATA!$A:$EB,'2412'!$A39,0)/100 | P39: =VLOOKUP($I$1&P$8,DATA!$A:$EB,'2412'!$A39,0)/100 | ... T39: =VLOOKUP($I$1&T$8,DATA!$A:$EB,'2412'!$A39,0)/100
A40: =DATA!BR1 | C40: 2) 기타배당 | I40: =VLOOKUP($I$1&I$8,DATA!$A:$EB,'2412'!$A40,0)/100 | J40: =VLOOKUP($I$1&J$8,DATA!$A:$EB,'2412'!$A40,0)/100 | K40: =VLOOKUP($I$1&K$8,DATA!$A:$EB,'2412'!$A40,0)/100 | L40: =VLOOKUP($I$1&L$8,DATA!$A:$EB,'2412'!$A40,0)/100 | M40: =VLOOKUP($I$1&M$8,DATA!$A:$EB,'2412'!$A40,0)/100 | N40: =VLOOKUP($I$1&N$8,DATA!$A:$EB,'2412'!$A40,0)/100 | O40: =VLOOKUP($I$1&O$8,DATA!$A:$EB,'2412'!$A40,0)/100 | P40: =VLOOKUP($I$1&P$8,DATA!$A:$EB,'2412'!$A40,0)/100 | ... T40: =VLOOKUP($I$1&T$8,DATA!$A:$EB,'2412'!$A40,0)/100
C41: 배당합계 | I41: =I39+I40 | J41: =J39+J40 | K41: =K39+K40 | L41: =L39+L40 | M41: =M39+M40 | N41: =N39+N40 | O41: =O39+O40 | P41: =P39+P40 | ... T41: =T39+T40
C42: 배당제외 자본증가금액 | I42: =I37-I41 | J42: =J37-J41 | K42: =K37-K41 | L42: =L37-L41 | M42: =M37-M41 | N42: =N37-N41 | O42: =O37-O41 | P42: =P37-P41 | ... T42: =T37-T41
C43: - 배당제외 기준 자본증가율 | I43: =I42/I36 | J43: =J42/J36 | K43: =K42/K36 | L43: =L42/L36 | M43: =M42/M36 | N43: =N42/N36 | O43: =O42/O36 | P43: =P42/P36 | ... T43: =T42/T36
C45: * 전기 BEL+RA+CSM | I45: =전기말!I6 | J45: =전기말!J6 | K45: =전기말!K6 | L45: =전기말!L6 | M45: =전기말!M6 | N45: =전기말!N6 | O45: =전기말!O6 | P45: =전기말!P6 | ... T45: =전기말!T6
A46: =DATA!M1 | C46: 보험계약부채 | I46: =VLOOKUP($I$1&I$8,DATA!$A:$EB,'2412'!$A46,0)/100 | J46: =VLOOKUP($I$1&J$8,DATA!$A:$EB,'2412'!$A46,0)/100 | K46: =VLOOKUP($I$1&K$8,DATA!$A:$EB,'2412'!$A46,0)/100 | L46: =VLOOKUP($I$1&L$8,DATA!$A:$EB,'2412'!$A46,0)/100 | M46: =VLOOKUP($I$1&M$8,DATA!$A:$EB,'2412'!$A46,0)/100 | N46: =VLOOKUP($I$1&N$8,DATA!$A:$EB,'2412'!$A46,0)/100 | O46: =VLOOKUP($I$1&O$8,DATA!$A:$EB,'2412'!$A46,0)/100 | P46: =VLOOKUP($I$1&P$8,DATA!$A:$EB,'2412'!$A46,0)/100 | ... T46: =VLOOKUP($I$1&T$8,DATA!$A:$EB,'2412'!$A46,0)/100
I47: =I23/I46 | J47: =J23/J46 | K47: =K23/K46 | L47: =L23/L46 | M47: =M23/M46 | N47: =N23/N46 | O47: =O23/O46 | P47: =P23/P46 | ... T47: =T23/T46
I48: =I72/I46 | J48: =J72/J46 | K48: =K72/K46 | L48: =L72/L46 | M48: =M72/M46 | N48: =N72/N46 | O48: =O72/O46 | P48: =P72/P46 | ... T48: =T72/T46
C49: *전기보험계약부채
A55: =DATA!BM1 | C55: * 전기말 이익잉여금 | I55: =VLOOKUP($I$1&I$8,DATA!$A:$EB,'2412'!$A55,0)/100 | J55: =VLOOKUP($I$1&J$8,DATA!$A:$EB,'2412'!$A55,0)/100 | K55: =VLOOKUP($I$1&K$8,DATA!$A:$EB,'2412'!$A55,0)/100 | L55: =VLOOKUP($I$1&L$8,DATA!$A:$EB,'2412'!$A55,0)/100 | M55: =VLOOKUP($I$1&M$8,DATA!$A:$EB,'2412'!$A55,0)/100 | N55: =VLOOKUP($I$1&N$8,DATA!$A:$EB,'2412'!$A55,0)/100 | O55: =VLOOKUP($I$1&O$8,DATA!$A:$EB,'2412'!$A55,0)/100 | P55: =VLOOKUP($I$1&P$8,DATA!$A:$EB,'2412'!$A55,0)/100 | ... T55: =VLOOKUP($I$1&T$8,DATA!$A:$EB,'2412'!$A55,0)/100
D56: 전기말 대비 | I56: =+I22-I55 | J56: =+J22-J55 | K56: =+K22-K55 | L56: =+L22-L55 | M56: =+M22-M55 | N56: =+N22-N55 | O56: =+O22-O55 | P56: =+P22-P55 | ... T56: =+T22-T55
I57: =I22-'2406'!I20 | J57: =J22-'2406'!J20 | K57: =K22-'2406'!K20 | L57: =L22-'2406'!L20 | M57: =M22-'2406'!M20 | N57: =N22-'2406'!N20 | O57: =O22-'2406'!O20 | P57: =P22-'2406'!P20 | ... T57: =T22-'2406'!T20
C60: 2. 자본 세부
T61: (단위 : 억원)
C62: 구분 | I62: 미래에셋생명 | J62: 삼성생명 | K62: 교보생명 | L62: 한화생명 | M62: 신한라이프 | N62: 동양생명 | O62: KB라이프 | P62: 삼성화재 | Q62: 현대해상 | R62: 메리츠화재 | S62: KB손보 | T62: DB손보
C63: 이익잉여금 | I63: =I22 | J63: =J22 | K63: =K22 | L63: =L22 | M63: =M22 | N63: =N22 | O63: =O22 | P63: =P22 | ... T63: =T22
A64: =DATA!CU1 | C64: 해약환급금준비금 | I64: =VLOOKUP($I$1&I$8,DATA!$A:$EB,'2412'!$A64,0)/100 | J64: =VLOOKUP($I$1&J$8,DATA!$A:$EB,'2412'!$A64,0)/100 | K64: =VLOOKUP($I$1&K$8,DATA!$A:$EB,'2412'!$A64,0)/100 | L64: =VLOOKUP($I$1&L$8,DATA!$A:$EB,'2412'!$A64,0)/100 | M64: =VLOOKUP($I$1&M$8,DATA!$A:$EB,'2412'!$A64,0)/100 | N64: =VLOOKUP($I$1&N$8,DATA!$A:$EB,'2412'!$A64,0)/100 | O64: =VLOOKUP($I$1&O$8,DATA!$A:$EB,'2412'!$A64,0)/100 | P64: =VLOOKUP($I$1&P$8,DATA!$A:$EB,'2412'!$A64,0)/100 | ... T64: =VLOOKUP($I$1&T$8,DATA!$A:$EB,'2412'!$A64,0)/100
C65: (이익잉여금 대비 해약환급금 준비금 비율) | I65: =I64/I63 | J65: =J64/J63 | K65: =K64/K63 | L65: =L64/L63 | M65: =M64/M63 | N65: =N64/N63 | O65: =O64/O63 | P65: =P64/P63 | ... T65: =T64/T63
C66: (자기자본 대비 해약환급금 준비금 비율) | I66: =I64/I19 | J66: =J64/J19 | K66: =K64/K19 | L66: =L64/L19 | M66: =M64/M19 | N66: =N64/N19 | O66: =O64/O19 | P66: =P64/P19 | ... T66: =T64/T19
A67: =DATA!X1 | C67: 기타포괄손익 | I67: =VLOOKUP($I$1&I$8,DATA!$A:$EB,'2412'!$A67,0)/100 | J67: =VLOOKUP($I$1&J$8,DATA!$A:$EB,'2412'!$A67,0)/100 | K67: =VLOOKUP($I$1&K$8,DATA!$A:$EB,'2412'!$A67,0)/100 | L67: =VLOOKUP($I$1&L$8,DATA!$A:$EB,'2412'!$A67,0)/100 | M67: =VLOOKUP($I$1&M$8,DATA!$A:$EB,'2412'!$A67,0)/100 | N67: =VLOOKUP($I$1&N$8,DATA!$A:$EB,'2412'!$A67,0)/100 | O67: =VLOOKUP($I$1&O$8,DATA!$A:$EB,'2412'!$A67,0)/100 | P67: =VLOOKUP($I$1&P$8,DATA!$A:$EB,'2412'!$A67,0)/100 | ... T67: =VLOOKUP($I$1&T$8,DATA!$A:$EB,'2412'!$A67,0)/100
C68: FVOCI평가손익 (현금흐름위험회피파생평가손익 포함) | I68: =I79+I80 | J68: =J79+J80 | K68: =K79+K80 | L68: =L79+L80 | M68: =M79+M80 | N68: =N79+N80 | O68: =O79+O80 | P68: =P79+P80 | ... T68: =T79+T80
D69: 전기대비 | I69: =+I68-I84 | J69: =+J68-J84 | K69: =+K68-K84 | L69: =+L68-L84 | M69: =+M68-M84 | N69: =+N68-N84 | O69: =+O68-O84 | P69: =+P68-P84 | ... T69: =+T68-T84
E70: 운용자산대비 증감율 | I70: =I69/I77 | J70: =J69/J77 | K70: =K69/K77 | L70: =L69/L77 | M70: =M69/M77 | N70: =N69/N77 | O70: =O69/O77 | P70: =P69/P77 | ... T70: =T69/T77
C71: 보험부채순금융손익(재보포함) | I71: =+I81+I82 | J71: =+J81+J82 | K71: =+K81+K82 | L71: =+L81+L82 | M71: =+M81+M82 | N71: =+N81+N82 | O71: =+O81+O82 | P71: =+P81+P82 | ... T71: =+T81+T82
D72: 전기대비 | I72: =I71-I85 | J72: =J71-J85 | K72: =K71-K85 | L72: =L71-L85 | M72: =M71-M85 | N72: =N71-N85 | O72: =O71-O85 | P72: =P71-P85 | ... T72: =T71-T85
D73: 보험부채대비 증감율 | I73: =I72/I45 | J73: =J72/J45 | K73: =K72/K45 | L73: =L72/L45 | M73: =M72/M45 | N73: =N72/N45 | O73: =O72/O45 | P73: =P72/P45 | ... T73: =T72/T45
A74: =DATA!V1 | C74: 운용자산 | I74: =VLOOKUP($I$1&I$8,DATA!$A:$EB,'2412'!$A74,0)/100 | J74: =VLOOKUP($I$1&J$8,DATA!$A:$EB,'2412'!$A74,0)/100 | K74: =VLOOKUP($I$1&K$8,DATA!$A:$EB,'2412'!$A74,0)/100 | L74: =VLOOKUP($I$1&L$8,DATA!$A:$EB,'2412'!$A74,0)/100 | M74: =VLOOKUP($I$1&M$8,DATA!$A:$EB,'2412'!$A74,0)/100 | N74: =VLOOKUP($I$1&N$8,DATA!$A:$EB,'2412'!$A74,0)/100 | O74: =VLOOKUP($I$1&O$8,DATA!$A:$EB,'2412'!$A74,0)/100 | P74: =VLOOKUP($I$1&P$8,DATA!$A:$EB,'2412'!$A74,0)/100 | ... T74: =VLOOKUP($I$1&T$8,DATA!$A:$EB,'2412'!$A74,0)/100
C75: 레버리지비율(운용자산/자본) | I75: =I74/I19 | J75: =J74/J19 | K75: =K74/K19 | L75: =L74/L19 | M75: =M74/M19 | N75: =N74/N19 | O75: =O74/O19 | P75: =P74/P19 | ... T75: =T74/T19
D77: 전기운용자산 | I77: =전기말!I18 | J77: =전기말!J18 | K77: =전기말!K18 | L77: =전기말!L18 | M77: =전기말!M18 | N77: =전기말!N18 | O77: =전기말!O18 | P77: =전기말!P18 | ... T77: =전기말!T18
A79: =DATA!Y1 | C79: FVOCI평가손익 | I79: =VLOOKUP($I$1&I$8,DATA!$A:$EB,'2412'!$A79,0)/100 | J79: =VLOOKUP($I$1&J$8,DATA!$A:$EB,'2412'!$A79,0)/100 | K79: =VLOOKUP($I$1&K$8,DATA!$A:$EB,'2412'!$A79,0)/100 | L79: =VLOOKUP($I$1&L$8,DATA!$A:$EB,'2412'!$A79,0)/100 | M79: =VLOOKUP($I$1&M$8,DATA!$A:$EB,'2412'!$A79,0)/100 | N79: =VLOOKUP($I$1&N$8,DATA!$A:$EB,'2412'!$A79,0)/100 | O79: =VLOOKUP($I$1&O$8,DATA!$A:$EB,'2412'!$A79,0)/100 | P79: =VLOOKUP($I$1&P$8,DATA!$A:$EB,'2412'!$A79,0)/100 | ... T79: =VLOOKUP($I$1&T$8,DATA!$A:$EB,'2412'!$A79,0)/100
A80: =DATA!AB1 | C80: 현금흐름위험회피 | I80: =VLOOKUP($I$1&I$8,DATA!$A:$EB,'2412'!$A80,0)/100 | J80: =VLOOKUP($I$1&J$8,DATA!$A:$EB,'2412'!$A80,0)/100 | K80: =VLOOKUP($I$1&K$8,DATA!$A:$EB,'2412'!$A80,0)/100 | L80: =VLOOKUP($I$1&L$8,DATA!$A:$EB,'2412'!$A80,0)/100 | M80: =VLOOKUP($I$1&M$8,DATA!$A:$EB,'2412'!$A80,0)/100 | N80: =VLOOKUP($I$1&N$8,DATA!$A:$EB,'2412'!$A80,0)/100 | O80: =VLOOKUP($I$1&O$8,DATA!$A:$EB,'2412'!$A80,0)/100 | P80: =VLOOKUP($I$1&P$8,DATA!$A:$EB,'2412'!$A80,0)/100 | ... T80: =VLOOKUP($I$1&T$8,DATA!$A:$EB,'2412'!$A80,0)/100
A81: =+DATA!Z1 | C81: 보험계약자산(부채)순금융손익 | I81: =VLOOKUP($I$1&I$8,DATA!$A:$EB,'2412'!$A81,0)/100 | J81: =VLOOKUP($I$1&J$8,DATA!$A:$EB,'2412'!$A81,0)/100 | K81: =VLOOKUP($I$1&K$8,DATA!$A:$EB,'2412'!$A81,0)/100 | L81: =VLOOKUP($I$1&L$8,DATA!$A:$EB,'2412'!$A81,0)/100 | M81: =VLOOKUP($I$1&M$8,DATA!$A:$EB,'2412'!$A81,0)/100 | N81: =VLOOKUP($I$1&N$8,DATA!$A:$EB,'2412'!$A81,0)/100 | O81: =VLOOKUP($I$1&O$8,DATA!$A:$EB,'2412'!$A81,0)/100 | P81: =VLOOKUP($I$1&P$8,DATA!$A:$EB,'2412'!$A81,0)/100 | ... T81: =VLOOKUP($I$1&T$8,DATA!$A:$EB,'2412'!$A81,0)/100
A82: =+DATA!AA1 | C82: 재보험계약자산(부채) | I82: =VLOOKUP($I$1&I$8,DATA!$A:$EB,'2412'!$A82,0)/100 | J82: =VLOOKUP($I$1&J$8,DATA!$A:$EB,'2412'!$A82,0)/100 | K82: =VLOOKUP($I$1&K$8,DATA!$A:$EB,'2412'!$A82,0)/100 | L82: =VLOOKUP($I$1&L$8,DATA!$A:$EB,'2412'!$A82,0)/100 | M82: =VLOOKUP($I$1&M$8,DATA!$A:$EB,'2412'!$A82,0)/100 | N82: =VLOOKUP($I$1&N$8,DATA!$A:$EB,'2412'!$A82,0)/100 | O82: =VLOOKUP($I$1&O$8,DATA!$A:$EB,'2412'!$A82,0)/100 | P82: =VLOOKUP($I$1&P$8,DATA!$A:$EB,'2412'!$A82,0)/100 | ... T82: =VLOOKUP($I$1&T$8,DATA!$A:$EB,'2412'!$A82,0)/100
C84: 전기 FVOCI평가손익 (현금흐름위험회피파생평가손익 포함) | I84: =전기말!I11+전기말!I12 | J84: =전기말!J11+전기말!J12 | K84: =전기말!K11+전기말!K12 | L84: =전기말!L11+전기말!L12 | M84: =전기말!M11+전기말!M12 | N84: =전기말!N11+전기말!N12 | O84: =전기말!O11+전기말!O12 | P84: =전기말!P11+전기말!P12 | ... T84: =전기말!T11+전기말!T12
C85: 전기 보험부채순금융손익(재보포함) | I85: =+전기말!I13+전기말!I14 | J85: =+전기말!J13+전기말!J14 | K85: =+전기말!K13+전기말!K14 | L85: =+전기말!L13+전기말!L14 | M85: =+전기말!M13+전기말!M14 | N85: =+전기말!N13+전기말!N14 | O85: =+전기말!O13+전기말!O14 | P85: =+전기말!P13+전기말!P14 | ... T85: =+전기말!T13+전기말!T14
C89: 2. 재무건전성(잠정치)
T90: (단위 : 억원)
C91: 구분 | I91: 미래에셋생명 | J91: 삼성생명 | K91: 교보생명 | L91: 한화생명 | M91: 신한라이프 | N91: 동양생명 | O91: KB라이프 | P91: 삼성화재 | Q91: 현대해상 | R91: 메리츠화재 | S91: KB손보 | T91: DB손보
A92: =DATA!$CN$1 | C92: K-ICS | I92: =VLOOKUP($I$1&I$8,DATA!$A:$EB,'2412'!$A92,0) | J92: =VLOOKUP($I$1&J$8,DATA!$A:$EB,'2412'!$A92,0) | K92: =VLOOKUP($I$1&K$8,DATA!$A:$EB,'2412'!$A92,0) | L92: =VLOOKUP($I$1&L$8,DATA!$A:$EB,'2412'!$A92,0) | M92: =VLOOKUP($I$1&M$8,DATA!$A:$EB,'2412'!$A92,0) | N92: =VLOOKUP($I$1&N$8,DATA!$A:$EB,'2412'!$A92,0) | O92: =VLOOKUP($I$1&O$8,DATA!$A:$EB,'2412'!$A92,0) | P92: =VLOOKUP($I$1&P$8,DATA!$A:$EB,'2412'!$A92,0) | ... T92: =VLOOKUP($I$1&T$8,DATA!$A:$EB,'2412'!$A92,0)
A93: =DATA!$CO$1 | C93: 가용자본 | I93: =VLOOKUP($I$1&I$8,DATA!$A:$EB,'2412'!$A93,0)/100 | J93: =VLOOKUP($I$1&J$8,DATA!$A:$EB,'2412'!$A93,0)/100 | K93: =VLOOKUP($I$1&K$8,DATA!$A:$EB,'2412'!$A93,0)/100 | L93: =VLOOKUP($I$1&L$8,DATA!$A:$EB,'2412'!$A93,0)/100 | M93: =VLOOKUP($I$1&M$8,DATA!$A:$EB,'2412'!$A93,0)/100 | N93: =VLOOKUP($I$1&N$8,DATA!$A:$EB,'2412'!$A93,0)/100 | O93: =VLOOKUP($I$1&O$8,DATA!$A:$EB,'2412'!$A93,0)/100 | P93: =VLOOKUP($I$1&P$8,DATA!$A:$EB,'2412'!$A93,0)/100 | ... T93: =VLOOKUP($I$1&T$8,DATA!$A:$EB,'2412'!$A93,0)/100
A94: =DATA!$CP$1 | C94: 요구자본 | I94: =VLOOKUP($I$1&I$8,DATA!$A:$EB,'2412'!$A94,0)/100 | J94: =VLOOKUP($I$1&J$8,DATA!$A:$EB,'2412'!$A94,0)/100 | K94: =VLOOKUP($I$1&K$8,DATA!$A:$EB,'2412'!$A94,0)/100 | L94: =VLOOKUP($I$1&L$8,DATA!$A:$EB,'2412'!$A94,0)/100 | M94: =VLOOKUP($I$1&M$8,DATA!$A:$EB,'2412'!$A94,0)/100 | N94: =VLOOKUP($I$1&N$8,DATA!$A:$EB,'2412'!$A94,0)/100 | O94: =VLOOKUP($I$1&O$8,DATA!$A:$EB,'2412'!$A94,0)/100 | P94: =VLOOKUP($I$1&P$8,DATA!$A:$EB,'2412'!$A94,0)/100 | ... T94: =VLOOKUP($I$1&T$8,DATA!$A:$EB,'2412'!$A94,0)/100
C95: * 경과조치 전
C97: 3. 재무건전성(확정치)
T98: (단위 : 억원)
C99: 구분 | I99: 미래에셋생명 | J99: 삼성생명 | K99: 교보생명 | L99: 한화생명 | M99: 신한라이프 | N99: 동양생명 | O99: KB라이프 | P99: 삼성화재 | Q99: 현대해상 | R99: 메리츠화재 | S99: KB손보 | T99: DB손보
A100: =DATA!$CQ$1 | C100: K-ICS | I100: =VLOOKUP($I$1&I$8,DATA!$A:$EB,'2412'!$A100,0) | J100: =VLOOKUP($I$1&J$8,DATA!$A:$EB,'2412'!$A100,0) | K100: =VLOOKUP($I$1&K$8,DATA!$A:$EB,'2412'!$A100,0) | L100: =VLOOKUP($I$1&L$8,DATA!$A:$EB,'2412'!$A100,0) | M100: =VLOOKUP($I$1&M$8,DATA!$A:$EB,'2412'!$A100,0) | N100: =VLOOKUP($I$1&N$8,DATA!$A:$EB,'2412'!$A100,0) | O100: =VLOOKUP($I$1&O$8,DATA!$A:$EB,'2412'!$A100,0) | P100: =VLOOKUP($I$1&P$8,DATA!$A:$EB,'2412'!$A100,0) | ... T100: =VLOOKUP($I$1&T$8,DATA!$A:$EB,'2412'!$A100,0)
A101: =DATA!$CR$1 | C101: 가용자본 | I101: =VLOOKUP($I$1&I$8,DATA!$A:$EB,'2412'!$A101,0)/100 | J101: =VLOOKUP($I$1&J$8,DATA!$A:$EB,'2412'!$A101,0)/100 | K101: =VLOOKUP($I$1&K$8,DATA!$A:$EB,'2412'!$A101,0)/100 | L101: =VLOOKUP($I$1&L$8,DATA!$A:$EB,'2412'!$A101,0)/100 | M101: =VLOOKUP($I$1&M$8,DATA!$A:$EB,'2412'!$A101,0)/100 | N101: =VLOOKUP($I$1&N$8,DATA!$A:$EB,'2412'!$A101,0)/100 | O101: =VLOOKUP($I$1&O$8,DATA!$A:$EB,'2412'!$A101,0)/100 | P101: =VLOOKUP($I$1&P$8,DATA!$A:$EB,'2412'!$A101,0)/100 | ... T101: =VLOOKUP($I$1&T$8,DATA!$A:$EB,'2412'!$A101,0)/100
A102: =DATA!$CS$1 | C102: 요구자본 | I102: =VLOOKUP($I$1&I$8,DATA!$A:$EB,'2412'!$A102,0)/100 | J102: =VLOOKUP($I$1&J$8,DATA!$A:$EB,'2412'!$A102,0)/100 | K102: =VLOOKUP($I$1&K$8,DATA!$A:$EB,'2412'!$A102,0)/100 | L102: =VLOOKUP($I$1&L$8,DATA!$A:$EB,'2412'!$A102,0)/100 | M102: =VLOOKUP($I$1&M$8,DATA!$A:$EB,'2412'!$A102,0)/100 | N102: =VLOOKUP($I$1&N$8,DATA!$A:$EB,'2412'!$A102,0)/100 | O102: =VLOOKUP($I$1&O$8,DATA!$A:$EB,'2412'!$A102,0)/100 | P102: =VLOOKUP($I$1&P$8,DATA!$A:$EB,'2412'!$A102,0)/100 | ... T102: =VLOOKUP($I$1&T$8,DATA!$A:$EB,'2412'!$A102,0)/100
C103: * 경과조치 전
C104: 전기말 | I104: =전기말!I16 | J104: =전기말!J16 | K104: =전기말!K16 | L104: =전기말!L16 | M104: =전기말!M16 | N104: =전기말!N16 | O104: =전기말!O16 | P104: =전기말!P16 | ... T104: =전기말!T16
I105: =+I100-I104 | J105: =+J100-J104 | K105: =+K100-K104 | L105: =+L100-L104 | M105: =+M100-M104 | N105: =+N100-N104 | O105: =+O100-O104 | P105: =+P100-P104 | ... T105: =+T100-T104
C106: 3. 손익현황
T107: (단위 : 억원)
C108: 구분 | I108: 미래에셋생명 | J108: 삼성생명 | K108: 교보생명 | L108: 한화생명 | M108: 신한라이프 | N108: 동양생명 | O108: KB라이프 | P108: 삼성화재 | Q108: 현대해상 | R108: 메리츠화재 | S108: KB손보 | T108: DB손보
A109: =DATA!AV1 | C109: 보험손익 | I109: =VLOOKUP($I$1&I$8,DATA!$A:$EB,'2412'!$A109,0)/100 | J109: =VLOOKUP($I$1&J$8,DATA!$A:$EB,'2412'!$A109,0)/100 | K109: =VLOOKUP($I$1&K$8,DATA!$A:$EB,'2412'!$A109,0)/100 | L109: =VLOOKUP($I$1&L$8,DATA!$A:$EB,'2412'!$A109,0)/100 | M109: =VLOOKUP($I$1&M$8,DATA!$A:$EB,'2412'!$A109,0)/100 | N109: =VLOOKUP($I$1&N$8,DATA!$A:$EB,'2412'!$A109,0)/100 | O109: =VLOOKUP($I$1&O$8,DATA!$A:$EB,'2412'!$A109,0)/100 | P109: =VLOOKUP($I$1&P$8,DATA!$A:$EB,'2412'!$A109,0)/100 | ... T109: =VLOOKUP($I$1&T$8,DATA!$A:$EB,'2412'!$A109,0)/100
A110: =DATA!DC1 | D110: 손해율 | I110: =VLOOKUP($I$1&I$8,DATA!$A:$EB,'2412'!$A110,0) | J110: =VLOOKUP($I$1&J$8,DATA!$A:$EB,'2412'!$A110,0) | K110: =VLOOKUP($I$1&K$8,DATA!$A:$EB,'2412'!$A110,0) | L110: =VLOOKUP($I$1&L$8,DATA!$A:$EB,'2412'!$A110,0) | M110: =VLOOKUP($I$1&M$8,DATA!$A:$EB,'2412'!$A110,0) | N110: =VLOOKUP($I$1&N$8,DATA!$A:$EB,'2412'!$A110,0) | O110: =VLOOKUP($I$1&O$8,DATA!$A:$EB,'2412'!$A110,0) | P110: =VLOOKUP($I$1&P$8,DATA!$A:$EB,'2412'!$A110,0) | ... T110: =VLOOKUP($I$1&T$8,DATA!$A:$EB,'2412'!$A110,0)
A111: =DATA!CZ1 | D111: 실제보험금/예상보험금 | I111: =VLOOKUP($I$1&I$8,DATA!$A:$EB,'2412'!$A111,0) | J111: =VLOOKUP($I$1&J$8,DATA!$A:$EB,'2412'!$A111,0) | K111: =VLOOKUP($I$1&K$8,DATA!$A:$EB,'2412'!$A111,0) | L111: =VLOOKUP($I$1&L$8,DATA!$A:$EB,'2412'!$A111,0) | M111: =VLOOKUP($I$1&M$8,DATA!$A:$EB,'2412'!$A111,0) | N111: =VLOOKUP($I$1&N$8,DATA!$A:$EB,'2412'!$A111,0) | O111: =VLOOKUP($I$1&O$8,DATA!$A:$EB,'2412'!$A111,0) | P111: =VLOOKUP($I$1&P$8,DATA!$A:$EB,'2412'!$A111,0) | ... T111: =VLOOKUP($I$1&T$8,DATA!$A:$EB,'2412'!$A111,0)
D112: 사업비 예실차 | F112: 예실차율 | I112: =I123/I125 | J112: =J123/J125 | K112: =K123/K125 | L112: =L123/L125 | M112: =M123/M125 | N112: =N123/N125 | O112: =O123/O125 | P112: =P123/P125 | ... T112: =T123/T125
F113: ÷ CSM상각액 | I113: =I123/I126 | J113: =J123/J126 | K113: =K123/K126 | L113: =L123/L126 | M113: =M123/M126 | N113: =N123/N126 | O113: =O123/O126 | P113: =P123/P126 | ... T113: =T123/T126
A114: =DATA!AW1 | C114: 투자손익 | I114: =VLOOKUP($I$1&I$8,DATA!$A:$EB,'2412'!$A114,0)/100 | J114: =VLOOKUP($I$1&J$8,DATA!$A:$EB,'2412'!$A114,0)/100 | K114: =VLOOKUP($I$1&K$8,DATA!$A:$EB,'2412'!$A114,0)/100 | L114: =VLOOKUP($I$1&L$8,DATA!$A:$EB,'2412'!$A114,0)/100 | M114: =VLOOKUP($I$1&M$8,DATA!$A:$EB,'2412'!$A114,0)/100 | N114: =VLOOKUP($I$1&N$8,DATA!$A:$EB,'2412'!$A114,0)/100 | O114: =VLOOKUP($I$1&O$8,DATA!$A:$EB,'2412'!$A114,0)/100 | P114: =VLOOKUP($I$1&P$8,DATA!$A:$EB,'2412'!$A114,0)/100 | ... T114: =VLOOKUP($I$1&T$8,DATA!$A:$EB,'2412'!$A114,0)/100
C115: 영업이익 | I115: =I109+I114 | J115: =J109+J114 | K115: =K109+K114 | L115: =L109+L114 | M115: =M109+M114 | N115: =N109+N114 | O115: =O109+O114 | P115: =P109+P114 | ... T115: =T109+T114
A116: =DATA!AX1 | C116: 영업외손익 | I116: =VLOOKUP($I$1&I$8,DATA!$A:$EB,'2412'!$A116,0)/100 | J116: =VLOOKUP($I$1&J$8,DATA!$A:$EB,'2412'!$A116,0)/100 | K116: =VLOOKUP($I$1&K$8,DATA!$A:$EB,'2412'!$A116,0)/100 | L116: =VLOOKUP($I$1&L$8,DATA!$A:$EB,'2412'!$A116,0)/100 | M116: =VLOOKUP($I$1&M$8,DATA!$A:$EB,'2412'!$A116,0)/100 | N116: =VLOOKUP($I$1&N$8,DATA!$A:$EB,'2412'!$A116,0)/100 | O116: =VLOOKUP($I$1&O$8,DATA!$A:$EB,'2412'!$A116,0)/100 | P116: =VLOOKUP($I$1&P$8,DATA!$A:$EB,'2412'!$A116,0)/100 | ... T116: =VLOOKUP($I$1&T$8,DATA!$A:$EB,'2412'!$A116,0)/100
A117: =DATA!AY1 | C117: 세전이익 | I117: =VLOOKUP($I$1&I$8,DATA!$A:$EB,'2412'!$A117,0)/100 | J117: =VLOOKUP($I$1&J$8,DATA!$A:$EB,'2412'!$A117,0)/100 | K117: =VLOOKUP($I$1&K$8,DATA!$A:$EB,'2412'!$A117,0)/100 | L117: =VLOOKUP($I$1&L$8,DATA!$A:$EB,'2412'!$A117,0)/100 | M117: =VLOOKUP($I$1&M$8,DATA!$A:$EB,'2412'!$A117,0)/100 | N117: =VLOOKUP($I$1&N$8,DATA!$A:$EB,'2412'!$A117,0)/100 | O117: =VLOOKUP($I$1&O$8,DATA!$A:$EB,'2412'!$A117,0)/100 | P117: =VLOOKUP($I$1&P$8,DATA!$A:$EB,'2412'!$A117,0)/100 | ... T117: =VLOOKUP($I$1&T$8,DATA!$A:$EB,'2412'!$A117,0)/100
A118: =DATA!AR1 | C118: 당기순이익 | I118: =VLOOKUP($I$1&I$8,DATA!$A:$EB,'2412'!$A118,0)/100 | J118: =VLOOKUP($I$1&J$8,DATA!$A:$EB,'2412'!$A118,0)/100 | K118: =VLOOKUP($I$1&K$8,DATA!$A:$EB,'2412'!$A118,0)/100 | L118: =VLOOKUP($I$1&L$8,DATA!$A:$EB,'2412'!$A118,0)/100 | M118: =VLOOKUP($I$1&M$8,DATA!$A:$EB,'2412'!$A118,0)/100 | N118: =VLOOKUP($I$1&N$8,DATA!$A:$EB,'2412'!$A118,0)/100 | O118: =VLOOKUP($I$1&O$8,DATA!$A:$EB,'2412'!$A118,0)/100 | P118: =VLOOKUP($I$1&P$8,DATA!$A:$EB,'2412'!$A118,0)/100 | ... T118: =VLOOKUP($I$1&T$8,DATA!$A:$EB,'2412'!$A118,0)/100
C119: * 예실차율(P/L 기준) = (예상-실제) / 예상, P/L기준, 보험료배분접근법 적용 제외
C122: * 예실차율
A123: =DATA!DK1 | E123: 사업비예실차 | I123: =VLOOKUP($I$1&I$8,DATA!$A:$EB,'2412'!$A123,0)/100 | J123: =VLOOKUP($I$1&J$8,DATA!$A:$EB,'2412'!$A123,0)/100 | K123: =VLOOKUP($I$1&K$8,DATA!$A:$EB,'2412'!$A123,0)/100 | L123: =VLOOKUP($I$1&L$8,DATA!$A:$EB,'2412'!$A123,0)/100 | M123: =VLOOKUP($I$1&M$8,DATA!$A:$EB,'2412'!$A123,0)/100 | N123: =VLOOKUP($I$1&N$8,DATA!$A:$EB,'2412'!$A123,0)/100 | O123: =VLOOKUP($I$1&O$8,DATA!$A:$EB,'2412'!$A123,0)/100 | P123: =VLOOKUP($I$1&P$8,DATA!$A:$EB,'2412'!$A123,0)/100 | ... T123: =VLOOKUP($I$1&T$8,DATA!$A:$EB,'2412'!$A123,0)/100
A124: =DATA!DI1 | E124: 예상보험금 | I124: =VLOOKUP($I$1&I$8,DATA!$A:$EB,'2412'!$A124,0)/100 | J124: =VLOOKUP($I$1&J$8,DATA!$A:$EB,'2412'!$A124,0)/100 | K124: =VLOOKUP($I$1&K$8,DATA!$A:$EB,'2412'!$A124,0)/100 | L124: =VLOOKUP($I$1&L$8,DATA!$A:$EB,'2412'!$A124,0)/100 | M124: =VLOOKUP($I$1&M$8,DATA!$A:$EB,'2412'!$A124,0)/100 | N124: =VLOOKUP($I$1&N$8,DATA!$A:$EB,'2412'!$A124,0)/100 | O124: =VLOOKUP($I$1&O$8,DATA!$A:$EB,'2412'!$A124,0)/100 | P124: =VLOOKUP($I$1&P$8,DATA!$A:$EB,'2412'!$A124,0)/100 | ... T124: =VLOOKUP($I$1&T$8,DATA!$A:$EB,'2412'!$A124,0)/100
A125: =DATA!DL1 | E125: 예상사업비 | I125: =VLOOKUP($I$1&I$8,DATA!$A:$EB,'2412'!$A125,0)/100 | J125: =VLOOKUP($I$1&J$8,DATA!$A:$EB,'2412'!$A125,0)/100 | K125: =VLOOKUP($I$1&K$8,DATA!$A:$EB,'2412'!$A125,0)/100 | L125: =VLOOKUP($I$1&L$8,DATA!$A:$EB,'2412'!$A125,0)/100 | M125: =VLOOKUP($I$1&M$8,DATA!$A:$EB,'2412'!$A125,0)/100 | N125: =VLOOKUP($I$1&N$8,DATA!$A:$EB,'2412'!$A125,0)/100 | O125: =VLOOKUP($I$1&O$8,DATA!$A:$EB,'2412'!$A125,0)/100 | P125: =VLOOKUP($I$1&P$8,DATA!$A:$EB,'2412'!$A125,0)/100 | ... T125: =VLOOKUP($I$1&T$8,DATA!$A:$EB,'2412'!$A125,0)/100
A126: =DATA!BY1 | E126: CSM상각액 | I126: =VLOOKUP($I$1&I$8,DATA!$A:$EB,'2412'!$A126,0)/100 | J126: =VLOOKUP($I$1&J$8,DATA!$A:$EB,'2412'!$A126,0)/100 | K126: =VLOOKUP($I$1&K$8,DATA!$A:$EB,'2412'!$A126,0)/100 | L126: =VLOOKUP($I$1&L$8,DATA!$A:$EB,'2412'!$A126,0)/100 | M126: =VLOOKUP($I$1&M$8,DATA!$A:$EB,'2412'!$A126,0)/100 | N126: =VLOOKUP($I$1&N$8,DATA!$A:$EB,'2412'!$A126,0)/100 | O126: =VLOOKUP($I$1&O$8,DATA!$A:$EB,'2412'!$A126,0)/100 | P126: =VLOOKUP($I$1&P$8,DATA!$A:$EB,'2412'!$A126,0)/100 | ... T126: =VLOOKUP($I$1&T$8,DATA!$A:$EB,'2412'!$A126,0)/100
A127: =DATA!DG1 | E127: 예실차 | I127: =VLOOKUP($I$1&I$8,DATA!$A:$EB,'2412'!$A127,0)/100 | J127: =VLOOKUP($I$1&J$8,DATA!$A:$EB,'2412'!$A127,0)/100 | K127: =VLOOKUP($I$1&K$8,DATA!$A:$EB,'2412'!$A127,0)/100 | L127: =VLOOKUP($I$1&L$8,DATA!$A:$EB,'2412'!$A127,0)/100 | M127: =VLOOKUP($I$1&M$8,DATA!$A:$EB,'2412'!$A127,0)/100 | N127: =VLOOKUP($I$1&N$8,DATA!$A:$EB,'2412'!$A127,0)/100 | O127: =VLOOKUP($I$1&O$8,DATA!$A:$EB,'2412'!$A127,0)/100 | P127: =VLOOKUP($I$1&P$8,DATA!$A:$EB,'2412'!$A127,0)/100 | ... T127: =VLOOKUP($I$1&T$8,DATA!$A:$EB,'2412'!$A127,0)/100
C130: 3-1. CSM 현황
...

Sheet 2312
C1: 기준월 | I1: 2312 | J1: =ROUNDUP(RIGHT(I1,2)/3,0)
C4: 1. 자산 구성현황
O7: (단위 : 억원)
C8: 구분 | I8: 미래 | J8: 삼성 | K8: 교보 | L8: 한화 | M8: 신한라이프 | N8: 동양 | O8: KB라이프 | P8: 삼성화재 | Q8: 현대해상 | R8: 메리츠화재 | S8: KB손보 | T8: DB손보
A9: =DATA!D$1 | C9: 자산 | I9: =VLOOKUP($I$1&I$8,DATA!$A:$EB,'2312'!$A9,0)/100 | J9: =VLOOKUP($I$1&J$8,DATA!$A:$EB,'2312'!$A9,0)/100 | K9: =VLOOKUP($I$1&K$8,DATA!$A:$EB,'2312'!$A9,0)/100 | L9: =VLOOKUP($I$1&L$8,DATA!$A:$EB,'2312'!$A9,0)/100 | M9: =VLOOKUP($I$1&M$8,DATA!$A:$EB,'2312'!$A9,0)/100 | N9: =VLOOKUP($I$1&N$8,DATA!$A:$EB,'2312'!$A9,0)/100 | O9: =VLOOKUP($I$1&O$8,DATA!$A:$EB,'2312'!$A9,0)/100 | P9: =VLOOKUP($I$1&P$8,DATA!$A:$EB,'2312'!$A9,0)/100 | ... T9: =VLOOKUP($I$1&T$8,DATA!$A:$EB,'2312'!$A9,0)/100
A10: =DATA!E1 | C10: FVPL | I10: =VLOOKUP($I$1&I$8,DATA!$A:$EB,'2312'!$A10,0)/100 | J10: =VLOOKUP($I$1&J$8,DATA!$A:$EB,'2312'!$A10,0)/100 | K10: =VLOOKUP($I$1&K$8,DATA!$A:$EB,'2312'!$A10,0)/100 | L10: =VLOOKUP($I$1&L$8,DATA!$A:$EB,'2312'!$A10,0)/100 | M10: =VLOOKUP($I$1&M$8,DATA!$A:$EB,'2312'!$A10,0)/100 | N10: =VLOOKUP($I$1&N$8,DATA!$A:$EB,'2312'!$A10,0)/100 | O10: =VLOOKUP($I$1&O$8,DATA!$A:$EB,'2312'!$A10,0)/100 | P10: =VLOOKUP($I$1&P$8,DATA!$A:$EB,'2312'!$A10,0)/100 | ... T10: =VLOOKUP($I$1&T$8,DATA!$A:$EB,'2312'!$A10,0)/100
C11: (비중) | I11: =I10/I9 | J11: =J10/J9 | K11: =K10/K9 | L11: =L10/L9 | M11: =M10/M9 | N11: =N10/N9 | O11: =O10/O9 | P11: =P10/P9 | ... T11: =T10/T9
A12: =DATA!F1 | C12: FVOCI | I12: =VLOOKUP($I$1&I$8,DATA!$A:$EB,'2312'!$A12,0)/100 | J12: =VLOOKUP($I$1&J$8,DATA!$A:$EB,'2312'!$A12,0)/100 | K12: =VLOOKUP($I$1&K$8,DATA!$A:$EB,'2312'!$A12,0)/100 | L12: =VLOOKUP($I$1&L$8,DATA!$A:$EB,'2312'!$A12,0)/100 | M12: =VLOOKUP($I$1&M$8,DATA!$A:$EB,'2312'!$A12,0)/100 | N12: =VLOOKUP($I$1&N$8,DATA!$A:$EB,'2312'!$A12,0)/100 | O12: =VLOOKUP($I$1&O$8,DATA!$A:$EB,'2312'!$A12,0)/100 | P12: =VLOOKUP($I$1&P$8,DATA!$A:$EB,'2312'!$A12,0)/100 | ... T12: =VLOOKUP($I$1&T$8,DATA!$A:$EB,'2312'!$A12,0)/100
A13: =DATA!G1 | C13: AC | I13: =VLOOKUP($I$1&I$8,DATA!$A:$EB,'2312'!$A13,0)/100 | J13: =VLOOKUP($I$1&J$8,DATA!$A:$EB,'2312'!$A13,0)/100 | K13: =VLOOKUP($I$1&K$8,DATA!$A:$EB,'2312'!$A13,0)/100 | L13: =VLOOKUP($I$1&L$8,DATA!$A:$EB,'2312'!$A13,0)/100 | M13: =VLOOKUP($I$1&M$8,DATA!$A:$EB,'2312'!$A13,0)/100 | N13: =VLOOKUP($I$1&N$8,DATA!$A:$EB,'2312'!$A13,0)/100 | O13: =VLOOKUP($I$1&O$8,DATA!$A:$EB,'2312'!$A13,0)/100 | P13: =VLOOKUP($I$1&P$8,DATA!$A:$EB,'2312'!$A13,0)/100 | ... T13: =VLOOKUP($I$1&T$8,DATA!$A:$EB,'2312'!$A13,0)/100
A14: =DATA!L1 | C14: 부채 | I14: =VLOOKUP($I$1&I$8,DATA!$A:$EB,'2312'!$A14,0)/100 | J14: =VLOOKUP($I$1&J$8,DATA!$A:$EB,'2312'!$A14,0)/100 | K14: =VLOOKUP($I$1&K$8,DATA!$A:$EB,'2312'!$A14,0)/100 | L14: =VLOOKUP($I$1&L$8,DATA!$A:$EB,'2312'!$A14,0)/100 | M14: =VLOOKUP($I$1&M$8,DATA!$A:$EB,'2312'!$A14,0)/100 | N14: =VLOOKUP($I$1&N$8,DATA!$A:$EB,'2312'!$A14,0)/100 | O14: =VLOOKUP($I$1&O$8,DATA!$A:$EB,'2312'!$A14,0)/100 | P14: =VLOOKUP($I$1&P$8,DATA!$A:$EB,'2312'!$A14,0)/100 | ... T14: =VLOOKUP($I$1&T$8,DATA!$A:$EB,'2312'!$A14,0)/100
A15: =DATA!BU1 | C15: BEL | I15: =VLOOKUP($I$1&I$8,DATA!$A:$EB,'2312'!$A15,0)/100 | J15: =VLOOKUP($I$1&J$8,DATA!$A:$EB,'2312'!$A15,0)/100 | K15: =VLOOKUP($I$1&K$8,DATA!$A:$EB,'2312'!$A15,0)/100 | L15: =VLOOKUP($I$1&L$8,DATA!$A:$EB,'2312'!$A15,0)/100 | M15: =VLOOKUP($I$1&M$8,DATA!$A:$EB,'2312'!$A15,0)/100 | N15: =VLOOKUP($I$1&N$8,DATA!$A:$EB,'2312'!$A15,0)/100 | O15: =VLOOKUP($I$1&O$8,DATA!$A:$EB,'2312'!$A15,0)/100 | P15: =VLOOKUP($I$1&P$8,DATA!$A:$EB,'2312'!$A15,0)/100 | ... T15: =VLOOKUP($I$1&T$8,DATA!$A:$EB,'2312'!$A15,0)/100
A16: =DATA!BW1 | C16: CSM | I16: =VLOOKUP($I$1&I$8,DATA!$A:$EB,'2312'!$A16,0)/100 | J16: =VLOOKUP($I$1&J$8,DATA!$A:$EB,'2312'!$A16,0)/100 | K16: =VLOOKUP($I$1&K$8,DATA!$A:$EB,'2312'!$A16,0)/100 | L16: =VLOOKUP($I$1&L$8,DATA!$A:$EB,'2312'!$A16,0)/100 | M16: =VLOOKUP($I$1&M$8,DATA!$A:$EB,'2312'!$A16,0)/100 | N16: =VLOOKUP($I$1&N$8,DATA!$A:$EB,'2312'!$A16,0)/100 | O16: =VLOOKUP($I$1&O$8,DATA!$A:$EB,'2312'!$A16,0)/100 | P16: =VLOOKUP($I$1&P$8,DATA!$A:$EB,'2312'!$A16,0)/100 | ... T16: =VLOOKUP($I$1&T$8,DATA!$A:$EB,'2312'!$A16,0)/100
C17: (비중) | I17: =I16/I14 | J17: =J16/J14 | K17: =K16/K14 | L17: =L16/L14 | M17: =M16/M14 | N17: =N16/N14 | O17: =O16/O14 | P17: =P16/P14 | ... T17: =T16/T14
A18: =DATA!BV1 | C18: RA | I18: =VLOOKUP($I$1&I$8,DATA!$A:$EB,'2312'!$A18,0)/100 | J18: =VLOOKUP($I$1&J$8,DATA!$A:$EB,'2312'!$A18,0)/100 | K18: =VLOOKUP($I$1&K$8,DATA!$A:$EB,'2312'!$A18,0)/100 | L18: =VLOOKUP($I$1&L$8,DATA!$A:$EB,'2312'!$A18,0)/100 | M18: =VLOOKUP($I$1&M$8,DATA!$A:$EB,'2312'!$A18,0)/100 | N18: =VLOOKUP($I$1&N$8,DATA!$A:$EB,'2312'!$A18,0)/100 | O18: =VLOOKUP($I$1&O$8,DATA!$A:$EB,'2312'!$A18,0)/100 | P18: =VLOOKUP($I$1&P$8,DATA!$A:$EB,'2312'!$A18,0)/100 | ... T18: =VLOOKUP($I$1&T$8,DATA!$A:$EB,'2312'!$A18,0)/100
A19: =DATA!N1 | C19: 자기자본_신종자본증권제외 | I19: =VLOOKUP($I$1&I$8,DATA!$A:$EB,'2312'!$A19,0)/100 | J19: =VLOOKUP($I$1&J$8,DATA!$A:$EB,'2312'!$A19,0)/100 | K19: =VLOOKUP($I$1&K$8,DATA!$A:$EB,'2312'!$A19,0)/100 | L19: =VLOOKUP($I$1&L$8,DATA!$A:$EB,'2312'!$A19,0)/100 | M19: =VLOOKUP($I$1&M$8,DATA!$A:$EB,'2312'!$A19,0)/100 | N19: =VLOOKUP($I$1&N$8,DATA!$A:$EB,'2312'!$A19,0)/100 | O19: =VLOOKUP($I$1&O$8,DATA!$A:$EB,'2312'!$A19,0)/100 | P19: =VLOOKUP($I$1&P$8,DATA!$A:$EB,'2312'!$A19,0)/100 | ... T19: =VLOOKUP($I$1&T$8,DATA!$A:$EB,'2312'!$A19,0)/100
C20: (전기자본 대비) | I20: =+I37 | J20: =+J37 | K20: =+K37 | L20: =+L37 | M20: =+M37 | N20: =+N37 | O20: =+O37 | P20: =+P37 | ... T20: =+T37
C21: (자본증감율) | I21: =+I20/(I19-I20) | J21: =+J20/(J19-J20) | K21: =+K20/(K19-K20) | L21: =+L20/(L19-L20) | M21: =+M20/(M19-M20) | N21: =+N20/(N19-N20) | O21: =+O20/(O19-O20) | P21: =+P20/(P19-P20) | ... T21: =+T20/(T19-T20)
A22: =DATA!R1 | C22: 이익잉여금 | I22: =VLOOKUP($I$1&I$8,DATA!$A:$EB,'2312'!$A22,0)/100 | J22: =VLOOKUP($I$1&J$8,DATA!$A:$EB,'2312'!$A22,0)/100 | K22: =VLOOKUP($I$1&K$8,DATA!$A:$EB,'2312'!$A22,0)/100 | L22: =VLOOKUP($I$1&L$8,DATA!$A:$EB,'2312'!$A22,0)/100 | M22: =VLOOKUP($I$1&M$8,DATA!$A:$EB,'2312'!$A22,0)/100 | N22: =VLOOKUP($I$1&N$8,DATA!$A:$EB,'2312'!$A22,0)/100 | O22: =VLOOKUP($I$1&O$8,DATA!$A:$EB,'2312'!$A22,0)/100 | P22: =VLOOKUP($I$1&P$8,DATA!$A:$EB,'2312'!$A22,0)/100 | ... T22: =VLOOKUP($I$1&T$8,DATA!$A:$EB,'2312'!$A22,0)/100
A23: =DATA!Q1 | C23: 기타포괄 | I23: =VLOOKUP($I$1&I$8,DATA!$A:$EB,'2312'!$A23,0)/100 | J23: =VLOOKUP($I$1&J$8,DATA!$A:$EB,'2312'!$A23,0)/100 | K23: =VLOOKUP($I$1&K$8,DATA!$A:$EB,'2312'!$A23,0)/100 | L23: =VLOOKUP($I$1&L$8,DATA!$A:$EB,'2312'!$A23,0)/100 | M23: =VLOOKUP($I$1&M$8,DATA!$A:$EB,'2312'!$A23,0)/100 | N23: =VLOOKUP($I$1&N$8,DATA!$A:$EB,'2312'!$A23,0)/100 | O23: =VLOOKUP($I$1&O$8,DATA!$A:$EB,'2312'!$A23,0)/100 | P23: =VLOOKUP($I$1&P$8,DATA!$A:$EB,'2312'!$A23,0)/100 | ... T23: =VLOOKUP($I$1&T$8,DATA!$A:$EB,'2312'!$A23,0)/100
C24: (기타포괄손익 증감) | I24: =I23-I38 | J24: =J23-J38 | K24: =K23-K38 | L24: =L23-L38 | M24: =M23-M38 | N24: =N23-N38 | O24: =O23-O38 | P24: =P23-P38 | ... T24: =T23-T38
C25: (자기자본 대비 기타포괄손익 증감율) | I25: =I24/I36 | J25: =J24/J36 | K25: =K24/K36 | L25: =L24/L36 | M25: =M24/M36 | N25: =N24/N36 | O25: =O24/O36 | P25: =P24/P36 | ... T25: =T24/T36
C26: (보험계약부채대비 기타포괄손익 증감율) | I26: =I24/I45 | J26: =J24/J45 | K26: =K24/K45 | L26: =L24/L45 | M26: =M24/M45 | N26: =N24/N45 | O26: =O24/O45 | P26: =P24/P45 | ... T26: =T24/T45
A29: =DATA!O1 | C29: 자기자본 | I29: =VLOOKUP($I$1&I$8,DATA!$A:$EB,'2312'!$A29,0)/100 | J29: =VLOOKUP($I$1&J$8,DATA!$A:$EB,'2312'!$A29,0)/100 | K29: =VLOOKUP($I$1&K$8,DATA!$A:$EB,'2312'!$A29,0)/100 | L29: =VLOOKUP($I$1&L$8,DATA!$A:$EB,'2312'!$A29,0)/100 | M29: =VLOOKUP($I$1&M$8,DATA!$A:$EB,'2312'!$A29,0)/100 | N29: =VLOOKUP($I$1&N$8,DATA!$A:$EB,'2312'!$A29,0)/100 | O29: =VLOOKUP($I$1&O$8,DATA!$A:$EB,'2312'!$A29,0)/100 | P29: =VLOOKUP($I$1&P$8,DATA!$A:$EB,'2312'!$A29,0)/100 | ... T29: =VLOOKUP($I$1&T$8,DATA!$A:$EB,'2312'!$A29,0)/100
C33: - 금융자산비중 | I33: =+I22/I9 | J33: =+J22/J9 | K33: =+K22/K9 | L33: =+L22/L9 | M33: =+M22/M9 | N33: =+N22/N9 | O33: =+O22/O9 | P33: =+P22/P9 | ... T33: =+T22/T9
A36: =DATA!T1 | C36: * 전기자기자본 | I36: =VLOOKUP($I$1&I$8,DATA!$A:$EB,'2312'!$A36,0)/100 | J36: =VLOOKUP($I$1&J$8,DATA!$A:$EB,'2312'!$A36,0)/100 | K36: =VLOOKUP($I$1&K$8,DATA!$A:$EB,'2312'!$A36,0)/100 | L36: =VLOOKUP($I$1&L$8,DATA!$A:$EB,'2312'!$A36,0)/100 | M36: =VLOOKUP($I$1&M$8,DATA!$A:$EB,'2312'!$A36,0)/100 | N36: =VLOOKUP($I$1&N$8,DATA!$A:$EB,'2312'!$A36,0)/100 | O36: =VLOOKUP($I$1&O$8,DATA!$A:$EB,'2312'!$A36,0)/100 | P36: =VLOOKUP($I$1&P$8,DATA!$A:$EB,'2312'!$A36,0)/100 | ... T36: =VLOOKUP($I$1&T$8,DATA!$A:$EB,'2312'!$A36,0)/100
C37: - 전기대비 증감 | I37: =I19-I36 | J37: =J19-J36 | K37: =K19-K36 | L37: =L19-L36 | M37: =M19-M36 | N37: =N19-N36 | O37: =O19-O36 | P37: =P19-P36 | ... T37: =T19-T36
A38: =DATA!BC1 | C38: * 전기기타포괄 | I38: =VLOOKUP($I$1&I$8,DATA!$A:$EB,'2312'!$A38,0)/100 | J38: =VLOOKUP($I$1&J$8,DATA!$A:$EB,'2312'!$A38,0)/100 | K38: =VLOOKUP($I$1&K$8,DATA!$A:$EB,'2312'!$A38,0)/100 | L38: =VLOOKUP($I$1&L$8,DATA!$A:$EB,'2312'!$A38,0)/100 | M38: =VLOOKUP($I$1&M$8,DATA!$A:$EB,'2312'!$A38,0)/100 | N38: =VLOOKUP($I$1&N$8,DATA!$A:$EB,'2312'!$A38,0)/100 | O38: =VLOOKUP($I$1&O$8,DATA!$A:$EB,'2312'!$A38,0)/100 | P38: =VLOOKUP($I$1&P$8,DATA!$A:$EB,'2312'!$A38,0)/100 | ... T38: =VLOOKUP($I$1&T$8,DATA!$A:$EB,'2312'!$A38,0)/100
A39: =DATA!BN1 | C39: 1) 결산배당 | I39: =VLOOKUP($I$1&I$8,DATA!$A:$EB,'2312'!$A39,0)/100 | J39: =VLOOKUP($I$1&J$8,DATA!$A:$EB,'2312'!$A39,0)/100 | K39: =VLOOKUP($I$1&K$8,DATA!$A:$EB,'2312'!$A39,0)/100 | L39: =VLOOKUP($I$1&L$8,DATA!$A:$EB,'2312'!$A39,0)/100 | M39: =VLOOKUP($I$1&M$8,DATA!$A:$EB,'2312'!$A39,0)/100 | N39: =VLOOKUP($I$1&N$8,DATA!$A:$EB,'2312'!$A39,0)/100 | O39: =VLOOKUP($I$1&O$8,DATA!$A:$EB,'2312'!$A39,0)/100 | P39: =VLOOKUP($I$1&P$8,DATA!$A:$EB,'2312'!$A39,0)/100 | ... T39: =VLOOKUP($I$1&T$8,DATA!$A:$EB,'2312'!$A39,0)/100
A40: =DATA!BR1 | C40: 2) 기타배당 | I40: =VLOOKUP($I$1&I$8,DATA!$A:$EB,'2312'!$A40,0)/100 | J40: =VLOOKUP($I$1&J$8,DATA!$A:$EB,'2312'!$A40,0)/100 | K40: =VLOOKUP($I$1&K$8,DATA!$A:$EB,'2312'!$A40,0)/100 | L40: =VLOOKUP($I$1&L$8,DATA!$A:$EB,'2312'!$A40,0)/100 | M40: =VLOOKUP($I$1&M$8,DATA!$A:$EB,'2312'!$A40,0)/100 | N40: =VLOOKUP($I$1&N$8,DATA!$A:$EB,'2312'!$A40,0)/100 | O40: =VLOOKUP($I$1&O$8,DATA!$A:$EB,'2312'!$A40,0)/100 | P40: =VLOOKUP($I$1&P$8,DATA!$A:$EB,'2312'!$A40,0)/100 | ... T40: =VLOOKUP($I$1&T$8,DATA!$A:$EB,'2312'!$A40,0)/100
C41: 배당합계 | I41: =I39+I40 | J41: =J39+J40 | K41: =K39+K40 | L41: =L39+L40 | M41: =M39+M40 | N41: =N39+N40 | O41: =O39+O40 | P41: =P39+P40 | ... T41: =T39+T40
C42: 배당제외 자본증가금액 | I42: =I37-I41 | J42: =J37-J41 | K42: =K37-K41 | L42: =L37-L41 | M42: =M37-M41 | N42: =N37-N41 | O42: =O37-O41 | P42: =P37-P41 | ... T42: =T37-T41
C43: - 배당제외 기준 자본증가율 | I43: =I42/I36 | J43: =J42/J36 | K43: =K42/K36 | L43: =L42/L36 | M43: =M42/M36 | N43: =N42/N36 | O43: =O42/O36 | P43: =P42/P36 | ... T43: =T42/T36
C45: * 전기 BEL+RA+CSM | I45: =전기말!I6 | J45: =전기말!J6 | K45: =전기말!K6 | L45: =전기말!L6 | M45: =전기말!M6 | N45: =전기말!N6 | O45: =전기말!O6 | P45: =전기말!P6 | ... T45: =전기말!T6
A46: =DATA!M1 | C46: 보험계약부채 | I46: =VLOOKUP($I$1&I$8,DATA!$A:$EB,'2312'!$A46,0)/100 | J46: =VLOOKUP($I$1&J$8,DATA!$A:$EB,'2312'!$A46,0)/100 | K46: =VLOOKUP($I$1&K$8,DATA!$A:$EB,'2312'!$A46,0)/100 | L46: =VLOOKUP($I$1&L$8,DATA!$A:$EB,'2312'!$A46,0)/100 | M46: =VLOOKUP($I$1&M$8,DATA!$A:$EB,'2312'!$A46,0)/100 | N46: =VLOOKUP($I$1&N$8,DATA!$A:$EB,'2312'!$A46,0)/100 | O46: =VLOOKUP($I$1&O$8,DATA!$A:$EB,'2312'!$A46,0)/100 | P46: =VLOOKUP($I$1&P$8,DATA!$A:$EB,'2312'!$A46,0)/100 | ... T46: =VLOOKUP($I$1&T$8,DATA!$A:$EB,'2312'!$A46,0)/100
I47: =I23/I46 | J47: =J23/J46 | K47: =K23/K46 | L47: =L23/L46 | M47: =M23/M46 | N47: =N23/N46 | O47: =O23/O46 | P47: =P23/P46 | ... T47: =T23/T46
I48: =I72/I46 | J48: =J72/J46 | K48: =K72/K46 | L48: =L72/L46 | M48: =M72/M46 | N48: =N72/N46 | O48: =O72/O46 | P48: =P72/P46 | ... T48: =T72/T46
C49: *전기보험계약부채
A55: =DATA!BM1 | C55: * 전기말 이익잉여금 | I55: =VLOOKUP($I$1&I$8,DATA!$A:$EB,'2312'!$A55,0)/100 | J55: =VLOOKUP($I$1&J$8,DATA!$A:$EB,'2312'!$A55,0)/100 | K55: =VLOOKUP($I$1&K$8,DATA!$A:$EB,'2312'!$A55,0)/100 | L55: =VLOOKUP($I$1&L$8,DATA!$A:$EB,'2312'!$A55,0)/100 | M55: =VLOOKUP($I$1&M$8,DATA!$A:$EB,'2312'!$A55,0)/100 | N55: =VLOOKUP($I$1&N$8,DATA!$A:$EB,'2312'!$A55,0)/100 | O55: =VLOOKUP($I$1&O$8,DATA!$A:$EB,'2312'!$A55,0)/100 | P55: =VLOOKUP($I$1&P$8,DATA!$A:$EB,'2312'!$A55,0)/100 | ... T55: =VLOOKUP($I$1&T$8,DATA!$A:$EB,'2312'!$A55,0)/100
D56: 전기말 대비 | I56: =+I22-I55 | J56: =+J22-J55 | K56: =+K22-K55 | L56: =+L22-L55 | M56: =+M22-M55 | N56: =+N22-N55 | O56: =+O22-O55 | P56: =+P22-P55 | ... T56: =+T22-T55
I57: =I22-'2406'!I20 | J57: =J22-'2406'!J20 | K57: =K22-'2406'!K20 | L57: =L22-'2406'!L20 | M57: =M22-'2406'!M20 | N57: =N22-'2406'!N20 | O57: =O22-'2406'!O20 | P57: =P22-'2406'!P20 | ... T57: =T22-'2406'!T20
C60: 2. 자본 세부
T61: (단위 : 억원)
C62: 구분 | I62: 미래에셋생명 | J62: 삼성생명 | K62: 교보생명 | L62: 한화생명 | M62: 신한라이프 | N62: 동양생명 | O62: KB라이프 | P62: 삼성화재 | Q62: 현대해상 | R62: 메리츠화재 | S62: KB손보 | T62: DB손보
C63: 이익잉여금 | I63: =I22 | J63: =J22 | K63: =K22 | L63: =L22 | M63: =M22 | N63: =N22 | O63: =O22 | P63: =P22 | ... T63: =T22
A64: =DATA!CU1 | C64: 해약환급금준비금 | I64: =VLOOKUP($I$1&I$8,DATA!$A:$EB,'2312'!$A64,0)/100 | J64: =VLOOKUP($I$1&J$8,DATA!$A:$EB,'2312'!$A64,0)/100 | K64: =VLOOKUP($I$1&K$8,DATA!$A:$EB,'2312'!$A64,0)/100 | L64: =VLOOKUP($I$1&L$8,DATA!$A:$EB,'2312'!$A64,0)/100 | M64: =VLOOKUP($I$1&M$8,DATA!$A:$EB,'2312'!$A64,0)/100 | N64: =VLOOKUP($I$1&N$8,DATA!$A:$EB,'2312'!$A64,0)/100 | O64: =VLOOKUP($I$1&O$8,DATA!$A:$EB,'2312'!$A64,0)/100 | P64: =VLOOKUP($I$1&P$8,DATA!$A:$EB,'2312'!$A64,0)/100 | ... T64: =VLOOKUP($I$1&T$8,DATA!$A:$EB,'2312'!$A64,0)/100
C65: (이익잉여금 대비 해약환급금 준비금 비율) | I65: =I64/I63 | J65: =J64/J63 | K65: =K64/K63 | L65: =L64/L63 | M65: =M64/M63 | N65: =N64/N63 | O65: =O64/O63 | P65: =P64/P63 | ... T65: =T64/T63
C66: (자기자본 대비 해약환급금 준비금 비율) | I66: =I64/I19 | J66: =J64/J19 | K66: =K64/K19 | L66: =L64/L19 | M66: =M64/M19 | N66: =N64/N19 | O66: =O64/O19 | P66: =P64/P19 | ... T66: =T64/T19
A67: =DATA!X1 | C67: 기타포괄손익 | I67: =VLOOKUP($I$1&I$8,DATA!$A:$EB,'2312'!$A67,0)/100 | J67: =VLOOKUP($I$1&J$8,DATA!$A:$EB,'2312'!$A67,0)/100 | K67: =VLOOKUP($I$1&K$8,DATA!$A:$EB,'2312'!$A67,0)/100 | L67: =VLOOKUP($I$1&L$8,DATA!$A:$EB,'2312'!$A67,0)/100 | M67: =VLOOKUP($I$1&M$8,DATA!$A:$EB,'2312'!$A67,0)/100 | N67: =VLOOKUP($I$1&N$8,DATA!$A:$EB,'2312'!$A67,0)/100 | O67: =VLOOKUP($I$1&O$8,DATA!$A:$EB,'2312'!$A67,0)/100 | P67: =VLOOKUP($I$1&P$8,DATA!$A:$EB,'2312'!$A67,0)/100 | ... T67: =VLOOKUP($I$1&T$8,DATA!$A:$EB,'2312'!$A67,0)/100
C68: FVOCI평가손익 (현금흐름위험회피파생평가손익 포함) | I68: =I79+I80 | J68: =J79+J80 | K68: =K79+K80 | L68: =L79+L80 | M68: =M79+M80 | N68: =N79+N80 | O68: =O79+O80 | P68: =P79+P80 | ... T68: =T79+T80
D69: 전기대비 | I69: =+I68-I84 | J69: =+J68-J84 | K69: =+K68-K84 | L69: =+L68-L84 | M69: =+M68-M84 | N69: =+N68-N84 | O69: =+O68-O84 | P69: =+P68-P84 | ... T69: =+T68-T84
E70: 운용자산대비 증감율 | I70: =I69/I77 | J70: =J69/J77 | K70: =K69/K77 | L70: =L69/L77 | M70: =M69/M77 | N70: =N69/N77 | O70: =O69/O77 | P70: =P69/P77 | ... T70: =T69/T77
C71: 보험부채순금융손익(재보포함) | I71: =+I81+I82 | J71: =+J81+J82 | K71: =+K81+K82 | L71: =+L81+L82 | M71: =+M81+M82 | N71: =+N81+N82 | O71: =+O81+O82 | P71: =+P81+P82 | ... T71: =+T81+T82
D72: 전기대비 | I72: =I71-I85 | J72: =J71-J85 | K72: =K71-K85 | L72: =L71-L85 | M72: =M71-M85 | N72: =N71-N85 | O72: =O71-O85 | P72: =P71-P85 | ... T72: =T71-T85
D73: 보험부채대비 증감율 | I73: =I72/I45 | J73: =J72/J45 | K73: =K72/K45 | L73: =L72/L45 | M73: =M72/M45 | N73: =N72/N45 | O73: =O72/O45 | P73: =P72/P45 | ... T73: =T72/T45
A74: =DATA!V1 | C74: 운용자산 | I74: =VLOOKUP($I$1&I$8,DATA!$A:$EB,'2312'!$A74,0)/100 | J74: =VLOOKUP($I$1&J$8,DATA!$A:$EB,'2312'!$A74,0)/100 | K74: =VLOOKUP($I$1&K$8,DATA!$A:$EB,'2312'!$A74,0)/100 | L74: =VLOOKUP($I$1&L$8,DATA!$A:$EB,'2312'!$A74,0)/100 | M74: =VLOOKUP($I$1&M$8,DATA!$A:$EB,'2312'!$A74,0)/100 | N74: =VLOOKUP($I$1&N$8,DATA!$A:$EB,'2312'!$A74,0)/100 | O74: =VLOOKUP($I$1&O$8,DATA!$A:$EB,'2312'!$A74,0)/100 | P74: =VLOOKUP($I$1&P$8,DATA!$A:$EB,'2312'!$A74,0)/100 | ... T74: =VLOOKUP($I$1&T$8,DATA!$A:$EB,'2312'!$A74,0)/100
C75: 레버리지비율(운용자산/자본) | I75: =I74/I19 | J75: =J74/J19 | K75: =K74/K19 | L75: =L74/L19 | M75: =M74/M19 | N75: =N74/N19 | O75: =O74/O19 | P75: =P74/P19 | ... T75: =T74/T19
D77: 전기운용자산 | I77: =전기말!I18 | J77: =전기말!J18 | K77: =전기말!K18 | L77: =전기말!L18 | M77: =전기말!M18 | N77: =전기말!N18 | O77: =전기말!O18 | P77: =전기말!P18 | ... T77: =전기말!T18
A79: =DATA!Y1 | C79: FVOCI평가손익 | I79: =VLOOKUP($I$1&I$8,DATA!$A:$EB,'2312'!$A79,0)/100 | J79: =VLOOKUP($I$1&J$8,DATA!$A:$EB,'2312'!$A79,0)/100 | K79: =VLOOKUP($I$1&K$8,DATA!$A:$EB,'2312'!$A79,0)/100 | L79: =VLOOKUP($I$1&L$8,DATA!$A:$EB,'2312'!$A79,0)/100 | M79: =VLOOKUP($I$1&M$8,DATA!$A:$EB,'2312'!$A79,0)/100 | N79: =VLOOKUP($I$1&N$8,DATA!$A:$EB,'2312'!$A79,0)/100 | O79: =VLOOKUP($I$1&O$8,DATA!$A:$EB,'2312'!$A79,0)/100 | P79: =VLOOKUP($I$1&P$8,DATA!$A:$EB,'2312'!$A79,0)/100 | ... T79: =VLOOKUP($I$1&T$8,DATA!$A:$EB,'2312'!$A79,0)/100
A80: =DATA!AB1 | C80: 현금흐름위험회피 | I80: =VLOOKUP($I$1&I$8,DATA!$A:$EB,'2312'!$A80,0)/100 | J80: =VLOOKUP($I$1&J$8,DATA!$A:$EB,'2312'!$A80,0)/100 | K80: =VLOOKUP($I$1&K$8,DATA!$A:$EB,'2312'!$A80,0)/100 | L80: =VLOOKUP($I$1&L$8,DATA!$A:$EB,'2312'!$A80,0)/100 | M80: =VLOOKUP($I$1&M$8,DATA!$A:$EB,'2312'!$A80,0)/100 | N80: =VLOOKUP($I$1&N$8,DATA!$A:$EB,'2312'!$A80,0)/100 | O80: =VLOOKUP($I$1&O$8,DATA!$A:$EB,'2312'!$A80,0)/100 | P80: =VLOOKUP($I$1&P$8,DATA!$A:$EB,'2312'!$A80,0)/100 | ... T80: =VLOOKUP($I$1&T$8,DATA!$A:$EB,'2312'!$A80,0)/100
A81: =+DATA!Z1 | C81: 보험계약자산(부채)순금융손익 | I81: =VLOOKUP($I$1&I$8,DATA!$A:$EB,'2312'!$A81,0)/100 | J81: =VLOOKUP($I$1&J$8,DATA!$A:$EB,'2312'!$A81,0)/100 | K81: =VLOOKUP($I$1&K$8,DATA!$A:$EB,'2312'!$A81,0)/100 | L81: =VLOOKUP($I$1&L$8,DATA!$A:$EB,'2312'!$A81,0)/100 | M81: =VLOOKUP($I$1&M$8,DATA!$A:$EB,'2312'!$A81,0)/100 | N81: =VLOOKUP($I$1&N$8,DATA!$A:$EB,'2312'!$A81,0)/100 | O81: =VLOOKUP($I$1&O$8,DATA!$A:$EB,'2312'!$A81,0)/100 | P81: =VLOOKUP($I$1&P$8,DATA!$A:$EB,'2312'!$A81,0)/100 | ... T81: =VLOOKUP($I$1&T$8,DATA!$A:$EB,'2312'!$A81,0)/100
A82: =+DATA!AA1 | C82: 재보험계약자산(부채) | I82: =VLOOKUP($I$1&I$8,DATA!$A:$EB,'2312'!$A82,0)/100 | J82: =VLOOKUP($I$1&J$8,DATA!$A:$EB,'2312'!$A82,0)/100 | K82: =VLOOKUP($I$1&K$8,DATA!$A:$EB,'2312'!$A82,0)/100 | L82: =VLOOKUP($I$1&L$8,DATA!$A:$EB,'2312'!$A82,0)/100 | M82: =VLOOKUP($I$1&M$8,DATA!$A:$EB,'2312'!$A82,0)/100 | N82: =VLOOKUP($I$1&N$8,DATA!$A:$EB,'2312'!$A82,0)/100 | O82: =VLOOKUP($I$1&O$8,DATA!$A:$EB,'2312'!$A82,0)/100 | P82: =VLOOKUP($I$1&P$8,DATA!$A:$EB,'2312'!$A82,0)/100 | ... T82: =VLOOKUP($I$1&T$8,DATA!$A:$EB,'2312'!$A82,0)/100
C84: 전기 FVOCI평가손익 (현금흐름위험회피파생평가손익 포함) | I84: =전기말!I11+전기말!I12 | J84: =전기말!J11+전기말!J12 | K84: =전기말!K11+전기말!K12 | L84: =전기말!L11+전기말!L12 | M84: =전기말!M11+전기말!M12 | N84: =전기말!N11+전기말!N12 | O84: =전기말!O11+전기말!O12 | P84: =전기말!P11+전기말!P12 | ... T84: =전기말!T11+전기말!T12
C85: 전기 보험부채순금융손익(재보포함) | I85: =+전기말!I13+전기말!I14 | J85: =+전기말!J13+전기말!J14 | K85: =+전기말!K13+전기말!K14 | L85: =+전기말!L13+전기말!L14 | M85: =+전기말!M13+전기말!M14 | N85: =+전기말!N13+전기말!N14 | O85: =+전기말!O13+전기말!O14 | P85: =+전기말!P13+전기말!P14 | ... T85: =+전기말!T13+전기말!T14
C89: 2. 재무건전성(잠정치)
T90: (단위 : 억원)
C91: 구분 | I91: 미래에셋생명 | J91: 삼성생명 | K91: 교보생명 | L91: 한화생명 | M91: 신한라이프 | N91: 동양생명 | O91: KB라이프 | P91: 삼성화재 | Q91: 현대해상 | R91: 메리츠화재 | S91: KB손보 | T91: DB손보
A92: =DATA!$CN$1 | C92: K-ICS | I92: =VLOOKUP($I$1&I$8,DATA!$A:$EB,'2312'!$A92,0) | J92: =VLOOKUP($I$1&J$8,DATA!$A:$EB,'2312'!$A92,0) | K92: =VLOOKUP($I$1&K$8,DATA!$A:$EB,'2312'!$A92,0) | L92: =VLOOKUP($I$1&L$8,DATA!$A:$EB,'2312'!$A92,0) | M92: =VLOOKUP($I$1&M$8,DATA!$A:$EB,'2312'!$A92,0) | N92: =VLOOKUP($I$1&N$8,DATA!$A:$EB,'2312'!$A92,0) | O92: =VLOOKUP($I$1&O$8,DATA!$A:$EB,'2312'!$A92,0) | P92: =VLOOKUP($I$1&P$8,DATA!$A:$EB,'2312'!$A92,0) | ... T92: =VLOOKUP($I$1&T$8,DATA!$A:$EB,'2312'!$A92,0)
A93: =DATA!$CO$1 | C93: 가용자본 | I93: =VLOOKUP($I$1&I$8,DATA!$A:$EB,'2312'!$A93,0)/100 | J93: =VLOOKUP($I$1&J$8,DATA!$A:$EB,'2312'!$A93,0)/100 | K93: =VLOOKUP($I$1&K$8,DATA!$A:$EB,'2312'!$A93,0)/100 | L93: =VLOOKUP($I$1&L$8,DATA!$A:$EB,'2312'!$A93,0)/100 | M93: =VLOOKUP($I$1&M$8,DATA!$A:$EB,'2312'!$A93,0)/100 | N93: =VLOOKUP($I$1&N$8,DATA!$A:$EB,'2312'!$A93,0)/100 | O93: =VLOOKUP($I$1&O$8,DATA!$A:$EB,'2312'!$A93,0)/100 | P93: =VLOOKUP($I$1&P$8,DATA!$A:$EB,'2312'!$A93,0)/100 | ... T93: =VLOOKUP($I$1&T$8,DATA!$A:$EB,'2312'!$A93,0)/100
A94: =DATA!$CP$1 | C94: 요구자본 | I94: =VLOOKUP($I$1&I$8,DATA!$A:$EB,'2312'!$A94,0)/100 | J94: =VLOOKUP($I$1&J$8,DATA!$A:$EB,'2312'!$A94,0)/100 | K94: =VLOOKUP($I$1&K$8,DATA!$A:$EB,'2312'!$A94,0)/100 | L94: =VLOOKUP($I$1&L$8,DATA!$A:$EB,'2312'!$A94,0)/100 | M94: =VLOOKUP($I$1&M$8,DATA!$A:$EB,'2312'!$A94,0)/100 | N94: =VLOOKUP($I$1&N$8,DATA!$A:$EB,'2312'!$A94,0)/100 | O94: =VLOOKUP($I$1&O$8,DATA!$A:$EB,'2312'!$A94,0)/100 | P94: =VLOOKUP($I$1&P$8,DATA!$A:$EB,'2312'!$A94,0)/100 | ... T94: =VLOOKUP($I$1&T$8,DATA!$A:$EB,'2312'!$A94,0)/100
C95: * 경과조치 전
C97: 3. 재무건전성(확정치)
T98: (단위 : 억원)
C99: 구분 | I99: 미래에셋생명 | J99: 삼성생명 | K99: 교보생명 | L99: 한화생명 | M99: 신한라이프 | N99: 동양생명 | O99: KB라이프 | P99: 삼성화재 | Q99: 현대해상 | R99: 메리츠화재 | S99: KB손보 | T99: DB손보
A100: =DATA!$CQ$1 | C100: K-ICS | I100: =VLOOKUP($I$1&I$8,DATA!$A:$EB,'2312'!$A100,0) | J100: =VLOOKUP($I$1&J$8,DATA!$A:$EB,'2312'!$A100,0) | K100: =VLOOKUP($I$1&K$8,DATA!$A:$EB,'2312'!$A100,0) | L100: =VLOOKUP($I$1&L$8,DATA!$A:$EB,'2312'!$A100,0) | M100: =VLOOKUP($I$1&M$8,DATA!$A:$EB,'2312'!$A100,0) | N100: =VLOOKUP($I$1&N$8,DATA!$A:$EB,'2312'!$A100,0) | O100: =VLOOKUP($I$1&O$8,DATA!$A:$EB,'2312'!$A100,0) | P100: =VLOOKUP($I$1&P$8,DATA!$A:$EB,'2312'!$A100,0) | ... T100: =VLOOKUP($I$1&T$8,DATA!$A:$EB,'2312'!$A100,0)
A101: =DATA!$CR$1 | C101: 가용자본 | I101: =VLOOKUP($I$1&I$8,DATA!$A:$EB,'2312'!$A101,0)/100 | J101: =VLOOKUP($I$1&J$8,DATA!$A:$EB,'2312'!$A101,0)/100 | K101: =VLOOKUP($I$1&K$8,DATA!$A:$EB,'2312'!$A101,0)/100 | L101: =VLOOKUP($I$1&L$8,DATA!$A:$EB,'2312'!$A101,0)/100 | M101: =VLOOKUP($I$1&M$8,DATA!$A:$EB,'2312'!$A101,0)/100 | N101: =VLOOKUP($I$1&N$8,DATA!$A:$EB,'2312'!$A101,0)/100 | O101: =VLOOKUP($I$1&O$8,DATA!$A:$EB,'2312'!$A101,0)/100 | P101: =VLOOKUP($I$1&P$8,DATA!$A:$EB,'2312'!$A101,0)/100 | ... T101: =VLOOKUP($I$1&T$8,DATA!$A:$EB,'2312'!$A101,0)/100
A102: =DATA!$CS$1 | C102: 요구자본 | I102: =VLOOKUP($I$1&I$8,DATA!$A:$EB,'2312'!$A102,0)/100 | J102: =VLOOKUP($I$1&J$8,DATA!$A:$EB,'2312'!$A102,0)/100 | K102: =VLOOKUP($I$1&K$8,DATA!$A:$EB,'2312'!$A102,0)/100 | L102: =VLOOKUP($I$1&L$8,DATA!$A:$EB,'2312'!$A102,0)/100 | M102: =VLOOKUP($I$1&M$8,DATA!$A:$EB,'2312'!$A102,0)/100 | N102: =VLOOKUP($I$1&N$8,DATA!$A:$EB,'2312'!$A102,0)/100 | O102: =VLOOKUP($I$1&O$8,DATA!$A:$EB,'2312'!$A102,0)/100 | P102: =VLOOKUP($I$1&P$8,DATA!$A:$EB,'2312'!$A102,0)/100 | ... T102: =VLOOKUP($I$1&T$8,DATA!$A:$EB,'2312'!$A102,0)/100
C103: * 경과조치 전
C104: 전기말 | I104: =전기말!I16 | J104: =전기말!J16 | K104: =전기말!K16 | L104: =전기말!L16 | M104: =전기말!M16 | N104: =전기말!N16 | O104: =전기말!O16 | P104: =전기말!P16 | ... T104: =전기말!T16
I105: =+I100-I104 | J105: =+J100-J104 | K105: =+K100-K104 | L105: =+L100-L104 | M105: =+M100-M104 | N105: =+N100-N104 | O105: =+O100-O104 | P105: =+P100-P104 | ... T105: =+T100-T104
C106: 3. 손익현황
T107: (단위 : 억원)
C108: 구분 | I108: 미래에셋생명 | J108: 삼성생명 | K108: 교보생명 | L108: 한화생명 | M108: 신한라이프 | N108: 동양생명 | O108: KB라이프 | P108: 삼성화재 | Q108: 현대해상 | R108: 메리츠화재 | S108: KB손보 | T108: DB손보
A109: =DATA!AV1 | C109: 보험손익 | I109: =VLOOKUP($I$1&I$8,DATA!$A:$EB,'2312'!$A109,0)/100 | J109: =VLOOKUP($I$1&J$8,DATA!$A:$EB,'2312'!$A109,0)/100 | K109: =VLOOKUP($I$1&K$8,DATA!$A:$EB,'2312'!$A109,0)/100 | L109: =VLOOKUP($I$1&L$8,DATA!$A:$EB,'2312'!$A109,0)/100 | M109: =VLOOKUP($I$1&M$8,DATA!$A:$EB,'2312'!$A109,0)/100 | N109: =VLOOKUP($I$1&N$8,DATA!$A:$EB,'2312'!$A109,0)/100 | O109: =VLOOKUP($I$1&O$8,DATA!$A:$EB,'2312'!$A109,0)/100 | P109: =VLOOKUP($I$1&P$8,DATA!$A:$EB,'2312'!$A109,0)/100 | ... T109: =VLOOKUP($I$1&T$8,DATA!$A:$EB,'2312'!$A109,0)/100
A110: =DATA!DC1 | D110: 손해율 | I110: =VLOOKUP($I$1&I$8,DATA!$A:$EB,'2312'!$A110,0) | J110: =VLOOKUP($I$1&J$8,DATA!$A:$EB,'2312'!$A110,0) | K110: =VLOOKUP($I$1&K$8,DATA!$A:$EB,'2312'!$A110,0) | L110: =VLOOKUP($I$1&L$8,DATA!$A:$EB,'2312'!$A110,0) | M110: =VLOOKUP($I$1&M$8,DATA!$A:$EB,'2312'!$A110,0) | N110: =VLOOKUP($I$1&N$8,DATA!$A:$EB,'2312'!$A110,0) | O110: =VLOOKUP($I$1&O$8,DATA!$A:$EB,'2312'!$A110,0) | P110: =VLOOKUP($I$1&P$8,DATA!$A:$EB,'2312'!$A110,0) | ... T110: =VLOOKUP($I$1&T$8,DATA!$A:$EB,'2312'!$A110,0)
A111: =DATA!CZ1 | D111: 실제보험금/예상보험금 | I111: =VLOOKUP($I$1&I$8,DATA!$A:$EB,'2312'!$A111,0) | J111: =VLOOKUP($I$1&J$8,DATA!$A:$EB,'2312'!$A111,0) | K111: =VLOOKUP($I$1&K$8,DATA!$A:$EB,'2312'!$A111,0) | L111: =VLOOKUP($I$1&L$8,DATA!$A:$EB,'2312'!$A111,0) | M111: =VLOOKUP($I$1&M$8,DATA!$A:$EB,'2312'!$A111,0) | N111: =VLOOKUP($I$1&N$8,DATA!$A:$EB,'2312'!$A111,0) | O111: =VLOOKUP($I$1&O$8,DATA!$A:$EB,'2312'!$A111,0) | P111: =VLOOKUP($I$1&P$8,DATA!$A:$EB,'2312'!$A111,0) | ... T111: =VLOOKUP($I$1&T$8,DATA!$A:$EB,'2312'!$A111,0)
D112: 사업비 예실차 | F112: 예실차율 | I112: =I123/I125 | J112: =J123/J125 | K112: =K123/K125 | L112: =L123/L125 | M112: =M123/M125 | N112: =N123/N125 | O112: =O123/O125 | P112: =P123/P125 | ... T112: =T123/T125
F113: ÷ CSM상각액 | I113: =I123/I126 | J113: =J123/J126 | K113: =K123/K126 | L113: =L123/L126 | M113: =M123/M126 | N113: =N123/N126 | O113: =O123/O126 | P113: =P123/P126 | ... T113: =T123/T126
A114: =DATA!AW1 | C114: 투자손익 | I114: =VLOOKUP($I$1&I$8,DATA!$A:$EB,'2312'!$A114,0)/100 | J114: =VLOOKUP($I$1&J$8,DATA!$A:$EB,'2312'!$A114,0)/100 | K114: =VLOOKUP($I$1&K$8,DATA!$A:$EB,'2312'!$A114,0)/100 | L114: =VLOOKUP($I$1&L$8,DATA!$A:$EB,'2312'!$A114,0)/100 | M114: =VLOOKUP($I$1&M$8,DATA!$A:$EB,'2312'!$A114,0)/100 | N114: =VLOOKUP($I$1&N$8,DATA!$A:$EB,'2312'!$A114,0)/100 | O114: =VLOOKUP($I$1&O$8,DATA!$A:$EB,'2312'!$A114,0)/100 | P114: =VLOOKUP($I$1&P$8,DATA!$A:$EB,'2312'!$A114,0)/100 | ... T114: =VLOOKUP($I$1&T$8,DATA!$A:$EB,'2312'!$A114,0)/100
C115: 영업이익 | I115: =I109+I114 | J115: =J109+J114 | K115: =K109+K114 | L115: =L109+L114 | M115: =M109+M114 | N115: =N109+N114 | O115: =O109+O114 | P115: =P109+P114 | ... T115: =T109+T114
A116: =DATA!AX1 | C116: 영업외손익 | I116: =VLOOKUP($I$1&I$8,DATA!$A:$EB,'2312'!$A116,0)/100 | J116: =VLOOKUP($I$1&J$8,DATA!$A:$EB,'2312'!$A116,0)/100 | K116: =VLOOKUP($I$1&K$8,DATA!$A:$EB,'2312'!$A116,0)/100 | L116: =VLOOKUP($I$1&L$8,DATA!$A:$EB,'2312'!$A116,0)/100 | M116: =VLOOKUP($I$1&M$8,DATA!$A:$EB,'2312'!$A116,0)/100 | N116: =VLOOKUP($I$1&N$8,DATA!$A:$EB,'2312'!$A116,0)/100 | O116: =VLOOKUP($I$1&O$8,DATA!$A:$EB,'2312'!$A116,0)/100 | P116: =VLOOKUP($I$1&P$8,DATA!$A:$EB,'2312'!$A116,0)/100 | ... T116: =VLOOKUP($I$1&T$8,DATA!$A:$EB,'2312'!$A116,0)/100
A117: =DATA!AY1 | C117: 세전이익 | I117: =VLOOKUP($I$1&I$8,DATA!$A:$EB,'2312'!$A117,0)/100 | J117: =VLOOKUP($I$1&J$8,DATA!$A:$EB,'2312'!$A117,0)/100 | K117: =VLOOKUP($I$1&K$8,DATA!$A:$EB,'2312'!$A117,0)/100 | L117: =VLOOKUP($I$1&L$8,DATA!$A:$EB,'2312'!$A117,0)/100 | M117: =VLOOKUP($I$1&M$8,DATA!$A:$EB,'2312'!$A117,0)/100 | N117: =VLOOKUP($I$1&N$8,DATA!$A:$EB,'2312'!$A117,0)/100 | O117: =VLOOKUP($I$1&O$8,DATA!$A:$EB,'2312'!$A117,0)/100 | P117: =VLOOKUP($I$1&P$8,DATA!$A:$EB,'2312'!$A117,0)/100 | ... T117: =VLOOKUP($I$1&T$8,DATA!$A:$EB,'2312'!$A117,0)/100
A118: =DATA!AR1 | C118: 당기순이익 | I118: =VLOOKUP($I$1&I$8,DATA!$A:$EB,'2312'!$A118,0)/100 | J118: =VLOOKUP($I$1&J$8,DATA!$A:$EB,'2312'!$A118,0)/100 | K118: =VLOOKUP($I$1&K$8,DATA!$A:$EB,'2312'!$A118,0)/100 | L118: =VLOOKUP($I$1&L$8,DATA!$A:$EB,'2312'!$A118,0)/100 | M118: =VLOOKUP($I$1&M$8,DATA!$A:$EB,'2312'!$A118,0)/100 | N118: =VLOOKUP($I$1&N$8,DATA!$A:$EB,'2312'!$A118,0)/100 | O118: =VLOOKUP($I$1&O$8,DATA!$A:$EB,'2312'!$A118,0)/100 | P118: =VLOOKUP($I$1&P$8,DATA!$A:$EB,'2312'!$A118,0)/100 | ... T118: =VLOOKUP($I$1&T$8,DATA!$A:$EB,'2312'!$A118,0)/100
C119: * 예실차율(P/L 기준) = (예상-실제) / 예상, P/L기준, 보험료배분접근법 적용 제외
C122: * 예실차율
A123: =DATA!DK1 | E123: 사업비예실차 | I123: =VLOOKUP($I$1&I$8,DATA!$A:$EB,'2312'!$A123,0)/100 | J123: =VLOOKUP($I$1&J$8,DATA!$A:$EB,'2312'!$A123,0)/100 | K123: =VLOOKUP($I$1&K$8,DATA!$A:$EB,'2312'!$A123,0)/100 | L123: =VLOOKUP($I$1&L$8,DATA!$A:$EB,'2312'!$A123,0)/100 | M123: =VLOOKUP($I$1&M$8,DATA!$A:$EB,'2312'!$A123,0)/100 | N123: =VLOOKUP($I$1&N$8,DATA!$A:$EB,'2312'!$A123,0)/100 | O123: =VLOOKUP($I$1&O$8,DATA!$A:$EB,'2312'!$A123,0)/100 | P123: =VLOOKUP($I$1&P$8,DATA!$A:$EB,'2312'!$A123,0)/100 | ... T123: =VLOOKUP($I$1&T$8,DATA!$A:$EB,'2312'!$A123,0)/100
A124: =DATA!DI1 | E124: 예상보험금 | I124: =VLOOKUP($I$1&I$8,DATA!$A:$EB,'2312'!$A124,0)/100 | J124: =VLOOKUP($I$1&J$8,DATA!$A:$EB,'2312'!$A124,0)/100 | K124: =VLOOKUP($I$1&K$8,DATA!$A:$EB,'2312'!$A124,0)/100 | L124: =VLOOKUP($I$1&L$8,DATA!$A:$EB,'2312'!$A124,0)/100 | M124: =VLOOKUP($I$1&M$8,DATA!$A:$EB,'2312'!$A124,0)/100 | N124: =VLOOKUP($I$1&N$8,DATA!$A:$EB,'2312'!$A124,0)/100 | O124: =VLOOKUP($I$1&O$8,DATA!$A:$EB,'2312'!$A124,0)/100 | P124: =VLOOKUP($I$1&P$8,DATA!$A:$EB,'2312'!$A124,0)/100 | ... T124: =VLOOKUP($I$1&T$8,DATA!$A:$EB,'2312'!$A124,0)/100
A125: =DATA!DL1 | E125: 예상사업비 | I125: =VLOOKUP($I$1&I$8,DATA!$A:$EB,'2312'!$A125,0)/100 | J125: =VLOOKUP($I$1&J$8,DATA!$A:$EB,'2312'!$A125,0)/100 | K125: =VLOOKUP($I$1&K$8,DATA!$A:$EB,'2312'!$A125,0)/100 | L125: =VLOOKUP($I$1&L$8,DATA!$A:$EB,'2312'!$A125,0)/100 | M125: =VLOOKUP($I$1&M$8,DATA!$A:$EB,'2312'!$A125,0)/100 | N125: =VLOOKUP($I$1&N$8,DATA!$A:$EB,'2312'!$A125,0)/100 | O125: =VLOOKUP($I$1&O$8,DATA!$A:$EB,'2312'!$A125,0)/100 | P125: =VLOOKUP($I$1&P$8,DATA!$A:$EB,'2312'!$A125,0)/100 | ... T125: =VLOOKUP($I$1&T$8,DATA!$A:$EB,'2312'!$A125,0)/100
A126: =DATA!BY1 | E126: CSM상각액 | I126: =VLOOKUP($I$1&I$8,DATA!$A:$EB,'2312'!$A126,0)/100 | J126: =VLOOKUP($I$1&J$8,DATA!$A:$EB,'2312'!$A126,0)/100 | K126: =VLOOKUP($I$1&K$8,DATA!$A:$EB,'2312'!$A126,0)/100 | L126: =VLOOKUP($I$1&L$8,DATA!$A:$EB,'2312'!$A126,0)/100 | M126: =VLOOKUP($I$1&M$8,DATA!$A:$EB,'2312'!$A126,0)/100 | N126: =VLOOKUP($I$1&N$8,DATA!$A:$EB,'2312'!$A126,0)/100 | O126: =VLOOKUP($I$1&O$8,DATA!$A:$EB,'2312'!$A126,0)/100 | P126: =VLOOKUP($I$1&P$8,DATA!$A:$EB,'2312'!$A126,0)/100 | ... T126: =VLOOKUP($I$1&T$8,DATA!$A:$EB,'2312'!$A126,0)/100
A127: =DATA!DG1 | E127: 예실차 | I127: =VLOOKUP($I$1&I$8,DATA!$A:$EB,'2312'!$A127,0)/100 | J127: =VLOOKUP($I$1&J$8,DATA!$A:$EB,'2312'!$A127,0)/100 | K127: =VLOOKUP($I$1&K$8,DATA!$A:$EB,'2312'!$A127,0)/100 | L127: =VLOOKUP($I$1&L$8,DATA!$A:$EB,'2312'!$A127,0)/100 | M127: =VLOOKUP($I$1&M$8,DATA!$A:$EB,'2312'!$A127,0)/100 | N127: =VLOOKUP($I$1&N$8,DATA!$A:$EB,'2312'!$A127,0)/100 | O127: =VLOOKUP($I$1&O$8,DATA!$A:$EB,'2312'!$A127,0)/100 | P127: =VLOOKUP($I$1&P$8,DATA!$A:$EB,'2312'!$A127,0)/100 | ... T127: =VLOOKUP($I$1&T$8,DATA!$A:$EB,'2312'!$A127,0)/100
C130: 3-1. CSM 현황
...

Sheet 2406
C1: 기준월 | I1: 2406 | J1: =ROUNDUP(RIGHT(I1,2)/3,0)
C4: 1. 자산 구성현황
O7: (단위 : 억원)
C8: 구분 | I8: 미래 | J8: 삼성 | K8: 교보 | L8: 한화 | M8: 신한라이프 | N8: 동양 | O8: KB라이프 | P8: 삼성화재 | Q8: 현대해상 | R8: 메리츠화재 | S8: KB손보 | T8: DB손보
A9: =DATA!D$1 | C9: 자산 | I9: =VLOOKUP($I$1&I$8,DATA!$A:$EB,'2406'!$A9,0)/100 | J9: =VLOOKUP($I$1&J$8,DATA!$A:$EB,'2406'!$A9,0)/100 | K9: =VLOOKUP($I$1&K$8,DATA!$A:$EB,'2406'!$A9,0)/100 | L9: =VLOOKUP($I$1&L$8,DATA!$A:$EB,'2406'!$A9,0)/100 | M9: =VLOOKUP($I$1&M$8,DATA!$A:$EB,'2406'!$A9,0)/100 | N9: =VLOOKUP($I$1&N$8,DATA!$A:$EB,'2406'!$A9,0)/100 | O9: =VLOOKUP($I$1&O$8,DATA!$A:$EB,'2406'!$A9,0)/100 | P9: =VLOOKUP($I$1&P$8,DATA!$A:$EB,'2406'!$A9,0)/100 | ... T9: =VLOOKUP($I$1&T$8,DATA!$A:$EB,'2406'!$A9,0)/100
A10: =DATA!E1 | C10: FVPL | I10: =VLOOKUP($I$1&I$8,DATA!$A:$EB,'2406'!$A10,0)/100 | J10: =VLOOKUP($I$1&J$8,DATA!$A:$EB,'2406'!$A10,0)/100 | K10: =VLOOKUP($I$1&K$8,DATA!$A:$EB,'2406'!$A10,0)/100 | L10: =VLOOKUP($I$1&L$8,DATA!$A:$EB,'2406'!$A10,0)/100 | M10: =VLOOKUP($I$1&M$8,DATA!$A:$EB,'2406'!$A10,0)/100 | N10: =VLOOKUP($I$1&N$8,DATA!$A:$EB,'2406'!$A10,0)/100 | O10: =VLOOKUP($I$1&O$8,DATA!$A:$EB,'2406'!$A10,0)/100 | P10: =VLOOKUP($I$1&P$8,DATA!$A:$EB,'2406'!$A10,0)/100 | ... T10: =VLOOKUP($I$1&T$8,DATA!$A:$EB,'2406'!$A10,0)/100
C11: (비중) | I11: =I10/I9 | J11: =J10/J9 | K11: =K10/K9 | L11: =L10/L9 | M11: =M10/M9 | N11: =N10/N9 | O11: =O10/O9 | P11: =P10/P9 | ... T11: =T10/T9
A12: =DATA!F1 | C12: FVOCI | I12: =VLOOKUP($I$1&I$8,DATA!$A:$EB,'2406'!$A12,0)/100 | J12: =VLOOKUP($I$1&J$8,DATA!$A:$EB,'2406'!$A12,0)/100 | K12: =VLOOKUP($I$1&K$8,DATA!$A:$EB,'2406'!$A12,0)/100 | L12: =VLOOKUP($I$1&L$8,DATA!$A:$EB,'2406'!$A12,0)/100 | M12: =VLOOKUP($I$1&M$8,DATA!$A:$EB,'2406'!$A12,0)/100 | N12: =VLOOKUP($I$1&N$8,DATA!$A:$EB,'2406'!$A12,0)/100 | O12: =VLOOKUP($I$1&O$8,DATA!$A:$EB,'2406'!$A12,0)/100 | P12: =VLOOKUP($I$1&P$8,DATA!$A:$EB,'2406'!$A12,0)/100 | ... T12: =VLOOKUP($I$1&T$8,DATA!$A:$EB,'2406'!$A12,0)/100
A13: =DATA!G1 | C13: AC | I13: =VLOOKUP($I$1&I$8,DATA!$A:$EB,'2406'!$A13,0)/100 | J13: =VLOOKUP($I$1&J$8,DATA!$A:$EB,'2406'!$A13,0)/100 | K13: =VLOOKUP($I$1&K$8,DATA!$A:$EB,'2406'!$A13,0)/100 | L13: =VLOOKUP($I$1&L$8,DATA!$A:$EB,'2406'!$A13,0)/100 | M13: =VLOOKUP($I$1&M$8,DATA!$A:$EB,'2406'!$A13,0)/100 | N13: =VLOOKUP($I$1&N$8,DATA!$A:$EB,'2406'!$A13,0)/100 | O13: =VLOOKUP($I$1&O$8,DATA!$A:$EB,'2406'!$A13,0)/100 | P13: =VLOOKUP($I$1&P$8,DATA!$A:$EB,'2406'!$A13,0)/100 | ... T13: =VLOOKUP($I$1&T$8,DATA!$A:$EB,'2406'!$A13,0)/100
A14: =DATA!L1 | C14: 부채 | I14: =VLOOKUP($I$1&I$8,DATA!$A:$EB,'2406'!$A14,0)/100 | J14: =VLOOKUP($I$1&J$8,DATA!$A:$EB,'2406'!$A14,0)/100 | K14: =VLOOKUP($I$1&K$8,DATA!$A:$EB,'2406'!$A14,0)/100 | L14: =VLOOKUP($I$1&L$8,DATA!$A:$EB,'2406'!$A14,0)/100 | M14: =VLOOKUP($I$1&M$8,DATA!$A:$EB,'2406'!$A14,0)/100 | N14: =VLOOKUP($I$1&N$8,DATA!$A:$EB,'2406'!$A14,0)/100 | O14: =VLOOKUP($I$1&O$8,DATA!$A:$EB,'2406'!$A14,0)/100 | P14: =VLOOKUP($I$1&P$8,DATA!$A:$EB,'2406'!$A14,0)/100 | ... T14: =VLOOKUP($I$1&T$8,DATA!$A:$EB,'2406'!$A14,0)/100
A15: =DATA!BU1 | C15: BEL | I15: =VLOOKUP($I$1&I$8,DATA!$A:$EB,'2406'!$A15,0)/100 | J15: =VLOOKUP($I$1&J$8,DATA!$A:$EB,'2406'!$A15,0)/100 | K15: =VLOOKUP($I$1&K$8,DATA!$A:$EB,'2406'!$A15,0)/100 | L15: =VLOOKUP($I$1&L$8,DATA!$A:$EB,'2406'!$A15,0)/100 | M15: =VLOOKUP($I$1&M$8,DATA!$A:$EB,'2406'!$A15,0)/100 | N15: =VLOOKUP($I$1&N$8,DATA!$A:$EB,'2406'!$A15,0)/100 | O15: =VLOOKUP($I$1&O$8,DATA!$A:$EB,'2406'!$A15,0)/100 | P15: =VLOOKUP($I$1&P$8,DATA!$A:$EB,'2406'!$A15,0)/100 | ... T15: =VLOOKUP($I$1&T$8,DATA!$A:$EB,'2406'!$A15,0)/100
A16: =DATA!BW1 | C16: CSM | I16: =VLOOKUP($I$1&I$8,DATA!$A:$EB,'2406'!$A16,0)/100 | J16: =VLOOKUP($I$1&J$8,DATA!$A:$EB,'2406'!$A16,0)/100 | K16: =VLOOKUP($I$1&K$8,DATA!$A:$EB,'2406'!$A16,0)/100 | L16: =VLOOKUP($I$1&L$8,DATA!$A:$EB,'2406'!$A16,0)/100 | M16: =VLOOKUP($I$1&M$8,DATA!$A:$EB,'2406'!$A16,0)/100 | N16: =VLOOKUP($I$1&N$8,DATA!$A:$EB,'2406'!$A16,0)/100 | O16: =VLOOKUP($I$1&O$8,DATA!$A:$EB,'2406'!$A16,0)/100 | P16: =VLOOKUP($I$1&P$8,DATA!$A:$EB,'2406'!$A16,0)/100 | ... T16: =VLOOKUP($I$1&T$8,DATA!$A:$EB,'2406'!$A16,0)/100
C17: (비중) | I17: =I16/I14 | J17: =J16/J14 | K17: =K16/K14 | L17: =L16/L14 | M17: =M16/M14 | N17: =N16/N14 | O17: =O16/O14 | P17: =P16/P14 | ... T17: =T16/T14
A18: =DATA!BV1 | C18: RA | I18: =VLOOKUP($I$1&I$8,DATA!$A:$EB,'2406'!$A18,0)/100 | J18: =VLOOKUP($I$1&J$8,DATA!$A:$EB,'2406'!$A18,0)/100 | K18: =VLOOKUP($I$1&K$8,DATA!$A:$EB,'2406'!$A18,0)/100 | L18: =VLOOKUP($I$1&L$8,DATA!$A:$EB,'2406'!$A18,0)/100 | M18: =VLOOKUP($I$1&M$8,DATA!$A:$EB,'2406'!$A18,0)/100 | N18: =VLOOKUP($I$1&N$8,DATA!$A:$EB,'2406'!$A18,0)/100 | O18: =VLOOKUP($I$1&O$8,DATA!$A:$EB,'2406'!$A18,0)/100 | P18: =VLOOKUP($I$1&P$8,DATA!$A:$EB,'2406'!$A18,0)/100 | ... T18: =VLOOKUP($I$1&T$8,DATA!$A:$EB,'2406'!$A18,0)/100
A19: =DATA!N1 | C19: 자기자본 | I19: =VLOOKUP($I$1&I$8,DATA!$A:$EB,'2406'!$A19,0)/100 | J19: =VLOOKUP($I$1&J$8,DATA!$A:$EB,'2406'!$A19,0)/100 | K19: =VLOOKUP($I$1&K$8,DATA!$A:$EB,'2406'!$A19,0)/100 | L19: =VLOOKUP($I$1&L$8,DATA!$A:$EB,'2406'!$A19,0)/100 | M19: =VLOOKUP($I$1&M$8,DATA!$A:$EB,'2406'!$A19,0)/100 | N19: =VLOOKUP($I$1&N$8,DATA!$A:$EB,'2406'!$A19,0)/100 | O19: =VLOOKUP($I$1&O$8,DATA!$A:$EB,'2406'!$A19,0)/100 | P19: =VLOOKUP($I$1&P$8,DATA!$A:$EB,'2406'!$A19,0)/100 | ... T19: =VLOOKUP($I$1&T$8,DATA!$A:$EB,'2406'!$A19,0)/100
A20: =DATA!R1 | C20: 이익잉여금 | I20: =VLOOKUP($I$1&I$8,DATA!$A:$EB,'2406'!$A20,0)/100 | J20: =VLOOKUP($I$1&J$8,DATA!$A:$EB,'2406'!$A20,0)/100 | K20: =VLOOKUP($I$1&K$8,DATA!$A:$EB,'2406'!$A20,0)/100 | L20: =VLOOKUP($I$1&L$8,DATA!$A:$EB,'2406'!$A20,0)/100 | M20: =VLOOKUP($I$1&M$8,DATA!$A:$EB,'2406'!$A20,0)/100 | N20: =VLOOKUP($I$1&N$8,DATA!$A:$EB,'2406'!$A20,0)/100 | O20: =VLOOKUP($I$1&O$8,DATA!$A:$EB,'2406'!$A20,0)/100 | P20: =VLOOKUP($I$1&P$8,DATA!$A:$EB,'2406'!$A20,0)/100 | ... T20: =VLOOKUP($I$1&T$8,DATA!$A:$EB,'2406'!$A20,0)/100
A21: =DATA!Q1 | C21: 기타포괄 | I21: =VLOOKUP($I$1&I$8,DATA!$A:$EB,'2406'!$A21,0)/100 | J21: =VLOOKUP($I$1&J$8,DATA!$A:$EB,'2406'!$A21,0)/100 | K21: =VLOOKUP($I$1&K$8,DATA!$A:$EB,'2406'!$A21,0)/100 | L21: =VLOOKUP($I$1&L$8,DATA!$A:$EB,'2406'!$A21,0)/100 | M21: =VLOOKUP($I$1&M$8,DATA!$A:$EB,'2406'!$A21,0)/100 | N21: =VLOOKUP($I$1&N$8,DATA!$A:$EB,'2406'!$A21,0)/100 | O21: =VLOOKUP($I$1&O$8,DATA!$A:$EB,'2406'!$A21,0)/100 | P21: =VLOOKUP($I$1&P$8,DATA!$A:$EB,'2406'!$A21,0)/100 | ... T21: =VLOOKUP($I$1&T$8,DATA!$A:$EB,'2406'!$A21,0)/100
C22: - 금융자산비중 | I22: =+I20/I9 | J22: =+J20/J9 | K22: =+K20/K9 | L22: =+L20/L9 | M22: =+M20/M9 | N22: =+N20/N9 | O22: =+O20/O9 | P22: =+P20/P9 | ... T22: =+T20/T9
A25: =DATA!T1 | C25: * 전기자기자본 | I25: =VLOOKUP($I$1&I$8,DATA!$A:$EB,'2406'!$A25,0)/100 | J25: =VLOOKUP($I$1&J$8,DATA!$A:$EB,'2406'!$A25,0)/100 | K25: =VLOOKUP($I$1&K$8,DATA!$A:$EB,'2406'!$A25,0)/100 | L25: =VLOOKUP($I$1&L$8,DATA!$A:$EB,'2406'!$A25,0)/100 | M25: =VLOOKUP($I$1&M$8,DATA!$A:$EB,'2406'!$A25,0)/100 | N25: =VLOOKUP($I$1&N$8,DATA!$A:$EB,'2406'!$A25,0)/100 | O25: =VLOOKUP($I$1&O$8,DATA!$A:$EB,'2406'!$A25,0)/100 | P25: =VLOOKUP($I$1&P$8,DATA!$A:$EB,'2406'!$A25,0)/100 | ... T25: =VLOOKUP($I$1&T$8,DATA!$A:$EB,'2406'!$A25,0)/100
C26: - 전기대비 증감 | I26: =I19-I25 | J26: =J19-J25 | K26: =K19-K25 | L26: =L19-L25 | M26: =M19-M25 | N26: =N19-N25 | O26: =O19-O25 | P26: =P19-P25 | ... T26: =T19-T25
A27: =DATA!BC1 | C27: * 전기기타포괄 | I27: =VLOOKUP($I$1&I$8,DATA!$A:$EB,'2406'!$A27,0)/100 | J27: =VLOOKUP($I$1&J$8,DATA!$A:$EB,'2406'!$A27,0)/100 | K27: =VLOOKUP($I$1&K$8,DATA!$A:$EB,'2406'!$A27,0)/100 | L27: =VLOOKUP($I$1&L$8,DATA!$A:$EB,'2406'!$A27,0)/100 | M27: =VLOOKUP($I$1&M$8,DATA!$A:$EB,'2406'!$A27,0)/100 | N27: =VLOOKUP($I$1&N$8,DATA!$A:$EB,'2406'!$A27,0)/100 | O27: =VLOOKUP($I$1&O$8,DATA!$A:$EB,'2406'!$A27,0)/100 | P27: =VLOOKUP($I$1&P$8,DATA!$A:$EB,'2406'!$A27,0)/100 | ... T27: =VLOOKUP($I$1&T$8,DATA!$A:$EB,'2406'!$A27,0)/100
A28: =DATA!BN1 | C28: 1) 결산배당 | I28: =VLOOKUP($I$1&I$8,DATA!$A:$EB,'2406'!$A28,0)/100 | J28: =VLOOKUP($I$1&J$8,DATA!$A:$EB,'2406'!$A28,0)/100 | K28: =VLOOKUP($I$1&K$8,DATA!$A:$EB,'2406'!$A28,0)/100 | L28: =VLOOKUP($I$1&L$8,DATA!$A:$EB,'2406'!$A28,0)/100 | M28: =VLOOKUP($I$1&M$8,DATA!$A:$EB,'2406'!$A28,0)/100 | N28: =VLOOKUP($I$1&N$8,DATA!$A:$EB,'2406'!$A28,0)/100 | O28: =VLOOKUP($I$1&O$8,DATA!$A:$EB,'2406'!$A28,0)/100 | P28: =VLOOKUP($I$1&P$8,DATA!$A:$EB,'2406'!$A28,0)/100 | ... T28: =VLOOKUP($I$1&T$8,DATA!$A:$EB,'2406'!$A28,0)/100
A29: =DATA!BR1 | C29: 2) 기타배당 | I29: =VLOOKUP($I$1&I$8,DATA!$A:$EB,'2406'!$A29,0)/100 | J29: =VLOOKUP($I$1&J$8,DATA!$A:$EB,'2406'!$A29,0)/100 | K29: =VLOOKUP($I$1&K$8,DATA!$A:$EB,'2406'!$A29,0)/100 | L29: =VLOOKUP($I$1&L$8,DATA!$A:$EB,'2406'!$A29,0)/100 | M29: =VLOOKUP($I$1&M$8,DATA!$A:$EB,'2406'!$A29,0)/100 | N29: =VLOOKUP($I$1&N$8,DATA!$A:$EB,'2406'!$A29,0)/100 | O29: =VLOOKUP($I$1&O$8,DATA!$A:$EB,'2406'!$A29,0)/100 | P29: =VLOOKUP($I$1&P$8,DATA!$A:$EB,'2406'!$A29,0)/100 | ... T29: =VLOOKUP($I$1&T$8,DATA!$A:$EB,'2406'!$A29,0)/100
C30: 배당합계 | I30: =I28+I29 | J30: =J28+J29 | K30: =K28+K29 | L30: =L28+L29 | M30: =M28+M29 | N30: =N28+N29 | O30: =O28+O29 | P30: =P28+P29 | ... T30: =T28+T29
C31: 배당제외 자본증가금액 | I31: =I26-I30 | J31: =J26-J30 | K31: =K26-K30 | L31: =L26-L30 | M31: =M26-M30 | N31: =N26-N30 | O31: =O26-O30 | P31: =P26-P30 | ... T31: =T26-T30
C32: - 배당제외 기준 자본증가율 | I32: =I31/I25 | J32: =J31/J25 | K32: =K31/K25 | L32: =L31/L25 | M32: =M31/M25 | N32: =N31/N25 | O32: =O31/O25 | P32: =P31/P25 | ... T32: =T31/T25
A35: =DATA!$BF$1 | C35: * 기타포괄손익 부채 변동금액 | I35: =VLOOKUP($I$1&I$8,DATA!$A:$EB,'2406'!$A35,0)/100 | J35: =VLOOKUP($I$1&J$8,DATA!$A:$EB,'2406'!$A35,0)/100 | K35: =VLOOKUP($I$1&K$8,DATA!$A:$EB,'2406'!$A35,0)/100 | L35: =VLOOKUP($I$1&L$8,DATA!$A:$EB,'2406'!$A35,0)/100 | M35: =VLOOKUP($I$1&M$8,DATA!$A:$EB,'2406'!$A35,0)/100 | N35: =VLOOKUP($I$1&N$8,DATA!$A:$EB,'2406'!$A35,0)/100 | O35: =VLOOKUP($I$1&O$8,DATA!$A:$EB,'2406'!$A35,0)/100 | P35: =VLOOKUP($I$1&P$8,DATA!$A:$EB,'2406'!$A35,0)/100 | ... T35: =VLOOKUP($I$1&T$8,DATA!$A:$EB,'2406'!$A35,0)/100
C36: 부채변동금액 / (bel+ra+csm) | I36: =I35/(I15+I16+I18) | J36: =J35/(J15+J16+J18) | K36: =K35/(K15+K16+K18) | L36: =L35/(L15+L16+L18) | M36: =M35/(M15+M16+M18) | N36: =N35/(N15+N16+N18) | O36: =O35/(O15+O16+O18) | P36: =P35/(P15+P16+P18) | ... T36: =T35/(T15+T16+T18)
A37: =DATA!$BD$1 | C37: * 기타포괄손익 자산 변동금액 | I37: =VLOOKUP($I$1&I$8,DATA!$A:$EB,'2406'!$A37,0)/100 | J37: =VLOOKUP($I$1&J$8,DATA!$A:$EB,'2406'!$A37,0)/100 | K37: =VLOOKUP($I$1&K$8,DATA!$A:$EB,'2406'!$A37,0)/100 | L37: =VLOOKUP($I$1&L$8,DATA!$A:$EB,'2406'!$A37,0)/100 | M37: =VLOOKUP($I$1&M$8,DATA!$A:$EB,'2406'!$A37,0)/100 | N37: =VLOOKUP($I$1&N$8,DATA!$A:$EB,'2406'!$A37,0)/100 | O37: =VLOOKUP($I$1&O$8,DATA!$A:$EB,'2406'!$A37,0)/100 | P37: =VLOOKUP($I$1&P$8,DATA!$A:$EB,'2406'!$A37,0)/100 | ... T37: =VLOOKUP($I$1&T$8,DATA!$A:$EB,'2406'!$A37,0)/100
C38: 부채변동금액 / (bel+ra+csm) | I38: =I37/(I15+I16+I18) | J38: =J37/(J15+J16+J18) | K38: =K37/(K15+K16+K18) | L38: =L37/(L15+L16+L18) | M38: =M37/(M15+M16+M18) | N38: =N37/(N15+N16+N18) | O38: =O37/(O15+O16+O18) | P38: =P37/(P15+P16+P18) | ... T38: =T37/(T15+T16+T18)
A40: =DATA!BM1 | C40: * 전기말 이익잉여금 | I40: =VLOOKUP($I$1&I$8,DATA!$A:$EB,'2406'!$A40,0)/100 | J40: =VLOOKUP($I$1&J$8,DATA!$A:$EB,'2406'!$A40,0)/100 | K40: =VLOOKUP($I$1&K$8,DATA!$A:$EB,'2406'!$A40,0)/100 | L40: =VLOOKUP($I$1&L$8,DATA!$A:$EB,'2406'!$A40,0)/100 | M40: =VLOOKUP($I$1&M$8,DATA!$A:$EB,'2406'!$A40,0)/100 | N40: =VLOOKUP($I$1&N$8,DATA!$A:$EB,'2406'!$A40,0)/100 | O40: =VLOOKUP($I$1&O$8,DATA!$A:$EB,'2406'!$A40,0)/100 | P40: =VLOOKUP($I$1&P$8,DATA!$A:$EB,'2406'!$A40,0)/100 | ... T40: =VLOOKUP($I$1&T$8,DATA!$A:$EB,'2406'!$A40,0)/100
D41: 전기말 대비 | I41: =+I20-I40 | J41: =+J20-J40 | K41: =+K20-K40 | L41: =+L20-L40 | M41: =+M20-M40 | N41: =+N20-N40 | O41: =+O20-O40 | P41: =+P20-P40 | ... T41: =+T20-T40
D42: 2Q | I42: =+I20-'2403'!I20 | J42: =+J20-'2403'!J20 | K42: =+K20-'2403'!K20 | L42: =+L20-'2403'!L20 | M42: =+M20-'2403'!M20 | N42: =+N20-'2403'!N20 | O42: =+O20-'2403'!O20 | P42: =+P20-'2403'!P20 | ... T42: =+T20-'2403'!T20
C47: 2. 재무건전성(잠정치)
T48: (단위 : 억원)
C49: 구분 | I49: 미래에셋생명 | J49: 삼성생명 | K49: 교보생명 | L49: 한화생명 | M49: 신한라이프 | N49: 동양생명 | O49: KB라이프 | P49: 삼성화재 | Q49: 현대해상 | R49: 메리츠화재 | S49: KB손보 | T49: DB손보
A50: =DATA!$CN$1 | C50: K-ICS | I50: =VLOOKUP($I$1&I$8,DATA!$A:$EB,'2406'!$A50,0) | J50: =VLOOKUP($I$1&J$8,DATA!$A:$EB,'2406'!$A50,0) | K50: =VLOOKUP($I$1&K$8,DATA!$A:$EB,'2406'!$A50,0) | L50: =VLOOKUP($I$1&L$8,DATA!$A:$EB,'2406'!$A50,0) | M50: =VLOOKUP($I$1&M$8,DATA!$A:$EB,'2406'!$A50,0) | N50: =VLOOKUP($I$1&N$8,DATA!$A:$EB,'2406'!$A50,0) | O50: =VLOOKUP($I$1&O$8,DATA!$A:$EB,'2406'!$A50,0) | P50: =VLOOKUP($I$1&P$8,DATA!$A:$EB,'2406'!$A50,0) | ... T50: =VLOOKUP($I$1&T$8,DATA!$A:$EB,'2406'!$A50,0)
A51: =DATA!$CO$1 | C51: 가용자본 | I51: =VLOOKUP($I$1&I$8,DATA!$A:$EB,'2406'!$A51,0)/100 | J51: =VLOOKUP($I$1&J$8,DATA!$A:$EB,'2406'!$A51,0)/100 | K51: =VLOOKUP($I$1&K$8,DATA!$A:$EB,'2406'!$A51,0)/100 | L51: =VLOOKUP($I$1&L$8,DATA!$A:$EB,'2406'!$A51,0)/100 | M51: =VLOOKUP($I$1&M$8,DATA!$A:$EB,'2406'!$A51,0)/100 | N51: =VLOOKUP($I$1&N$8,DATA!$A:$EB,'2406'!$A51,0)/100 | O51: =VLOOKUP($I$1&O$8,DATA!$A:$EB,'2406'!$A51,0)/100 | P51: =VLOOKUP($I$1&P$8,DATA!$A:$EB,'2406'!$A51,0)/100 | ... T51: =VLOOKUP($I$1&T$8,DATA!$A:$EB,'2406'!$A51,0)/100
A52: =DATA!$CP$1 | C52: 요구자본 | I52: =VLOOKUP($I$1&I$8,DATA!$A:$EB,'2406'!$A52,0)/100 | J52: =VLOOKUP($I$1&J$8,DATA!$A:$EB,'2406'!$A52,0)/100 | K52: =VLOOKUP($I$1&K$8,DATA!$A:$EB,'2406'!$A52,0)/100 | L52: =VLOOKUP($I$1&L$8,DATA!$A:$EB,'2406'!$A52,0)/100 | M52: =VLOOKUP($I$1&M$8,DATA!$A:$EB,'2406'!$A52,0)/100 | N52: =VLOOKUP($I$1&N$8,DATA!$A:$EB,'2406'!$A52,0)/100 | O52: =VLOOKUP($I$1&O$8,DATA!$A:$EB,'2406'!$A52,0)/100 | P52: =VLOOKUP($I$1&P$8,DATA!$A:$EB,'2406'!$A52,0)/100 | ... T52: =VLOOKUP($I$1&T$8,DATA!$A:$EB,'2406'!$A52,0)/100
C53: * 경과조치 전
C55: 3. 재무건전성(확정치)
T56: (단위 : 억원)
C57: 구분 | I57: 미래에셋생명 | J57: 삼성생명 | K57: 교보생명 | L57: 한화생명 | M57: 신한라이프 | N57: 동양생명 | O57: KB라이프 | P57: 삼성화재 | Q57: 현대해상 | R57: 메리츠화재 | S57: KB손보 | T57: DB손보
A58: =DATA!$CQ$1 | C58: K-ICS | I58: =VLOOKUP($I$1&I$8,DATA!$A:$EB,'2406'!$A58,0) | J58: =VLOOKUP($I$1&J$8,DATA!$A:$EB,'2406'!$A58,0) | K58: =VLOOKUP($I$1&K$8,DATA!$A:$EB,'2406'!$A58,0) | L58: =VLOOKUP($I$1&L$8,DATA!$A:$EB,'2406'!$A58,0) | M58: =VLOOKUP($I$1&M$8,DATA!$A:$EB,'2406'!$A58,0) | N58: =VLOOKUP($I$1&N$8,DATA!$A:$EB,'2406'!$A58,0) | O58: =VLOOKUP($I$1&O$8,DATA!$A:$EB,'2406'!$A58,0) | P58: =VLOOKUP($I$1&P$8,DATA!$A:$EB,'2406'!$A58,0) | ... T58: =VLOOKUP($I$1&T$8,DATA!$A:$EB,'2406'!$A58,0)
A59: =DATA!$CR$1 | C59: 가용자본 | I59: =VLOOKUP($I$1&I$8,DATA!$A:$EB,'2406'!$A59,0)/100 | J59: =VLOOKUP($I$1&J$8,DATA!$A:$EB,'2406'!$A59,0)/100 | K59: =VLOOKUP($I$1&K$8,DATA!$A:$EB,'2406'!$A59,0)/100 | L59: =VLOOKUP($I$1&L$8,DATA!$A:$EB,'2406'!$A59,0)/100 | M59: =VLOOKUP($I$1&M$8,DATA!$A:$EB,'2406'!$A59,0)/100 | N59: =VLOOKUP($I$1&N$8,DATA!$A:$EB,'2406'!$A59,0)/100 | O59: =VLOOKUP($I$1&O$8,DATA!$A:$EB,'2406'!$A59,0)/100 | P59: =VLOOKUP($I$1&P$8,DATA!$A:$EB,'2406'!$A59,0)/100 | ... T59: =VLOOKUP($I$1&T$8,DATA!$A:$EB,'2406'!$A59,0)/100
A60: =DATA!$CS$1 | C60: 요구자본 | I60: =VLOOKUP($I$1&I$8,DATA!$A:$EB,'2406'!$A60,0)/100 | J60: =VLOOKUP($I$1&J$8,DATA!$A:$EB,'2406'!$A60,0)/100 | K60: =VLOOKUP($I$1&K$8,DATA!$A:$EB,'2406'!$A60,0)/100 | L60: =VLOOKUP($I$1&L$8,DATA!$A:$EB,'2406'!$A60,0)/100 | M60: =VLOOKUP($I$1&M$8,DATA!$A:$EB,'2406'!$A60,0)/100 | N60: =VLOOKUP($I$1&N$8,DATA!$A:$EB,'2406'!$A60,0)/100 | O60: =VLOOKUP($I$1&O$8,DATA!$A:$EB,'2406'!$A60,0)/100 | P60: =VLOOKUP($I$1&P$8,DATA!$A:$EB,'2406'!$A60,0)/100 | ... T60: =VLOOKUP($I$1&T$8,DATA!$A:$EB,'2406'!$A60,0)/100
C61: * 경과조치 전
C63: 3. 손익현황
T64: (단위 : 억원)
C65: 구분 | I65: 미래에셋생명 | J65: 삼성생명 | K65: 교보생명 | L65: 한화생명 | M65: 신한라이프 | N65: 동양생명 | O65: KB라이프 | P65: 삼성화재 | Q65: 현대해상 | R65: 메리츠화재 | S65: KB손보 | T65: DB손보
A66: =DATA!AV1 | C66: 보험손익 | I66: =VLOOKUP($I$1&I$8,DATA!$A:$EB,'2406'!$A66,0)/100 | J66: =VLOOKUP($I$1&J$8,DATA!$A:$EB,'2406'!$A66,0)/100 | K66: =VLOOKUP($I$1&K$8,DATA!$A:$EB,'2406'!$A66,0)/100 | L66: =VLOOKUP($I$1&L$8,DATA!$A:$EB,'2406'!$A66,0)/100 | M66: =VLOOKUP($I$1&M$8,DATA!$A:$EB,'2406'!$A66,0)/100 | N66: =VLOOKUP($I$1&N$8,DATA!$A:$EB,'2406'!$A66,0)/100 | O66: =VLOOKUP($I$1&O$8,DATA!$A:$EB,'2406'!$A66,0)/100 | P66: =VLOOKUP($I$1&P$8,DATA!$A:$EB,'2406'!$A66,0)/100 | ... T66: =VLOOKUP($I$1&T$8,DATA!$A:$EB,'2406'!$A66,0)/100
A67: =DATA!DC1 | D67: 손해율 | I67: =VLOOKUP($I$1&I$8,DATA!$A:$EB,'2406'!$A67,0) | J67: =VLOOKUP($I$1&J$8,DATA!$A:$EB,'2406'!$A67,0) | K67: =VLOOKUP($I$1&K$8,DATA!$A:$EB,'2406'!$A67,0) | L67: =VLOOKUP($I$1&L$8,DATA!$A:$EB,'2406'!$A67,0) | M67: =VLOOKUP($I$1&M$8,DATA!$A:$EB,'2406'!$A67,0) | N67: =VLOOKUP($I$1&N$8,DATA!$A:$EB,'2406'!$A67,0) | O67: =VLOOKUP($I$1&O$8,DATA!$A:$EB,'2406'!$A67,0) | P67: =VLOOKUP($I$1&P$8,DATA!$A:$EB,'2406'!$A67,0) | ... T67: =VLOOKUP($I$1&T$8,DATA!$A:$EB,'2406'!$A67,0)
D68: 사업비 예실차 | F68: 예실차율 | I68: =I79/I81 | J68: =J79/J81 | K68: =K79/K81 | L68: =L79/L81 | M68: =M79/M81 | N68: =N79/N81 | O68: =O79/O81 | P68: =P79/P81 | ... T68: =T79/T81
F69: ÷ CSM상각액 | I69: =I79/I82 | J69: =J79/J82 | K69: =K79/K82 | L69: =L79/L82 | M69: =M79/M82 | N69: =N79/N82 | O69: =O79/O82 | P69: =P79/P82 | ... T69: =T79/T82
A70: =DATA!AW1 | C70: 투자손익 | I70: =VLOOKUP($I$1&I$8,DATA!$A:$EB,'2406'!$A70,0)/100 | J70: =VLOOKUP($I$1&J$8,DATA!$A:$EB,'2406'!$A70,0)/100 | K70: =VLOOKUP($I$1&K$8,DATA!$A:$EB,'2406'!$A70,0)/100 | L70: =VLOOKUP($I$1&L$8,DATA!$A:$EB,'2406'!$A70,0)/100 | M70: =VLOOKUP($I$1&M$8,DATA!$A:$EB,'2406'!$A70,0)/100 | N70: =VLOOKUP($I$1&N$8,DATA!$A:$EB,'2406'!$A70,0)/100 | O70: =VLOOKUP($I$1&O$8,DATA!$A:$EB,'2406'!$A70,0)/100 | P70: =VLOOKUP($I$1&P$8,DATA!$A:$EB,'2406'!$A70,0)/100 | ... T70: =VLOOKUP($I$1&T$8,DATA!$A:$EB,'2406'!$A70,0)/100
C71: 영업이익 | I71: =I66+I70 | J71: =J66+J70 | K71: =K66+K70 | L71: =L66+L70 | M71: =M66+M70 | N71: =N66+N70 | O71: =O66+O70 | P71: =P66+P70 | ... T71: =T66+T70
A72: =DATA!AX1 | C72: 영업외손익 | I72: =VLOOKUP($I$1&I$8,DATA!$A:$EB,'2406'!$A72,0)/100 | J72: =VLOOKUP($I$1&J$8,DATA!$A:$EB,'2406'!$A72,0)/100 | K72: =VLOOKUP($I$1&K$8,DATA!$A:$EB,'2406'!$A72,0)/100 | L72: =VLOOKUP($I$1&L$8,DATA!$A:$EB,'2406'!$A72,0)/100 | M72: =VLOOKUP($I$1&M$8,DATA!$A:$EB,'2406'!$A72,0)/100 | N72: =VLOOKUP($I$1&N$8,DATA!$A:$EB,'2406'!$A72,0)/100 | O72: =VLOOKUP($I$1&O$8,DATA!$A:$EB,'2406'!$A72,0)/100 | P72: =VLOOKUP($I$1&P$8,DATA!$A:$EB,'2406'!$A72,0)/100 | ... T72: =VLOOKUP($I$1&T$8,DATA!$A:$EB,'2406'!$A72,0)/100
A73: =DATA!AY1 | C73: 세전이익 | I73: =VLOOKUP($I$1&I$8,DATA!$A:$EB,'2406'!$A73,0)/100 | J73: =VLOOKUP($I$1&J$8,DATA!$A:$EB,'2406'!$A73,0)/100 | K73: =VLOOKUP($I$1&K$8,DATA!$A:$EB,'2406'!$A73,0)/100 | L73: =VLOOKUP($I$1&L$8,DATA!$A:$EB,'2406'!$A73,0)/100 | M73: =VLOOKUP($I$1&M$8,DATA!$A:$EB,'2406'!$A73,0)/100 | N73: =VLOOKUP($I$1&N$8,DATA!$A:$EB,'2406'!$A73,0)/100 | O73: =VLOOKUP($I$1&O$8,DATA!$A:$EB,'2406'!$A73,0)/100 | P73: =VLOOKUP($I$1&P$8,DATA!$A:$EB,'2406'!$A73,0)/100 | ... T73: =VLOOKUP($I$1&T$8,DATA!$A:$EB,'2406'!$A73,0)/100
A74: =DATA!AR1 | C74: 당기순이익 | I74: =VLOOKUP($I$1&I$8,DATA!$A:$EB,'2406'!$A74,0)/100 | J74: =VLOOKUP($I$1&J$8,DATA!$A:$EB,'2406'!$A74,0)/100 | K74: =VLOOKUP($I$1&K$8,DATA!$A:$EB,'2406'!$A74,0)/100 | L74: =VLOOKUP($I$1&L$8,DATA!$A:$EB,'2406'!$A74,0)/100 | M74: =VLOOKUP($I$1&M$8,DATA!$A:$EB,'2406'!$A74,0)/100 | N74: =VLOOKUP($I$1&N$8,DATA!$A:$EB,'2406'!$A74,0)/100 | O74: =VLOOKUP($I$1&O$8,DATA!$A:$EB,'2406'!$A74,0)/100 | P74: =VLOOKUP($I$1&P$8,DATA!$A:$EB,'2406'!$A74,0)/100 | ... T74: =VLOOKUP($I$1&T$8,DATA!$A:$EB,'2406'!$A74,0)/100
C75: * 예실차율(P/L 기준) = (예상-실제) / 예상, P/L기준, 보험료배분접근법 적용 제외
C78: * 예실차율
A79: =DATA!DK1 | E79: 사업비예실차 | I79: =VLOOKUP($I$1&I$8,DATA!$A:$EB,'2406'!$A79,0)/100 | J79: =VLOOKUP($I$1&J$8,DATA!$A:$EB,'2406'!$A79,0)/100 | K79: =VLOOKUP($I$1&K$8,DATA!$A:$EB,'2406'!$A79,0)/100 | L79: =VLOOKUP($I$1&L$8,DATA!$A:$EB,'2406'!$A79,0)/100 | M79: =VLOOKUP($I$1&M$8,DATA!$A:$EB,'2406'!$A79,0)/100 | N79: =VLOOKUP($I$1&N$8,DATA!$A:$EB,'2406'!$A79,0)/100 | O79: =VLOOKUP($I$1&O$8,DATA!$A:$EB,'2406'!$A79,0)/100 | P79: =VLOOKUP($I$1&P$8,DATA!$A:$EB,'2406'!$A79,0)/100 | ... T79: =VLOOKUP($I$1&T$8,DATA!$A:$EB,'2406'!$A79,0)/100
A80: =DATA!DI1 | E80: 예상보험금 | I80: =VLOOKUP($I$1&I$8,DATA!$A:$EB,'2406'!$A80,0)/100 | J80: =VLOOKUP($I$1&J$8,DATA!$A:$EB,'2406'!$A80,0)/100 | K80: =VLOOKUP($I$1&K$8,DATA!$A:$EB,'2406'!$A80,0)/100 | L80: =VLOOKUP($I$1&L$8,DATA!$A:$EB,'2406'!$A80,0)/100 | M80: =VLOOKUP($I$1&M$8,DATA!$A:$EB,'2406'!$A80,0)/100 | N80: =VLOOKUP($I$1&N$8,DATA!$A:$EB,'2406'!$A80,0)/100 | O80: =VLOOKUP($I$1&O$8,DATA!$A:$EB,'2406'!$A80,0)/100 | P80: =VLOOKUP($I$1&P$8,DATA!$A:$EB,'2406'!$A80,0)/100 | ... T80: =VLOOKUP($I$1&T$8,DATA!$A:$EB,'2406'!$A80,0)/100
A81: =DATA!DL1 | E81: 예상사업비 | I81: =VLOOKUP($I$1&I$8,DATA!$A:$EB,'2406'!$A81,0)/100 | J81: =VLOOKUP($I$1&J$8,DATA!$A:$EB,'2406'!$A81,0)/100 | K81: =VLOOKUP($I$1&K$8,DATA!$A:$EB,'2406'!$A81,0)/100 | L81: =VLOOKUP($I$1&L$8,DATA!$A:$EB,'2406'!$A81,0)/100 | M81: =VLOOKUP($I$1&M$8,DATA!$A:$EB,'2406'!$A81,0)/100 | N81: =VLOOKUP($I$1&N$8,DATA!$A:$EB,'2406'!$A81,0)/100 | O81: =VLOOKUP($I$1&O$8,DATA!$A:$EB,'2406'!$A81,0)/100 | P81: =VLOOKUP($I$1&P$8,DATA!$A:$EB,'2406'!$A81,0)/100 | ... T81: =VLOOKUP($I$1&T$8,DATA!$A:$EB,'2406'!$A81,0)/100
A82: =DATA!BY1 | E82: CSM상각액 | I82: =VLOOKUP($I$1&I$8,DATA!$A:$EB,'2406'!$A82,0)/100 | J82: =VLOOKUP($I$1&J$8,DATA!$A:$EB,'2406'!$A82,0)/100 | K82: =VLOOKUP($I$1&K$8,DATA!$A:$EB,'2406'!$A82,0)/100 | L82: =VLOOKUP($I$1&L$8,DATA!$A:$EB,'2406'!$A82,0)/100 | M82: =VLOOKUP($I$1&M$8,DATA!$A:$EB,'2406'!$A82,0)/100 | N82: =VLOOKUP($I$1&N$8,DATA!$A:$EB,'2406'!$A82,0)/100 | O82: =VLOOKUP($I$1&O$8,DATA!$A:$EB,'2406'!$A82,0)/100 | P82: =VLOOKUP($I$1&P$8,DATA!$A:$EB,'2406'!$A82,0)/100 | ... T82: =VLOOKUP($I$1&T$8,DATA!$A:$EB,'2406'!$A82,0)/100
A83: =DATA!DG1 | E83: 예실차 | I83: =VLOOKUP($I$1&I$8,DATA!$A:$EB,'2406'!$A83,0)/100 | J83: =VLOOKUP($I$1&J$8,DATA!$A:$EB,'2406'!$A83,0)/100 | K83: =VLOOKUP($I$1&K$8,DATA!$A:$EB,'2406'!$A83,0)/100 | L83: =VLOOKUP($I$1&L$8,DATA!$A:$EB,'2406'!$A83,0)/100 | M83: =VLOOKUP($I$1&M$8,DATA!$A:$EB,'2406'!$A83,0)/100 | N83: =VLOOKUP($I$1&N$8,DATA!$A:$EB,'2406'!$A83,0)/100 | O83: =VLOOKUP($I$1&O$8,DATA!$A:$EB,'2406'!$A83,0)/100 | P83: =VLOOKUP($I$1&P$8,DATA!$A:$EB,'2406'!$A83,0)/100 | ... T83: =VLOOKUP($I$1&T$8,DATA!$A:$EB,'2406'!$A83,0)/100
C86: 3-1. CSM 현황
T87: (단위 : 억원)
C88: 구분 | I88: 미래에셋생명 | J88: 삼성생명 | K88: 교보생명 | L88: 한화생명 | M88: 신한라이프 | N88: 동양생명 | O88: KB라이프 | P88: 삼성화재 | Q88: 현대해상 | R88: 메리츠화재 | S88: KB손보 | T88: DB손보
A89: =DATA!BW1 | C89: CSM | I89: =VLOOKUP($I$1&I$8,DATA!$A:$EB,'2406'!$A89,0)/100 | J89: =VLOOKUP($I$1&J$8,DATA!$A:$EB,'2406'!$A89,0)/100 | K89: =VLOOKUP($I$1&K$8,DATA!$A:$EB,'2406'!$A89,0)/100 | L89: =VLOOKUP($I$1&L$8,DATA!$A:$EB,'2406'!$A89,0)/100 | M89: =VLOOKUP($I$1&M$8,DATA!$A:$EB,'2406'!$A89,0)/100 | N89: =VLOOKUP($I$1&N$8,DATA!$A:$EB,'2406'!$A89,0)/100 | O89: =VLOOKUP($I$1&O$8,DATA!$A:$EB,'2406'!$A89,0)/100 | P89: =VLOOKUP($I$1&P$8,DATA!$A:$EB,'2406'!$A89,0)/100 | ... T89: =VLOOKUP($I$1&T$8,DATA!$A:$EB,'2406'!$A89,0)/100
C90: 전기말 대비 | I90: =+I89-I103 | J90: =+J89-J103 | K90: =+K89-K103 | L90: =+L89-L103 | M90: =+M89-M103 | N90: =+N89-N103 | O90: =+O89-O103 | P90: =+P89-P103 | ... T90: =+T89-T103
C91: (증가율) | I91: =+I90/I89 | J91: =+J90/J89 | K91: =+K90/K89 | L91: =+L90/L89 | M91: =+M90/M89 | N91: =+N90/N89 | O91: =+O90/O89 | P91: =+P90/P89 | ... T91: =+T90/T89
A92: =DATA!BX1 | C92: 신계약CSM(a) | I92: =VLOOKUP($I$1&I$8,DATA!$A:$EB,'2406'!$A92,0)/100 | J92: =VLOOKUP($I$1&J$8,DATA!$A:$EB,'2406'!$A92,0)/100 | K92: =VLOOKUP($I$1&K$8,DATA!$A:$EB,'2406'!$A92,0)/100 | L92: =VLOOKUP($I$1&L$8,DATA!$A:$EB,'2406'!$A92,0)/100 | M92: =VLOOKUP($I$1&M$8,DATA!$A:$EB,'2406'!$A92,0)/100 | N92: =VLOOKUP($I$1&N$8,DATA!$A:$EB,'2406'!$A92,0)/100 | O92: =VLOOKUP($I$1&O$8,DATA!$A:$EB,'2406'!$A92,0)/100 | P92: =VLOOKUP($I$1&P$8,DATA!$A:$EB,'2406'!$A92,0)/100 | ... T92: =VLOOKUP($I$1&T$8,DATA!$A:$EB,'2406'!$A92,0)/100
A93: =DATA!BY1 | C93: CSM상각액(b) | I93: =VLOOKUP($I$1&I$8,DATA!$A:$EB,'2406'!$A93,0)/100 | J93: =VLOOKUP($I$1&J$8,DATA!$A:$EB,'2406'!$A93,0)/100 | K93: =VLOOKUP($I$1&K$8,DATA!$A:$EB,'2406'!$A93,0)/100 | L93: =VLOOKUP($I$1&L$8,DATA!$A:$EB,'2406'!$A93,0)/100 | M93: =VLOOKUP($I$1&M$8,DATA!$A:$EB,'2406'!$A93,0)/100 | N93: =VLOOKUP($I$1&N$8,DATA!$A:$EB,'2406'!$A93,0)/100 | O93: =VLOOKUP($I$1&O$8,DATA!$A:$EB,'2406'!$A93,0)/100 | P93: =VLOOKUP($I$1&P$8,DATA!$A:$EB,'2406'!$A93,0)/100 | ... T93: =VLOOKUP($I$1&T$8,DATA!$A:$EB,'2406'!$A93,0)/100
C94: (상각률) | I94: =+I93/(I89+I93)*(4/$J$1) | J94: =+J93/(J89+J93)*(4/$J$1) | K94: =+K93/(K89+K93)*(4/$J$1) | L94: =+L93/(L89+L93)*(4/$J$1) | M94: =+M93/(M89+M93)*(4/$J$1) | N94: =+N93/(N89+N93)*(4/$J$1) | O94: =+O93/(O89+O93)*(4/$J$1) | P94: =+P93/(P89+P93)*(4/$J$1) | ... T94: =+T93/(T89+T93)*(4/$J$1)
C95: 상각액Cover율(a/b) | I95: =+I92/I93 | J95: =+J92/J93 | K95: =+K92/K93 | L95: =+L92/L93 | M95: =+M92/M93 | N95: =+N92/N93 | O95: =+O92/O93 | P95: =+P92/P93 | ... T95: =+T92/T93
A96: =DATA!CE1 | C96: 기간별 상각 금액 비중 | F96: 1년 이하 | I96: =VLOOKUP($I$1&I$8,DATA!$A:$EB,'2406'!$A96,0)/100 | J96: =VLOOKUP($I$1&J$8,DATA!$A:$EB,'2406'!$A96,0)/100 | K96: =VLOOKUP($I$1&K$8,DATA!$A:$EB,'2406'!$A96,0)/100 | L96: =VLOOKUP($I$1&L$8,DATA!$A:$EB,'2406'!$A96,0)/100 | M96: =VLOOKUP($I$1&M$8,DATA!$A:$EB,'2406'!$A96,0)/100 | N96: =VLOOKUP($I$1&N$8,DATA!$A:$EB,'2406'!$A96,0)/100 | O96: =VLOOKUP($I$1&O$8,DATA!$A:$EB,'2406'!$A96,0)/100 | P96: =VLOOKUP($I$1&P$8,DATA!$A:$EB,'2406'!$A96,0)/100 | ... T96: =VLOOKUP($I$1&T$8,DATA!$A:$EB,'2406'!$A96,0)/100
A97: =DATA!CF1 | F97: 2~5년 | I97: =VLOOKUP($I$1&I$8,DATA!$A:$EB,'2406'!$A97,0)/100+VLOOKUP($I$1&I$8,DATA!$A:$EB,'2406'!$A97+1,0)/100 | J97: =VLOOKUP($I$1&J$8,DATA!$A:$EB,'2406'!$A97,0)/100+VLOOKUP($I$1&J$8,DATA!$A:$EB,'2406'!$A97+1,0)/100 | K97: =VLOOKUP($I$1&K$8,DATA!$A:$EB,'2406'!$A97,0)/100+VLOOKUP($I$1&K$8,DATA!$A:$EB,'2406'!$A97+1,0)/100 | L97: =VLOOKUP($I$1&L$8,DATA!$A:$EB,'2406'!$A97,0)/100+VLOOKUP($I$1&L$8,DATA!$A:$EB,'2406'!$A97+1,0)/100 | M97: =VLOOKUP($I$1&M$8,DATA!$A:$EB,'2406'!$A97,0)/100+VLOOKUP($I$1&M$8,DATA!$A:$EB,'2406'!$A97+1,0)/100 | N97: =VLOOKUP($I$1&N$8,DATA!$A:$EB,'2406'!$A97,0)/100+VLOOKUP($I$1&N$8,DATA!$A:$EB,'2406'!$A97+1,0)/100 | O97: =VLOOKUP($I$1&O$8,DATA!$A:$EB,'2406'!$A97,0)/100+VLOOKUP($I$1&O$8,DATA!$A:$EB,'2406'!$A97+1,0)/100 | P97: =VLOOKUP($I$1&P$8,DATA!$A:$EB,'2406'!$A97,0)/100+VLOOKUP($I$1&P$8,DATA!$A:$EB,'2406'!$A97+1,0)/100 | ... T97: =VLOOKUP($I$1&T$8,DATA!$A:$EB,'2406'!$A97,0)/100+VLOOKUP($I$1&T$8,DATA!$A:$EB,'2406'!$A97+1,0)/100
A98: =DATA!CH1 | F98: 5~10년 | I98: =VLOOKUP($I$1&I$8,DATA!$A:$EB,'2406'!$A98,0)/100 | J98: =VLOOKUP($I$1&J$8,DATA!$A:$EB,'2406'!$A98,0)/100 | K98: =VLOOKUP($I$1&K$8,DATA!$A:$EB,'2406'!$A98,0)/100 | L98: =VLOOKUP($I$1&L$8,DATA!$A:$EB,'2406'!$A98,0)/100 | M98: =VLOOKUP($I$1&M$8,DATA!$A:$EB,'2406'!$A98,0)/100 | N98: =VLOOKUP($I$1&N$8,DATA!$A:$EB,'2406'!$A98,0)/100 | O98: =VLOOKUP($I$1&O$8,DATA!$A:$EB,'2406'!$A98,0)/100 | P98: =VLOOKUP($I$1&P$8,DATA!$A:$EB,'2406'!$A98,0)/100 | ... T98: =VLOOKUP($I$1&T$8,DATA!$A:$EB,'2406'!$A98,0)/100
A99: =DATA!CI1 | F99: 10년 초과 | I99: =VLOOKUP($I$1&I$8,DATA!$A:$EB,'2406'!$A99,0)/100 | K99: =VLOOKUP($I$1&K$8,DATA!$A:$EB,'2406'!$A99,0)/100 | L99: =VLOOKUP($I$1&L$8,DATA!$A:$EB,'2406'!$A99,0)/100 | M99: =VLOOKUP($I$1&M$8,DATA!$A:$EB,'2406'!$A99,0)/100 | N99: =VLOOKUP($I$1&N$8,DATA!$A:$EB,'2406'!$A99,0)/100 | O99: =VLOOKUP($I$1&O$8,DATA!$A:$EB,'2406'!$A99,0)/100 | Q99: =VLOOKUP($I$1&Q$8,DATA!$A:$EB,'2406'!$A99,0)/100 | R99: =VLOOKUP($I$1&R$8,DATA!$A:$EB,'2406'!$A99,0)/100 | S99: =VLOOKUP($I$1&S$8,DATA!$A:$EB,'2406'!$A99,0)/100 | T99: =VLOOKUP($I$1&T$8,DATA!$A:$EB,'2406'!$A99,0)/100
C100: * CSM상각률 : CSM상각액 / (CSM잔액 + CSM상각액) * (4 / 분기)
C101: * 기간별 상각금액 비중 : 순부채 기준
I102: =+I92/I89 | J102: =+J92/J89 | K102: =+K92/K89 | L102: =+L92/L89 | M102: =+M92/M89 | N102: =+N92/N89 | O102: =+O92/O89 | P102: =+P92/P89 | ... T102: =+T92/T89
A103: =DATA!CB1 | E103: 전기말 | I103: =VLOOKUP($I$1&I$8,DATA!$A:$EB,'2406'!$A103,0)/100 | J103: =VLOOKUP($I$1&J$8,DATA!$A:$EB,'2406'!$A103,0)/100 | K103: =VLOOKUP($I$1&K$8,DATA!$A:$EB,'2406'!$A103,0)/100 | L103: =VLOOKUP($I$1&L$8,DATA!$A:$EB,'2406'!$A103,0)/100 | M103: =VLOOKUP($I$1&M$8,DATA!$A:$EB,'2406'!$A103,0)/100 | N103: =VLOOKUP($I$1&N$8,DATA!$A:$EB,'2406'!$A103,0)/100 | O103: =VLOOKUP($I$1&O$8,DATA!$A:$EB,'2406'!$A103,0)/100 | P103: =VLOOKUP($I$1&P$8,DATA!$A:$EB,'2406'!$A103,0)/100 | ... T103: =VLOOKUP($I$1&T$8,DATA!$A:$EB,'2406'!$A103,0)/100
I104: =I89-SUM(I96:I99) | J104: =J89-SUM(J96:J99) | K104: =K89-SUM(K96:K99) | L104: =L89-SUM(L96:L99) | M104: =M89-SUM(M96:M99) | N104: =N89-SUM(N96:N99) | O104: =O89-SUM(O96:O99) | P104: =P89-SUM(P96:P99) | ... T104: =T89-SUM(T96:T99)
A105: =DATA!BZ1 | E105: CSM조정 | I105: =VLOOKUP($I$1&I$8,DATA!$A:$EB,'2406'!$A105,0)/100 | J105: =VLOOKUP($I$1&J$8,DATA!$A:$EB,'2406'!$A105,0)/100 | K105: =VLOOKUP($I$1&K$8,DATA!$A:$EB,'2406'!$A105,0)/100 | L105: =VLOOKUP($I$1&L$8,DATA!$A:$EB,'2406'!$A105,0)/100 | M105: =VLOOKUP($I$1&M$8,DATA!$A:$EB,'2406'!$A105,0)/100 | N105: =VLOOKUP($I$1&N$8,DATA!$A:$EB,'2406'!$A105,0)/100 | O105: =VLOOKUP($I$1&O$8,DATA!$A:$EB,'2406'!$A105,0)/100 | P105: =VLOOKUP($I$1&P$8,DATA!$A:$EB,'2406'!$A105,0)/100 | ... T105: =VLOOKUP($I$1&T$8,DATA!$A:$EB,'2406'!$A105,0)/100
I106: =I105/I89 | J106: =J105/J89 | K106: =K105/K89 | L106: =L105/L89 | M106: =M105/M89 | N106: =N105/N89 | O106: =O105/O89 | P106: =P105/P89 | ... T106: =T105/T89
C107: 4. 경영효율지표
C109: 구분 | I109: 미래에셋생명 | J109: 삼성생명 | K109: 교보생명 | L109: 한화생명 | M109: 신한라이프 | N109: 동양생명 | O109: KB라이프 | P109: 삼성화재 | Q109: 현대해상 | R109: 메리츠화재 | S109: KB손보 | T109: DB손보
C110: ROE | I110: =I74/AVERAGE(I120,I121)*(4/$J$1) | J110: =J74/AVERAGE(J120,J121)*(4/$J$1) | K110: =K74/AVERAGE(K120,K121)*(4/$J$1) | L110: =L74/AVERAGE(L120,L121)*(4/$J$1) | M110: =M74/AVERAGE(M120,M121)*(4/$J$1) | N110: =N74/AVERAGE(N120,N121)*(4/$J$1) | O110: =O74/AVERAGE(O120,O121)*(4/$J$1) | P110: =P74/AVERAGE(P120,P121)*(4/$J$1) | ... T110: =T74/AVERAGE(T120,T121)*(4/$J$1)
C111: RAROC (연환산) | I111: =+I92/(I52*150%)*(4/$J$1) | J111: =+J92/(J52*150%)*(4/$J$1) | K111: =+K92/(K52*150%)*(4/$J$1) | L111: =+L92/(L52*150%)*(4/$J$1) | M111: =+M92/(M52*150%)*(4/$J$1) | N111: =+N92/(N52*150%)*(4/$J$1) | O111: =+O92/(O52*150%)*(4/$J$1) | P111: =+P92/(P52*150%)*(4/$J$1) | ... T111: =+T92/(T52*150%)*(4/$J$1)
C112: CSM | E112: ÷ 자기자본 | I112: =I89/I121 | J112: =J89/J121 | K112: =K89/K121 | L112: =L89/L121 | M112: =M89/M121 | N112: =N89/N121 | O112: =O89/O121 | P112: =P89/P121 | ... T112: =T89/T121
E113: ÷ (요구자본x150%) | I113: =I89/(I52*150%) | J113: =J89/(J52*150%) | K113: =K89/(K52*150%) | L113: =L89/(L52*150%) | M113: =M89/(M52*150%) | N113: =N89/(N52*150%) | O113: =O89/(O52*150%) | P113: =P89/(P52*150%) | ... T113: =T89/(T52*150%)
E114: ÷ (요구자본x180%) | I114: =I89/(I52*180%) | J114: =J89/(J52*180%) | K114: =K89/(K52*180%) | L114: =L89/(L52*180%) | M114: =M89/(M52*180%) | N114: =N89/(N52*180%) | O114: =O89/(O52*180%) | P114: =P89/(P52*180%) | ... T114: =T89/(T52*180%)
C115: CSM 상각액 (연환산) | E115: ÷ 자기자본 | I115: =I93/I121*(4/$J$1) | J115: =J93/J121*(4/$J$1) | K115: =K93/K121*(4/$J$1) | L115: =L93/L121*(4/$J$1) | M115: =M93/M121*(4/$J$1) | N115: =N93/N121*(4/$J$1) | O115: =O93/O121*(4/$J$1) | P115: =P93/P121*(4/$J$1) | ... T115: =T93/T121*(4/$J$1)
E116: ÷ (요구자본x150%) | I116: =I93/(I52*150%)*(4/$J$1) | J116: =J93/(J52*150%)*(4/$J$1) | K116: =K93/(K52*150%)*(4/$J$1) | L116: =L93/(L52*150%)*(4/$J$1) | M116: =M93/(M52*150%)*(4/$J$1) | N116: =N93/(N52*150%)*(4/$J$1) | O116: =O93/(O52*150%)*(4/$J$1) | P116: =P93/(P52*150%)*(4/$J$1) | ... T116: =T93/(T52*150%)*(4/$J$1)
E117: ÷ (요구자본x180%) | I117: =I93/(I52*180%)*(4/$J$1) | J117: =J93/(J52*180%)*(4/$J$1) | K117: =K93/(K52*180%)*(4/$J$1) | L117: =L93/(L52*180%)*(4/$J$1) | M117: =M93/(M52*180%)*(4/$J$1) | N117: =N93/(N52*180%)*(4/$J$1) | O117: =O93/(O52*180%)*(4/$J$1) | P117: =P93/(P52*180%)*(4/$J$1) | ... T117: =T93/(T52*180%)*(4/$J$1)
C118: * ROE = 당기순이익 / (회계정책 변경후 기시 자기자본 기준, 분기말 자기자본의 평균) * (4/분기), RAROC = 신계약CSM ÷ (요구자본x150%) * (4/분기)
A120: =DATA!T1 | E120: 전기자기자본 | I120: =VLOOKUP($I$1&I$8,DATA!$A:$EB,'2406'!$A120,0)/100 | J120: =VLOOKUP($I$1&J$8,DATA!$A:$EB,'2406'!$A120,0)/100 | K120: =VLOOKUP($I$1&K$8,DATA!$A:$EB,'2406'!$A120,0)/100 | L120: =VLOOKUP($I$1&L$8,DATA!$A:$EB,'2406'!$A120,0)/100 | M120: =VLOOKUP($I$1&M$8,DATA!$A:$EB,'2406'!$A120,0)/100 | N120: =VLOOKUP($I$1&N$8,DATA!$A:$EB,'2406'!$A120,0)/100 | O120: =VLOOKUP($I$1&O$8,DATA!$A:$EB,'2406'!$A120,0)/100 | P120: =VLOOKUP($I$1&P$8,DATA!$A:$EB,'2406'!$A120,0)/100 | ... T120: =VLOOKUP($I$1&T$8,DATA!$A:$EB,'2406'!$A120,0)/100
A121: =DATA!N1 | E121: 자기자본 | I121: =VLOOKUP($I$1&I$8,DATA!$A:$EB,'2406'!$A121,0)/100 | J121: =VLOOKUP($I$1&J$8,DATA!$A:$EB,'2406'!$A121,0)/100 | K121: =VLOOKUP($I$1&K$8,DATA!$A:$EB,'2406'!$A121,0)/100 | L121: =VLOOKUP($I$1&L$8,DATA!$A:$EB,'2406'!$A121,0)/100 | M121: =VLOOKUP($I$1&M$8,DATA!$A:$EB,'2406'!$A121,0)/100 | N121: =VLOOKUP($I$1&N$8,DATA!$A:$EB,'2406'!$A121,0)/100 | O121: =VLOOKUP($I$1&O$8,DATA!$A:$EB,'2406'!$A121,0)/100 | P121: =VLOOKUP($I$1&P$8,DATA!$A:$EB,'2406'!$A121,0)/100 | ... T121: =VLOOKUP($I$1&T$8,DATA!$A:$EB,'2406'!$A121,0)/100
...

Sheet 2403
C1: 기준월 | I1: 2403 | J1: =ROUNDUP(RIGHT(I1,2)/3,0)
C4: 1. 자산 구성현황
O7: (단위 : 억원)
C8: 구분 | I8: 미래 | J8: 삼성 | K8: 교보 | L8: 한화 | M8: 신한라이프 | N8: 동양 | O8: KB라이프 | P8: 삼성화재 | Q8: 현대해상 | R8: 메리츠화재 | S8: KB손보 | T8: DB손보
A9: =DATA!D$1 | C9: 자산 | I9: =VLOOKUP($I$1&I$8,DATA!$A:$EB,'2403'!$A9,0)/100 | J9: =VLOOKUP($I$1&J$8,DATA!$A:$EB,'2403'!$A9,0)/100 | K9: =VLOOKUP($I$1&K$8,DATA!$A:$EB,'2403'!$A9,0)/100 | L9: =VLOOKUP($I$1&L$8,DATA!$A:$EB,'2403'!$A9,0)/100 | M9: =VLOOKUP($I$1&M$8,DATA!$A:$EB,'2403'!$A9,0)/100 | N9: =VLOOKUP($I$1&N$8,DATA!$A:$EB,'2403'!$A9,0)/100 | O9: =VLOOKUP($I$1&O$8,DATA!$A:$EB,'2403'!$A9,0)/100 | P9: =VLOOKUP($I$1&P$8,DATA!$A:$EB,'2403'!$A9,0)/100 | ... T9: =VLOOKUP($I$1&T$8,DATA!$A:$EB,'2403'!$A9,0)/100
A10: =DATA!E1 | C10: FVPL | I10: =VLOOKUP($I$1&I$8,DATA!$A:$EB,'2403'!$A10,0)/100 | J10: =VLOOKUP($I$1&J$8,DATA!$A:$EB,'2403'!$A10,0)/100 | K10: =VLOOKUP($I$1&K$8,DATA!$A:$EB,'2403'!$A10,0)/100 | L10: =VLOOKUP($I$1&L$8,DATA!$A:$EB,'2403'!$A10,0)/100 | M10: =VLOOKUP($I$1&M$8,DATA!$A:$EB,'2403'!$A10,0)/100 | N10: =VLOOKUP($I$1&N$8,DATA!$A:$EB,'2403'!$A10,0)/100 | O10: =VLOOKUP($I$1&O$8,DATA!$A:$EB,'2403'!$A10,0)/100 | P10: =VLOOKUP($I$1&P$8,DATA!$A:$EB,'2403'!$A10,0)/100 | ... T10: =VLOOKUP($I$1&T$8,DATA!$A:$EB,'2403'!$A10,0)/100
C11: (비중) | I11: =I10/I9 | J11: =J10/J9 | K11: =K10/K9 | L11: =L10/L9 | M11: =M10/M9 | N11: =N10/N9 | O11: =O10/O9 | P11: =P10/P9 | ... T11: =T10/T9
A12: =DATA!F1 | C12: FVOCI | I12: =VLOOKUP($I$1&I$8,DATA!$A:$EB,'2403'!$A12,0)/100 | J12: =VLOOKUP($I$1&J$8,DATA!$A:$EB,'2403'!$A12,0)/100 | K12: =VLOOKUP($I$1&K$8,DATA!$A:$EB,'2403'!$A12,0)/100 | L12: =VLOOKUP($I$1&L$8,DATA!$A:$EB,'2403'!$A12,0)/100 | M12: =VLOOKUP($I$1&M$8,DATA!$A:$EB,'2403'!$A12,0)/100 | N12: =VLOOKUP($I$1&N$8,DATA!$A:$EB,'2403'!$A12,0)/100 | O12: =VLOOKUP($I$1&O$8,DATA!$A:$EB,'2403'!$A12,0)/100 | P12: =VLOOKUP($I$1&P$8,DATA!$A:$EB,'2403'!$A12,0)/100 | ... T12: =VLOOKUP($I$1&T$8,DATA!$A:$EB,'2403'!$A12,0)/100
A13: =DATA!G1 | C13: AC | I13: =VLOOKUP($I$1&I$8,DATA!$A:$EB,'2403'!$A13,0)/100 | J13: =VLOOKUP($I$1&J$8,DATA!$A:$EB,'2403'!$A13,0)/100 | K13: =VLOOKUP($I$1&K$8,DATA!$A:$EB,'2403'!$A13,0)/100 | L13: =VLOOKUP($I$1&L$8,DATA!$A:$EB,'2403'!$A13,0)/100 | M13: =VLOOKUP($I$1&M$8,DATA!$A:$EB,'2403'!$A13,0)/100 | N13: =VLOOKUP($I$1&N$8,DATA!$A:$EB,'2403'!$A13,0)/100 | O13: =VLOOKUP($I$1&O$8,DATA!$A:$EB,'2403'!$A13,0)/100 | P13: =VLOOKUP($I$1&P$8,DATA!$A:$EB,'2403'!$A13,0)/100 | ... T13: =VLOOKUP($I$1&T$8,DATA!$A:$EB,'2403'!$A13,0)/100
A14: =DATA!L1 | C14: 부채 | I14: =VLOOKUP($I$1&I$8,DATA!$A:$EB,'2403'!$A14,0)/100 | J14: =VLOOKUP($I$1&J$8,DATA!$A:$EB,'2403'!$A14,0)/100 | K14: =VLOOKUP($I$1&K$8,DATA!$A:$EB,'2403'!$A14,0)/100 | L14: =VLOOKUP($I$1&L$8,DATA!$A:$EB,'2403'!$A14,0)/100 | M14: =VLOOKUP($I$1&M$8,DATA!$A:$EB,'2403'!$A14,0)/100 | N14: =VLOOKUP($I$1&N$8,DATA!$A:$EB,'2403'!$A14,0)/100 | O14: =VLOOKUP($I$1&O$8,DATA!$A:$EB,'2403'!$A14,0)/100 | P14: =VLOOKUP($I$1&P$8,DATA!$A:$EB,'2403'!$A14,0)/100 | ... T14: =VLOOKUP($I$1&T$8,DATA!$A:$EB,'2403'!$A14,0)/100
A15: =DATA!BU1 | C15: BEL | I15: =VLOOKUP($I$1&I$8,DATA!$A:$EB,'2403'!$A15,0)/100 | J15: =VLOOKUP($I$1&J$8,DATA!$A:$EB,'2403'!$A15,0)/100 | K15: =VLOOKUP($I$1&K$8,DATA!$A:$EB,'2403'!$A15,0)/100 | L15: =VLOOKUP($I$1&L$8,DATA!$A:$EB,'2403'!$A15,0)/100 | M15: =VLOOKUP($I$1&M$8,DATA!$A:$EB,'2403'!$A15,0)/100 | N15: =VLOOKUP($I$1&N$8,DATA!$A:$EB,'2403'!$A15,0)/100 | O15: =VLOOKUP($I$1&O$8,DATA!$A:$EB,'2403'!$A15,0)/100 | P15: =VLOOKUP($I$1&P$8,DATA!$A:$EB,'2403'!$A15,0)/100 | ... T15: =VLOOKUP($I$1&T$8,DATA!$A:$EB,'2403'!$A15,0)/100
A16: =DATA!BW1 | C16: CSM | I16: =VLOOKUP($I$1&I$8,DATA!$A:$EB,'2403'!$A16,0)/100 | J16: =VLOOKUP($I$1&J$8,DATA!$A:$EB,'2403'!$A16,0)/100 | K16: =VLOOKUP($I$1&K$8,DATA!$A:$EB,'2403'!$A16,0)/100 | L16: =VLOOKUP($I$1&L$8,DATA!$A:$EB,'2403'!$A16,0)/100 | M16: =VLOOKUP($I$1&M$8,DATA!$A:$EB,'2403'!$A16,0)/100 | N16: =VLOOKUP($I$1&N$8,DATA!$A:$EB,'2403'!$A16,0)/100 | O16: =VLOOKUP($I$1&O$8,DATA!$A:$EB,'2403'!$A16,0)/100 | P16: =VLOOKUP($I$1&P$8,DATA!$A:$EB,'2403'!$A16,0)/100 | ... T16: =VLOOKUP($I$1&T$8,DATA!$A:$EB,'2403'!$A16,0)/100
C17: (비중) | I17: =I16/I14 | J17: =J16/J14 | K17: =K16/K14 | L17: =L16/L14 | M17: =M16/M14 | N17: =N16/N14 | O17: =O16/O14 | P17: =P16/P14 | ... T17: =T16/T14
A18: =DATA!BV1 | C18: RA | I18: =VLOOKUP($I$1&I$8,DATA!$A:$EB,'2403'!$A18,0)/100 | J18: =VLOOKUP($I$1&J$8,DATA!$A:$EB,'2403'!$A18,0)/100 | K18: =VLOOKUP($I$1&K$8,DATA!$A:$EB,'2403'!$A18,0)/100 | L18: =VLOOKUP($I$1&L$8,DATA!$A:$EB,'2403'!$A18,0)/100 | M18: =VLOOKUP($I$1&M$8,DATA!$A:$EB,'2403'!$A18,0)/100 | N18: =VLOOKUP($I$1&N$8,DATA!$A:$EB,'2403'!$A18,0)/100 | O18: =VLOOKUP($I$1&O$8,DATA!$A:$EB,'2403'!$A18,0)/100 | P18: =VLOOKUP($I$1&P$8,DATA!$A:$EB,'2403'!$A18,0)/100 | ... T18: =VLOOKUP($I$1&T$8,DATA!$A:$EB,'2403'!$A18,0)/100
A19: =DATA!N1 | C19: 자기자본 | I19: =VLOOKUP($I$1&I$8,DATA!$A:$EB,'2403'!$A19,0)/100 | J19: =VLOOKUP($I$1&J$8,DATA!$A:$EB,'2403'!$A19,0)/100 | K19: =VLOOKUP($I$1&K$8,DATA!$A:$EB,'2403'!$A19,0)/100 | L19: =VLOOKUP($I$1&L$8,DATA!$A:$EB,'2403'!$A19,0)/100 | M19: =VLOOKUP($I$1&M$8,DATA!$A:$EB,'2403'!$A19,0)/100 | N19: =VLOOKUP($I$1&N$8,DATA!$A:$EB,'2403'!$A19,0)/100 | O19: =VLOOKUP($I$1&O$8,DATA!$A:$EB,'2403'!$A19,0)/100 | P19: =VLOOKUP($I$1&P$8,DATA!$A:$EB,'2403'!$A19,0)/100 | ... T19: =VLOOKUP($I$1&T$8,DATA!$A:$EB,'2403'!$A19,0)/100
A20: =DATA!R1 | C20: 이익잉여금 | I20: =VLOOKUP($I$1&I$8,DATA!$A:$EB,'2403'!$A20,0)/100 | J20: =VLOOKUP($I$1&J$8,DATA!$A:$EB,'2403'!$A20,0)/100 | K20: =VLOOKUP($I$1&K$8,DATA!$A:$EB,'2403'!$A20,0)/100 | L20: =VLOOKUP($I$1&L$8,DATA!$A:$EB,'2403'!$A20,0)/100 | M20: =VLOOKUP($I$1&M$8,DATA!$A:$EB,'2403'!$A20,0)/100 | N20: =VLOOKUP($I$1&N$8,DATA!$A:$EB,'2403'!$A20,0)/100 | O20: =VLOOKUP($I$1&O$8,DATA!$A:$EB,'2403'!$A20,0)/100 | P20: =VLOOKUP($I$1&P$8,DATA!$A:$EB,'2403'!$A20,0)/100 | ... T20: =VLOOKUP($I$1&T$8,DATA!$A:$EB,'2403'!$A20,0)/100
A21: =DATA!Q1 | C21: 기타포괄 | I21: =VLOOKUP($I$1&I$8,DATA!$A:$EB,'2403'!$A21,0)/100 | J21: =VLOOKUP($I$1&J$8,DATA!$A:$EB,'2403'!$A21,0)/100 | K21: =VLOOKUP($I$1&K$8,DATA!$A:$EB,'2403'!$A21,0)/100 | L21: =VLOOKUP($I$1&L$8,DATA!$A:$EB,'2403'!$A21,0)/100 | M21: =VLOOKUP($I$1&M$8,DATA!$A:$EB,'2403'!$A21,0)/100 | N21: =VLOOKUP($I$1&N$8,DATA!$A:$EB,'2403'!$A21,0)/100 | O21: =VLOOKUP($I$1&O$8,DATA!$A:$EB,'2403'!$A21,0)/100 | P21: =VLOOKUP($I$1&P$8,DATA!$A:$EB,'2403'!$A21,0)/100 | ... T21: =VLOOKUP($I$1&T$8,DATA!$A:$EB,'2403'!$A21,0)/100
C22: - 금융자산비중 | I22: =+I20/I9 | J22: =+J20/J9 | K22: =+K20/K9 | L22: =+L20/L9 | M22: =+M20/M9 | N22: =+N20/N9 | O22: =+O20/O9 | P22: =+P20/P9 | ... T22: =+T20/T9
A25: =DATA!T1 | C25: * 전기자기자본 | I25: =VLOOKUP($I$1&I$8,DATA!$A:$EB,'2403'!$A25,0)/100 | J25: =VLOOKUP($I$1&J$8,DATA!$A:$EB,'2403'!$A25,0)/100 | K25: =VLOOKUP($I$1&K$8,DATA!$A:$EB,'2403'!$A25,0)/100 | L25: =VLOOKUP($I$1&L$8,DATA!$A:$EB,'2403'!$A25,0)/100 | M25: =VLOOKUP($I$1&M$8,DATA!$A:$EB,'2403'!$A25,0)/100 | N25: =VLOOKUP($I$1&N$8,DATA!$A:$EB,'2403'!$A25,0)/100 | O25: =VLOOKUP($I$1&O$8,DATA!$A:$EB,'2403'!$A25,0)/100 | P25: =VLOOKUP($I$1&P$8,DATA!$A:$EB,'2403'!$A25,0)/100 | ... T25: =VLOOKUP($I$1&T$8,DATA!$A:$EB,'2403'!$A25,0)/100
C26: - 전기대비 증감 | I26: =I19-I25 | J26: =J19-J25 | K26: =K19-K25 | L26: =L19-L25 | M26: =M19-M25 | N26: =N19-N25 | O26: =O19-O25 | P26: =P19-P25 | ... T26: =T19-T25
A27: =DATA!BC1 | C27: * 전기기타포괄 | I27: =VLOOKUP($I$1&I$8,DATA!$A:$EB,'2403'!$A27,0)/100 | J27: =VLOOKUP($I$1&J$8,DATA!$A:$EB,'2403'!$A27,0)/100 | K27: =VLOOKUP($I$1&K$8,DATA!$A:$EB,'2403'!$A27,0)/100 | L27: =VLOOKUP($I$1&L$8,DATA!$A:$EB,'2403'!$A27,0)/100 | M27: =VLOOKUP($I$1&M$8,DATA!$A:$EB,'2403'!$A27,0)/100 | N27: =VLOOKUP($I$1&N$8,DATA!$A:$EB,'2403'!$A27,0)/100 | O27: =VLOOKUP($I$1&O$8,DATA!$A:$EB,'2403'!$A27,0)/100 | P27: =VLOOKUP($I$1&P$8,DATA!$A:$EB,'2403'!$A27,0)/100 | ... T27: =VLOOKUP($I$1&T$8,DATA!$A:$EB,'2403'!$A27,0)/100
A28: =DATA!BN1 | C28: 1) 결산배당 | I28: =VLOOKUP($I$1&I$8,DATA!$A:$EB,'2403'!$A28,0)/100 | J28: =VLOOKUP($I$1&J$8,DATA!$A:$EB,'2403'!$A28,0)/100 | K28: =VLOOKUP($I$1&K$8,DATA!$A:$EB,'2403'!$A28,0)/100 | L28: =VLOOKUP($I$1&L$8,DATA!$A:$EB,'2403'!$A28,0)/100 | M28: =VLOOKUP($I$1&M$8,DATA!$A:$EB,'2403'!$A28,0)/100 | N28: =VLOOKUP($I$1&N$8,DATA!$A:$EB,'2403'!$A28,0)/100 | O28: =VLOOKUP($I$1&O$8,DATA!$A:$EB,'2403'!$A28,0)/100 | P28: =VLOOKUP($I$1&P$8,DATA!$A:$EB,'2403'!$A28,0)/100 | ... T28: =VLOOKUP($I$1&T$8,DATA!$A:$EB,'2403'!$A28,0)/100
A29: =DATA!BR1 | C29: 2) 기타배당 | I29: =VLOOKUP($I$1&I$8,DATA!$A:$EB,'2403'!$A29,0)/100 | J29: =VLOOKUP($I$1&J$8,DATA!$A:$EB,'2403'!$A29,0)/100 | K29: =VLOOKUP($I$1&K$8,DATA!$A:$EB,'2403'!$A29,0)/100 | L29: =VLOOKUP($I$1&L$8,DATA!$A:$EB,'2403'!$A29,0)/100 | M29: =VLOOKUP($I$1&M$8,DATA!$A:$EB,'2403'!$A29,0)/100 | N29: =VLOOKUP($I$1&N$8,DATA!$A:$EB,'2403'!$A29,0)/100 | O29: =VLOOKUP($I$1&O$8,DATA!$A:$EB,'2403'!$A29,0)/100 | P29: =VLOOKUP($I$1&P$8,DATA!$A:$EB,'2403'!$A29,0)/100 | ... T29: =VLOOKUP($I$1&T$8,DATA!$A:$EB,'2403'!$A29,0)/100
C30: 배당합계 | I30: =I28+I29 | J30: =J28+J29 | K30: =K28+K29 | L30: =L28+L29 | M30: =M28+M29 | N30: =N28+N29 | O30: =O28+O29 | P30: =P28+P29 | ... T30: =T28+T29
C31: 배당제외 자본증가금액 | I31: =I26-I30 | J31: =J26-J30 | K31: =K26-K30 | L31: =L26-L30 | M31: =M26-M30 | N31: =N26-N30 | O31: =O26-O30 | P31: =P26-P30 | ... T31: =T26-T30
C32: - 배당제외 기준 자본증가율 | I32: =I31/I25 | J32: =J31/J25 | K32: =K31/K25 | L32: =L31/L25 | M32: =M31/M25 | N32: =N31/N25 | O32: =O31/O25 | P32: =P31/P25 | ... T32: =T31/T25
A35: =DATA!$BF$1 | C35: * 기타포괄손익 부채 변동금액 | I35: =VLOOKUP($I$1&I$8,DATA!$A:$EB,작업!$A50,0)/100 | J35: =VLOOKUP($I$1&J$8,DATA!$A:$EB,작업!$A50,0)/100 | K35: =VLOOKUP($I$1&K$8,DATA!$A:$EB,작업!$A50,0)/100 | L35: =VLOOKUP($I$1&L$8,DATA!$A:$EB,작업!$A50,0)/100 | M35: =VLOOKUP($I$1&M$8,DATA!$A:$EB,작업!$A50,0)/100 | N35: =VLOOKUP($I$1&N$8,DATA!$A:$EB,작업!$A50,0)/100 | O35: =VLOOKUP($I$1&O$8,DATA!$A:$EB,작업!$A50,0)/100 | P35: =VLOOKUP($I$1&P$8,DATA!$A:$EB,작업!$A50,0)/100 | ... T35: =VLOOKUP($I$1&T$8,DATA!$A:$EB,작업!$A50,0)/100
C36: 부채변동금액 / (bel+ra+csm) | I36: =I35/(I15+I16+I18) | J36: =J35/(J15+J16+J18) | K36: =K35/(K15+K16+K18) | L36: =L35/(L15+L16+L18) | M36: =M35/(M15+M16+M18) | N36: =N35/(N15+N16+N18) | O36: =O35/(O15+O16+O18) | P36: =P35/(P15+P16+P18) | ... T36: =T35/(T15+T16+T18)
A37: =DATA!$BD$1 | C37: * 기타포괄손익 자산 변동금액 | I37: =VLOOKUP($I$1&I$8,DATA!$A:$EB,작업!$A52,0)/100 | J37: =VLOOKUP($I$1&J$8,DATA!$A:$EB,작업!$A52,0)/100 | K37: =VLOOKUP($I$1&K$8,DATA!$A:$EB,작업!$A52,0)/100 | L37: =VLOOKUP($I$1&L$8,DATA!$A:$EB,작업!$A52,0)/100 | M37: =VLOOKUP($I$1&M$8,DATA!$A:$EB,작업!$A52,0)/100 | N37: =VLOOKUP($I$1&N$8,DATA!$A:$EB,작업!$A52,0)/100 | O37: =VLOOKUP($I$1&O$8,DATA!$A:$EB,작업!$A52,0)/100 | P37: =VLOOKUP($I$1&P$8,DATA!$A:$EB,작업!$A52,0)/100 | ... T37: =VLOOKUP($I$1&T$8,DATA!$A:$EB,작업!$A52,0)/100
C38: 부채변동금액 / (bel+ra+csm) | I38: =I37/(I15+I16+I18) | J38: =J37/(J15+J16+J18) | K38: =K37/(K15+K16+K18) | L38: =L37/(L15+L16+L18) | M38: =M37/(M15+M16+M18) | N38: =N37/(N15+N16+N18) | O38: =O37/(O15+O16+O18) | P38: =P37/(P15+P16+P18) | ... T38: =T37/(T15+T16+T18)
A40: =DATA!BM1 | C40: * 전기말 이익잉여금 | I40: =VLOOKUP($I$1&I$8,DATA!$A:$EB,작업!$A55,0)/100 | J40: =VLOOKUP($I$1&J$8,DATA!$A:$EB,작업!$A55,0)/100 | K40: =VLOOKUP($I$1&K$8,DATA!$A:$EB,작업!$A55,0)/100 | L40: =VLOOKUP($I$1&L$8,DATA!$A:$EB,작업!$A55,0)/100 | M40: =VLOOKUP($I$1&M$8,DATA!$A:$EB,작업!$A55,0)/100 | N40: =VLOOKUP($I$1&N$8,DATA!$A:$EB,작업!$A55,0)/100 | O40: =VLOOKUP($I$1&O$8,DATA!$A:$EB,작업!$A55,0)/100 | P40: =VLOOKUP($I$1&P$8,DATA!$A:$EB,작업!$A55,0)/100 | ... T40: =VLOOKUP($I$1&T$8,DATA!$A:$EB,작업!$A55,0)/100
I41: =+I20-I40 | J41: =+J20-J40 | K41: =+K20-K40 | L41: =+L20-L40 | M41: =+M20-M40 | N41: =+N20-N40 | O41: =+O20-O40 | P41: =+P20-P40 | ... T41: =+T20-T40
C47: 2. 재무건전성(잠정치)
T48: (단위 : 억원)
C49: 구분 | I49: 미래에셋생명 | J49: 삼성생명 | K49: 교보생명 | L49: 한화생명 | M49: 신한라이프 | N49: 동양생명 | O49: KB라이프 | P49: 삼성화재 | Q49: 현대해상 | R49: 메리츠화재 | S49: KB손보 | T49: DB손보
A50: =DATA!$CN$1 | C50: K-ICS | I50: =VLOOKUP($I$1&I$8,DATA!$A:$EB,'2403'!$A50,0) | J50: =VLOOKUP($I$1&J$8,DATA!$A:$EB,'2403'!$A50,0) | K50: =VLOOKUP($I$1&K$8,DATA!$A:$EB,'2403'!$A50,0) | L50: =VLOOKUP($I$1&L$8,DATA!$A:$EB,'2403'!$A50,0) | M50: =VLOOKUP($I$1&M$8,DATA!$A:$EB,'2403'!$A50,0) | N50: =VLOOKUP($I$1&N$8,DATA!$A:$EB,'2403'!$A50,0) | O50: =VLOOKUP($I$1&O$8,DATA!$A:$EB,'2403'!$A50,0) | P50: =VLOOKUP($I$1&P$8,DATA!$A:$EB,'2403'!$A50,0) | ... T50: =VLOOKUP($I$1&T$8,DATA!$A:$EB,'2403'!$A50,0)
A51: =DATA!$CO$1 | C51: 가용자본 | I51: =VLOOKUP($I$1&I$8,DATA!$A:$EB,'2403'!$A51,0)/100 | J51: =VLOOKUP($I$1&J$8,DATA!$A:$EB,'2403'!$A51,0)/100 | K51: =VLOOKUP($I$1&K$8,DATA!$A:$EB,'2403'!$A51,0)/100 | L51: =VLOOKUP($I$1&L$8,DATA!$A:$EB,'2403'!$A51,0)/100 | M51: =VLOOKUP($I$1&M$8,DATA!$A:$EB,'2403'!$A51,0)/100 | N51: =VLOOKUP($I$1&N$8,DATA!$A:$EB,'2403'!$A51,0)/100 | O51: =VLOOKUP($I$1&O$8,DATA!$A:$EB,'2403'!$A51,0)/100 | P51: =VLOOKUP($I$1&P$8,DATA!$A:$EB,'2403'!$A51,0)/100 | ... T51: =VLOOKUP($I$1&T$8,DATA!$A:$EB,'2403'!$A51,0)/100
A52: =DATA!$CP$1 | C52: 요구자본 | I52: =VLOOKUP($I$1&I$8,DATA!$A:$EB,'2403'!$A52,0)/100 | J52: =VLOOKUP($I$1&J$8,DATA!$A:$EB,'2403'!$A52,0)/100 | K52: =VLOOKUP($I$1&K$8,DATA!$A:$EB,'2403'!$A52,0)/100 | L52: =VLOOKUP($I$1&L$8,DATA!$A:$EB,'2403'!$A52,0)/100 | M52: =VLOOKUP($I$1&M$8,DATA!$A:$EB,'2403'!$A52,0)/100 | N52: =VLOOKUP($I$1&N$8,DATA!$A:$EB,'2403'!$A52,0)/100 | O52: =VLOOKUP($I$1&O$8,DATA!$A:$EB,'2403'!$A52,0)/100 | P52: =VLOOKUP($I$1&P$8,DATA!$A:$EB,'2403'!$A52,0)/100 | ... T52: =VLOOKUP($I$1&T$8,DATA!$A:$EB,'2403'!$A52,0)/100
C53: * 경과조치 전
C55: 3. 재무건전성(확정치)
T56: (단위 : 억원)
C57: 구분 | I57: 미래에셋생명 | J57: 삼성생명 | K57: 교보생명 | L57: 한화생명 | M57: 신한라이프 | N57: 동양생명 | O57: KB라이프 | P57: 삼성화재 | Q57: 현대해상 | R57: 메리츠화재 | S57: KB손보 | T57: DB손보
A58: =DATA!$CQ$1 | C58: K-ICS | I58: =VLOOKUP($I$1&I$8,DATA!$A:$EB,'2403'!$A58,0) | J58: =VLOOKUP($I$1&J$8,DATA!$A:$EB,'2403'!$A58,0) | K58: =VLOOKUP($I$1&K$8,DATA!$A:$EB,'2403'!$A58,0) | L58: =VLOOKUP($I$1&L$8,DATA!$A:$EB,'2403'!$A58,0) | M58: =VLOOKUP($I$1&M$8,DATA!$A:$EB,'2403'!$A58,0) | N58: =VLOOKUP($I$1&N$8,DATA!$A:$EB,'2403'!$A58,0) | O58: =VLOOKUP($I$1&O$8,DATA!$A:$EB,'2403'!$A58,0) | P58: =VLOOKUP($I$1&P$8,DATA!$A:$EB,'2403'!$A58,0) | ... T58: =VLOOKUP($I$1&T$8,DATA!$A:$EB,'2403'!$A58,0)
A59: =DATA!$CR$1 | C59: 가용자본 | I59: =VLOOKUP($I$1&I$8,DATA!$A:$EB,'2403'!$A59,0)/100 | J59: =VLOOKUP($I$1&J$8,DATA!$A:$EB,'2403'!$A59,0)/100 | K59: =VLOOKUP($I$1&K$8,DATA!$A:$EB,'2403'!$A59,0)/100 | L59: =VLOOKUP($I$1&L$8,DATA!$A:$EB,'2403'!$A59,0)/100 | M59: =VLOOKUP($I$1&M$8,DATA!$A:$EB,'2403'!$A59,0)/100 | N59: =VLOOKUP($I$1&N$8,DATA!$A:$EB,'2403'!$A59,0)/100 | O59: =VLOOKUP($I$1&O$8,DATA!$A:$EB,'2403'!$A59,0)/100 | P59: =VLOOKUP($I$1&P$8,DATA!$A:$EB,'2403'!$A59,0)/100 | ... T59: =VLOOKUP($I$1&T$8,DATA!$A:$EB,'2403'!$A59,0)/100
A60: =DATA!$CS$1 | C60: 요구자본 | I60: =VLOOKUP($I$1&I$8,DATA!$A:$EB,'2403'!$A60,0)/100 | J60: =VLOOKUP($I$1&J$8,DATA!$A:$EB,'2403'!$A60,0)/100 | K60: =VLOOKUP($I$1&K$8,DATA!$A:$EB,'2403'!$A60,0)/100 | L60: =VLOOKUP($I$1&L$8,DATA!$A:$EB,'2403'!$A60,0)/100 | M60: =VLOOKUP($I$1&M$8,DATA!$A:$EB,'2403'!$A60,0)/100 | N60: =VLOOKUP($I$1&N$8,DATA!$A:$EB,'2403'!$A60,0)/100 | O60: =VLOOKUP($I$1&O$8,DATA!$A:$EB,'2403'!$A60,0)/100 | P60: =VLOOKUP($I$1&P$8,DATA!$A:$EB,'2403'!$A60,0)/100 | ... T60: =VLOOKUP($I$1&T$8,DATA!$A:$EB,'2403'!$A60,0)/100
C61: * 경과조치 전
C63: 3. 손익현황
T64: (단위 : 억원)
C65: 구분 | I65: 미래에셋생명 | J65: 삼성생명 | K65: 교보생명 | L65: 한화생명 | M65: 신한라이프 | N65: 동양생명 | O65: KB라이프 | P65: 삼성화재 | Q65: 현대해상 | R65: 메리츠화재 | S65: KB손보 | T65: DB손보
A66: =DATA!AV1 | C66: 보험손익 | I66: =VLOOKUP($I$1&I$8,DATA!$A:$EB,'2403'!$A66,0)/100 | J66: =VLOOKUP($I$1&J$8,DATA!$A:$EB,'2403'!$A66,0)/100 | K66: =VLOOKUP($I$1&K$8,DATA!$A:$EB,'2403'!$A66,0)/100 | L66: =VLOOKUP($I$1&L$8,DATA!$A:$EB,'2403'!$A66,0)/100 | M66: =VLOOKUP($I$1&M$8,DATA!$A:$EB,'2403'!$A66,0)/100 | N66: =VLOOKUP($I$1&N$8,DATA!$A:$EB,'2403'!$A66,0)/100 | O66: =VLOOKUP($I$1&O$8,DATA!$A:$EB,'2403'!$A66,0)/100 | P66: =VLOOKUP($I$1&P$8,DATA!$A:$EB,'2403'!$A66,0)/100 | ... T66: =VLOOKUP($I$1&T$8,DATA!$A:$EB,'2403'!$A66,0)/100
A67: =DATA!DC1 | D67: 손해율 | I67: =VLOOKUP($I$1&I$8,DATA!$A:$EB,'2403'!$A67,0) | J67: =VLOOKUP($I$1&J$8,DATA!$A:$EB,'2403'!$A67,0) | K67: =VLOOKUP($I$1&K$8,DATA!$A:$EB,'2403'!$A67,0) | L67: =VLOOKUP($I$1&L$8,DATA!$A:$EB,'2403'!$A67,0) | M67: =VLOOKUP($I$1&M$8,DATA!$A:$EB,'2403'!$A67,0) | N67: =VLOOKUP($I$1&N$8,DATA!$A:$EB,'2403'!$A67,0) | O67: =VLOOKUP($I$1&O$8,DATA!$A:$EB,'2403'!$A67,0) | P67: =VLOOKUP($I$1&P$8,DATA!$A:$EB,'2403'!$A67,0) | ... T67: =VLOOKUP($I$1&T$8,DATA!$A:$EB,'2403'!$A67,0)
D68: 사업비 예실차 | F68: 예실차율 | I68: =I79/I81 | J68: =J79/J81 | K68: =K79/K81 | L68: =L79/L81 | M68: =M79/M81 | N68: =N79/N81 | O68: =O79/O81 | P68: =P79/P81 | ... T68: =T79/T81
F69: ÷ CSM상각액 | I69: =I79/I82 | J69: =J79/J82 | K69: =K79/K82 | L69: =L79/L82 | M69: =M79/M82 | N69: =N79/N82 | O69: =O79/O82 | P69: =P79/P82 | ... T69: =T79/T82
A70: =DATA!AW1 | C70: 투자손익 | I70: =VLOOKUP($I$1&I$8,DATA!$A:$EB,'2403'!$A70,0)/100 | J70: =VLOOKUP($I$1&J$8,DATA!$A:$EB,'2403'!$A70,0)/100 | K70: =VLOOKUP($I$1&K$8,DATA!$A:$EB,'2403'!$A70,0)/100 | L70: =VLOOKUP($I$1&L$8,DATA!$A:$EB,'2403'!$A70,0)/100 | M70: =VLOOKUP($I$1&M$8,DATA!$A:$EB,'2403'!$A70,0)/100 | N70: =VLOOKUP($I$1&N$8,DATA!$A:$EB,'2403'!$A70,0)/100 | O70: =VLOOKUP($I$1&O$8,DATA!$A:$EB,'2403'!$A70,0)/100 | P70: =VLOOKUP($I$1&P$8,DATA!$A:$EB,'2403'!$A70,0)/100 | ... T70: =VLOOKUP($I$1&T$8,DATA!$A:$EB,'2403'!$A70,0)/100
C71: 영업이익 | I71: =I66+I70 | J71: =J66+J70 | K71: =K66+K70 | L71: =L66+L70 | M71: =M66+M70 | N71: =N66+N70 | O71: =O66+O70 | P71: =P66+P70 | ... T71: =T66+T70
A72: =DATA!AX1 | C72: 영업외손익 | I72: =VLOOKUP($I$1&I$8,DATA!$A:$EB,'2403'!$A72,0)/100 | J72: =VLOOKUP($I$1&J$8,DATA!$A:$EB,'2403'!$A72,0)/100 | K72: =VLOOKUP($I$1&K$8,DATA!$A:$EB,'2403'!$A72,0)/100 | L72: =VLOOKUP($I$1&L$8,DATA!$A:$EB,'2403'!$A72,0)/100 | M72: =VLOOKUP($I$1&M$8,DATA!$A:$EB,'2403'!$A72,0)/100 | N72: =VLOOKUP($I$1&N$8,DATA!$A:$EB,'2403'!$A72,0)/100 | O72: =VLOOKUP($I$1&O$8,DATA!$A:$EB,'2403'!$A72,0)/100 | P72: =VLOOKUP($I$1&P$8,DATA!$A:$EB,'2403'!$A72,0)/100 | ... T72: =VLOOKUP($I$1&T$8,DATA!$A:$EB,'2403'!$A72,0)/100
A73: =DATA!AY1 | C73: 세전이익 | I73: =VLOOKUP($I$1&I$8,DATA!$A:$EB,'2403'!$A73,0)/100 | J73: =VLOOKUP($I$1&J$8,DATA!$A:$EB,'2403'!$A73,0)/100 | K73: =VLOOKUP($I$1&K$8,DATA!$A:$EB,'2403'!$A73,0)/100 | L73: =VLOOKUP($I$1&L$8,DATA!$A:$EB,'2403'!$A73,0)/100 | M73: =VLOOKUP($I$1&M$8,DATA!$A:$EB,'2403'!$A73,0)/100 | N73: =VLOOKUP($I$1&N$8,DATA!$A:$EB,'2403'!$A73,0)/100 | O73: =VLOOKUP($I$1&O$8,DATA!$A:$EB,'2403'!$A73,0)/100 | P73: =VLOOKUP($I$1&P$8,DATA!$A:$EB,'2403'!$A73,0)/100 | ... T73: =VLOOKUP($I$1&T$8,DATA!$A:$EB,'2403'!$A73,0)/100
A74: =DATA!AR1 | C74: 당기순이익 | I74: =VLOOKUP($I$1&I$8,DATA!$A:$EB,'2403'!$A74,0)/100 | J74: =VLOOKUP($I$1&J$8,DATA!$A:$EB,'2403'!$A74,0)/100 | K74: =VLOOKUP($I$1&K$8,DATA!$A:$EB,'2403'!$A74,0)/100 | L74: =VLOOKUP($I$1&L$8,DATA!$A:$EB,'2403'!$A74,0)/100 | M74: =VLOOKUP($I$1&M$8,DATA!$A:$EB,'2403'!$A74,0)/100 | N74: =VLOOKUP($I$1&N$8,DATA!$A:$EB,'2403'!$A74,0)/100 | O74: =VLOOKUP($I$1&O$8,DATA!$A:$EB,'2403'!$A74,0)/100 | P74: =VLOOKUP($I$1&P$8,DATA!$A:$EB,'2403'!$A74,0)/100 | ... T74: =VLOOKUP($I$1&T$8,DATA!$A:$EB,'2403'!$A74,0)/100
C75: * 예실차율(P/L 기준) = (예상-실제) / 예상, P/L기준, 보험료배분접근법 적용 제외
C78: * 예실차율
A79: =DATA!DK1 | E79: 사업비예실차 | I79: =VLOOKUP($I$1&I$8,DATA!$A:$EB,'2403'!$A79,0)/100 | J79: =VLOOKUP($I$1&J$8,DATA!$A:$EB,'2403'!$A79,0)/100 | K79: =VLOOKUP($I$1&K$8,DATA!$A:$EB,'2403'!$A79,0)/100 | L79: =VLOOKUP($I$1&L$8,DATA!$A:$EB,'2403'!$A79,0)/100 | M79: =VLOOKUP($I$1&M$8,DATA!$A:$EB,'2403'!$A79,0)/100 | N79: =VLOOKUP($I$1&N$8,DATA!$A:$EB,'2403'!$A79,0)/100 | O79: =VLOOKUP($I$1&O$8,DATA!$A:$EB,'2403'!$A79,0)/100 | P79: =VLOOKUP($I$1&P$8,DATA!$A:$EB,'2403'!$A79,0)/100 | ... T79: =VLOOKUP($I$1&T$8,DATA!$A:$EB,'2403'!$A79,0)/100
A80: =DATA!DI1 | E80: 예상보험금 | I80: =VLOOKUP($I$1&I$8,DATA!$A:$EB,'2403'!$A80,0)/100 | J80: =VLOOKUP($I$1&J$8,DATA!$A:$EB,'2403'!$A80,0)/100 | K80: =VLOOKUP($I$1&K$8,DATA!$A:$EB,'2403'!$A80,0)/100 | L80: =VLOOKUP($I$1&L$8,DATA!$A:$EB,'2403'!$A80,0)/100 | M80: =VLOOKUP($I$1&M$8,DATA!$A:$EB,'2403'!$A80,0)/100 | N80: =VLOOKUP($I$1&N$8,DATA!$A:$EB,'2403'!$A80,0)/100 | O80: =VLOOKUP($I$1&O$8,DATA!$A:$EB,'2403'!$A80,0)/100 | P80: =VLOOKUP($I$1&P$8,DATA!$A:$EB,'2403'!$A80,0)/100 | ... T80: =VLOOKUP($I$1&T$8,DATA!$A:$EB,'2403'!$A80,0)/100
A81: =DATA!DL1 | E81: 예상사업비 | I81: =VLOOKUP($I$1&I$8,DATA!$A:$EB,'2403'!$A81,0)/100 | J81: =VLOOKUP($I$1&J$8,DATA!$A:$EB,'2403'!$A81,0)/100 | K81: =VLOOKUP($I$1&K$8,DATA!$A:$EB,'2403'!$A81,0)/100 | L81: =VLOOKUP($I$1&L$8,DATA!$A:$EB,'2403'!$A81,0)/100 | M81: =VLOOKUP($I$1&M$8,DATA!$A:$EB,'2403'!$A81,0)/100 | N81: =VLOOKUP($I$1&N$8,DATA!$A:$EB,'2403'!$A81,0)/100 | O81: =VLOOKUP($I$1&O$8,DATA!$A:$EB,'2403'!$A81,0)/100 | P81: =VLOOKUP($I$1&P$8,DATA!$A:$EB,'2403'!$A81,0)/100 | ... T81: =VLOOKUP($I$1&T$8,DATA!$A:$EB,'2403'!$A81,0)/100
A82: =DATA!BY1 | E82: CSM상각액 | I82: =VLOOKUP($I$1&I$8,DATA!$A:$EB,'2403'!$A82,0)/100 | J82: =VLOOKUP($I$1&J$8,DATA!$A:$EB,'2403'!$A82,0)/100 | K82: =VLOOKUP($I$1&K$8,DATA!$A:$EB,'2403'!$A82,0)/100 | L82: =VLOOKUP($I$1&L$8,DATA!$A:$EB,'2403'!$A82,0)/100 | M82: =VLOOKUP($I$1&M$8,DATA!$A:$EB,'2403'!$A82,0)/100 | N82: =VLOOKUP($I$1&N$8,DATA!$A:$EB,'2403'!$A82,0)/100 | O82: =VLOOKUP($I$1&O$8,DATA!$A:$EB,'2403'!$A82,0)/100 | P82: =VLOOKUP($I$1&P$8,DATA!$A:$EB,'2403'!$A82,0)/100 | ... T82: =VLOOKUP($I$1&T$8,DATA!$A:$EB,'2403'!$A82,0)/100
C86: 3-1. CSM 현황
T87: (단위 : 억원)
C88: 구분 | I88: 미래에셋생명 | J88: 삼성생명 | K88: 교보생명 | L88: 한화생명 | M88: 신한라이프 | N88: 동양생명 | O88: KB라이프 | P88: 삼성화재 | Q88: 현대해상 | R88: 메리츠화재 | S88: KB손보 | T88: DB손보
A89: =DATA!BW1 | C89: CSM | I89: =VLOOKUP($I$1&I$8,DATA!$A:$EB,'2403'!$A89,0)/100 | J89: =VLOOKUP($I$1&J$8,DATA!$A:$EB,'2403'!$A89,0)/100 | K89: =VLOOKUP($I$1&K$8,DATA!$A:$EB,'2403'!$A89,0)/100 | L89: =VLOOKUP($I$1&L$8,DATA!$A:$EB,'2403'!$A89,0)/100 | M89: =VLOOKUP($I$1&M$8,DATA!$A:$EB,'2403'!$A89,0)/100 | N89: =VLOOKUP($I$1&N$8,DATA!$A:$EB,'2403'!$A89,0)/100 | O89: =VLOOKUP($I$1&O$8,DATA!$A:$EB,'2403'!$A89,0)/100 | P89: =VLOOKUP($I$1&P$8,DATA!$A:$EB,'2403'!$A89,0)/100 | ... T89: =VLOOKUP($I$1&T$8,DATA!$A:$EB,'2403'!$A89,0)/100
C90: 전기말 대비 | I90: =+I89-I103 | J90: =+J89-J103 | K90: =+K89-K103 | L90: =+L89-L103 | M90: =+M89-M103 | N90: =+N89-N103 | O90: =+O89-O103 | P90: =+P89-P103 | ... T90: =+T89-T103
C91: (증가율) | I91: =+I90/I89 | J91: =+J90/J89 | K91: =+K90/K89 | L91: =+L90/L89 | M91: =+M90/M89 | N91: =+N90/N89 | O91: =+O90/O89 | P91: =+P90/P89 | ... T91: =+T90/T89
A92: =DATA!BX1 | C92: 신계약CSM(a) | I92: =VLOOKUP($I$1&I$8,DATA!$A:$EB,'2403'!$A92,0)/100 | J92: =VLOOKUP($I$1&J$8,DATA!$A:$EB,'2403'!$A92,0)/100 | K92: =VLOOKUP($I$1&K$8,DATA!$A:$EB,'2403'!$A92,0)/100 | L92: =VLOOKUP($I$1&L$8,DATA!$A:$EB,'2403'!$A92,0)/100 | M92: =VLOOKUP($I$1&M$8,DATA!$A:$EB,'2403'!$A92,0)/100 | N92: =VLOOKUP($I$1&N$8,DATA!$A:$EB,'2403'!$A92,0)/100 | O92: =VLOOKUP($I$1&O$8,DATA!$A:$EB,'2403'!$A92,0)/100 | P92: =VLOOKUP($I$1&P$8,DATA!$A:$EB,'2403'!$A92,0)/100 | ... T92: =VLOOKUP($I$1&T$8,DATA!$A:$EB,'2403'!$A92,0)/100
A93: =DATA!BY1 | C93: CSM상각액(b) | I93: =VLOOKUP($I$1&I$8,DATA!$A:$EB,'2403'!$A93,0)/100 | J93: =VLOOKUP($I$1&J$8,DATA!$A:$EB,'2403'!$A93,0)/100 | K93: =VLOOKUP($I$1&K$8,DATA!$A:$EB,'2403'!$A93,0)/100 | L93: =VLOOKUP($I$1&L$8,DATA!$A:$EB,'2403'!$A93,0)/100 | M93: =VLOOKUP($I$1&M$8,DATA!$A:$EB,'2403'!$A93,0)/100 | N93: =VLOOKUP($I$1&N$8,DATA!$A:$EB,'2403'!$A93,0)/100 | O93: =VLOOKUP($I$1&O$8,DATA!$A:$EB,'2403'!$A93,0)/100 | P93: =VLOOKUP($I$1&P$8,DATA!$A:$EB,'2403'!$A93,0)/100 | ... T93: =VLOOKUP($I$1&T$8,DATA!$A:$EB,'2403'!$A93,0)/100
C94: (상각률) | I94: =+I93/(I89+I93)*(4/$J$1) | J94: =+J93/(J89+J93)*(4/$J$1) | K94: =+K93/(K89+K93)*(4/$J$1) | L94: =+L93/(L89+L93)*(4/$J$1) | M94: =+M93/(M89+M93)*(4/$J$1) | N94: =+N93/(N89+N93)*(4/$J$1) | O94: =+O93/(O89+O93)*(4/$J$1) | P94: =+P93/(P89+P93)*(4/$J$1) | ... T94: =+T93/(T89+T93)*(4/$J$1)
C95: 상각액Cover율(a/b) | I95: =+I92/I93 | J95: =+J92/J93 | K95: =+K92/K93 | L95: =+L92/L93 | M95: =+M92/M93 | N95: =+N92/N93 | O95: =+O92/O93 | P95: =+P92/P93 | ... T95: =+T92/T93
A96: =DATA!CE1 | C96: 기간별 상각 금액 비중 | F96: 1년 이하 | I96: =VLOOKUP($I$1&I$8,DATA!$A:$EB,'2403'!$A96,0)/100 | J96: =VLOOKUP($I$1&J$8,DATA!$A:$EB,'2403'!$A96,0)/100 | K96: =VLOOKUP($I$1&K$8,DATA!$A:$EB,'2403'!$A96,0)/100 | L96: =VLOOKUP($I$1&L$8,DATA!$A:$EB,'2403'!$A96,0)/100 | M96: =VLOOKUP($I$1&M$8,DATA!$A:$EB,'2403'!$A96,0)/100 | N96: =VLOOKUP($I$1&N$8,DATA!$A:$EB,'2403'!$A96,0)/100 | O96: =VLOOKUP($I$1&O$8,DATA!$A:$EB,'2403'!$A96,0)/100 | P96: =VLOOKUP($I$1&P$8,DATA!$A:$EB,'2403'!$A96,0)/100 | ... T96: =VLOOKUP($I$1&T$8,DATA!$A:$EB,'2403'!$A96,0)/100
A97: =DATA!CF1 | F97: 2~5년 | I97: =VLOOKUP($I$1&I$8,DATA!$A:$EB,'2403'!$A97,0)/100+VLOOKUP($I$1&I$8,DATA!$A:$EB,'2403'!$A97+1,0)/100 | J97: =VLOOKUP($I$1&J$8,DATA!$A:$EB,'2403'!$A97,0)/100+VLOOKUP($I$1&J$8,DATA!$A:$EB,'2403'!$A97+1,0)/100 | K97: =VLOOKUP($I$1&K$8,DATA!$A:$EB,'2403'!$A97,0)/100+VLOOKUP($I$1&K$8,DATA!$A:$EB,'2403'!$A97+1,0)/100 | L97: =VLOOKUP($I$1&L$8,DATA!$A:$EB,'2403'!$A97,0)/100+VLOOKUP($I$1&L$8,DATA!$A:$EB,'2403'!$A97+1,0)/100 | M97: =VLOOKUP($I$1&M$8,DATA!$A:$EB,'2403'!$A97,0)/100+VLOOKUP($I$1&M$8,DATA!$A:$EB,'2403'!$A97+1,0)/100 | N97: =VLOOKUP($I$1&N$8,DATA!$A:$EB,'2403'!$A97,0)/100+VLOOKUP($I$1&N$8,DATA!$A:$EB,'2403'!$A97+1,0)/100 | O97: =VLOOKUP($I$1&O$8,DATA!$A:$EB,'2403'!$A97,0)/100+VLOOKUP($I$1&O$8,DATA!$A:$EB,'2403'!$A97+1,0)/100 | P97: =VLOOKUP($I$1&P$8,DATA!$A:$EB,'2403'!$A97,0)/100+VLOOKUP($I$1&P$8,DATA!$A:$EB,'2403'!$A97+1,0)/100 | ... T97: =VLOOKUP($I$1&T$8,DATA!$A:$EB,'2403'!$A97,0)/100+VLOOKUP($I$1&T$8,DATA!$A:$EB,'2403'!$A97+1,0)/100
A98: =DATA!CH1 | F98: 5~10년 | I98: =VLOOKUP($I$1&I$8,DATA!$A:$EB,'2403'!$A98,0)/100 | J98: =VLOOKUP($I$1&J$8,DATA!$A:$EB,'2403'!$A98,0)/100 | K98: =VLOOKUP($I$1&K$8,DATA!$A:$EB,'2403'!$A98,0)/100 | L98: =VLOOKUP($I$1&L$8,DATA!$A:$EB,'2403'!$A98,0)/100 | M98: =VLOOKUP($I$1&M$8,DATA!$A:$EB,'2403'!$A98,0)/100 | N98: =VLOOKUP($I$1&N$8,DATA!$A:$EB,'2403'!$A98,0)/100 | O98: =VLOOKUP($I$1&O$8,DATA!$A:$EB,'2403'!$A98,0)/100 | P98: =VLOOKUP($I$1&P$8,DATA!$A:$EB,'2403'!$A98,0)/100 | ... T98: =VLOOKUP($I$1&T$8,DATA!$A:$EB,'2403'!$A98,0)/100
A99: =DATA!CI1 | F99: 10년 초과 | I99: =VLOOKUP($I$1&I$8,DATA!$A:$EB,'2403'!$A99,0)/100 | K99: =VLOOKUP($I$1&K$8,DATA!$A:$EB,'2403'!$A99,0)/100 | L99: =VLOOKUP($I$1&L$8,DATA!$A:$EB,'2403'!$A99,0)/100 | M99: =VLOOKUP($I$1&M$8,DATA!$A:$EB,'2403'!$A99,0)/100 | N99: =VLOOKUP($I$1&N$8,DATA!$A:$EB,'2403'!$A99,0)/100 | O99: =VLOOKUP($I$1&O$8,DATA!$A:$EB,'2403'!$A99,0)/100 | Q99: =VLOOKUP($I$1&Q$8,DATA!$A:$EB,'2403'!$A99,0)/100 | R99: =VLOOKUP($I$1&R$8,DATA!$A:$EB,'2403'!$A99,0)/100 | S99: =VLOOKUP($I$1&S$8,DATA!$A:$EB,'2403'!$A99,0)/100 | T99: =VLOOKUP($I$1&T$8,DATA!$A:$EB,'2403'!$A99,0)/100
C100: * CSM상각률 : CSM상각액 / (CSM잔액 + CSM상각액) * (4 / 분기)
C101: * 기간별 상각금액 비중 : 순부채 기준
I102: =+I92/I89 | J102: =+J92/J89 | K102: =+K92/K89 | L102: =+L92/L89 | M102: =+M92/M89 | N102: =+N92/N89 | O102: =+O92/O89 | P102: =+P92/P89 | ... T102: =+T92/T89
A103: =DATA!CB1 | E103: 전기말 | I103: =VLOOKUP($I$1&I$8,DATA!$A:$EB,'2403'!$A103,0)/100 | J103: =VLOOKUP($I$1&J$8,DATA!$A:$EB,'2403'!$A103,0)/100 | K103: =VLOOKUP($I$1&K$8,DATA!$A:$EB,'2403'!$A103,0)/100 | L103: =VLOOKUP($I$1&L$8,DATA!$A:$EB,'2403'!$A103,0)/100 | M103: =VLOOKUP($I$1&M$8,DATA!$A:$EB,'2403'!$A103,0)/100 | N103: =VLOOKUP($I$1&N$8,DATA!$A:$EB,'2403'!$A103,0)/100 | O103: =VLOOKUP($I$1&O$8,DATA!$A:$EB,'2403'!$A103,0)/100 | P103: =VLOOKUP($I$1&P$8,DATA!$A:$EB,'2403'!$A103,0)/100 | ... T103: =VLOOKUP($I$1&T$8,DATA!$A:$EB,'2403'!$A103,0)/100
I104: =I89-SUM(I96:I99) | J104: =J89-SUM(J96:J99) | K104: =K89-SUM(K96:K99) | L104: =L89-SUM(L96:L99) | M104: =M89-SUM(M96:M99) | N104: =N89-SUM(N96:N99) | O104: =O89-SUM(O96:O99) | P104: =P89-SUM(P96:P99) | ... T104: =T89-SUM(T96:T99)
A105: =DATA!BZ1 | E105: CSM조정 | I105: =VLOOKUP($I$1&I$8,DATA!$A:$EB,'2403'!$A105,0)/100 | J105: =VLOOKUP($I$1&J$8,DATA!$A:$EB,'2403'!$A105,0)/100 | K105: =VLOOKUP($I$1&K$8,DATA!$A:$EB,'2403'!$A105,0)/100 | L105: =VLOOKUP($I$1&L$8,DATA!$A:$EB,'2403'!$A105,0)/100 | M105: =VLOOKUP($I$1&M$8,DATA!$A:$EB,'2403'!$A105,0)/100 | N105: =VLOOKUP($I$1&N$8,DATA!$A:$EB,'2403'!$A105,0)/100 | O105: =VLOOKUP($I$1&O$8,DATA!$A:$EB,'2403'!$A105,0)/100 | P105: =VLOOKUP($I$1&P$8,DATA!$A:$EB,'2403'!$A105,0)/100 | ... T105: =VLOOKUP($I$1&T$8,DATA!$A:$EB,'2403'!$A105,0)/100
I106: =I105/I89 | J106: =J105/J89 | K106: =K105/K89 | L106: =L105/L89 | M106: =M105/M89 | N106: =N105/N89 | O106: =O105/O89 | P106: =P105/P89 | ... T106: =T105/T89
C107: 4. 경영효율지표
C109: 구분 | I109: 미래에셋생명 | J109: 삼성생명 | K109: 교보생명 | L109: 한화생명 | M109: 신한라이프 | N109: 동양생명 | O109: KB라이프 | P109: 삼성화재 | Q109: 현대해상 | R109: 메리츠화재 | S109: KB손보 | T109: DB손보
C110: ROE | I110: =I74/AVERAGE(I120,I121)*(4/$J$1) | J110: =J74/AVERAGE(J120,J121)*(4/$J$1) | K110: =K74/AVERAGE(K120,K121)*(4/$J$1) | L110: =L74/AVERAGE(L120,L121)*(4/$J$1) | M110: =M74/AVERAGE(M120,M121)*(4/$J$1) | N110: =N74/AVERAGE(N120,N121)*(4/$J$1) | O110: =O74/AVERAGE(O120,O121)*(4/$J$1) | P110: =P74/AVERAGE(P120,P121)*(4/$J$1) | ... T110: =T74/AVERAGE(T120,T121)*(4/$J$1)
C111: RAROC (연환산) | I111: =+I92/(I52*150%)*(4/$J$1) | J111: =+J92/(J52*150%)*(4/$J$1) | K111: =+K92/(K52*150%)*(4/$J$1) | L111: =+L92/(L52*150%)*(4/$J$1) | M111: =+M92/(M52*150%)*(4/$J$1) | N111: =+N92/(N52*150%)*(4/$J$1) | O111: =+O92/(O52*150%)*(4/$J$1) | P111: =+P92/(P52*150%)*(4/$J$1) | ... T111: =+T92/(T52*150%)*(4/$J$1)
C112: CSM | E112: ÷ 자기자본 | I112: =I89/I121 | J112: =J89/J121 | K112: =K89/K121 | L112: =L89/L121 | M112: =M89/M121 | N112: =N89/N121 | O112: =O89/O121 | P112: =P89/P121 | ... T112: =T89/T121
E113: ÷ (요구자본x150%) | I113: =I89/(I52*150%) | J113: =J89/(J52*150%) | K113: =K89/(K52*150%) | L113: =L89/(L52*150%) | M113: =M89/(M52*150%) | N113: =N89/(N52*150%) | O113: =O89/(O52*150%) | P113: =P89/(P52*150%) | ... T113: =T89/(T52*150%)
E114: ÷ (요구자본x180%) | I114: =I89/(I52*180%) | J114: =J89/(J52*180%) | K114: =K89/(K52*180%) | L114: =L89/(L52*180%) | M114: =M89/(M52*180%) | N114: =N89/(N52*180%) | O114: =O89/(O52*180%) | P114: =P89/(P52*180%) | ... T114: =T89/(T52*180%)
C115: CSM 상각액 (연환산) | E115: ÷ 자기자본 | I115: =I93/I121*(4/$J$1) | J115: =J93/J121*(4/$J$1) | K115: =K93/K121*(4/$J$1) | L115: =L93/L121*(4/$J$1) | M115: =M93/M121*(4/$J$1) | N115: =N93/N121*(4/$J$1) | O115: =O93/O121*(4/$J$1) | P115: =P93/P121*(4/$J$1) | ... T115: =T93/T121*(4/$J$1)
E116: ÷ (요구자본x150%) | I116: =I93/(I52*150%)*(4/$J$1) | J116: =J93/(J52*150%)*(4/$J$1) | K116: =K93/(K52*150%)*(4/$J$1) | L116: =L93/(L52*150%)*(4/$J$1) | M116: =M93/(M52*150%)*(4/$J$1) | N116: =N93/(N52*150%)*(4/$J$1) | O116: =O93/(O52*150%)*(4/$J$1) | P116: =P93/(P52*150%)*(4/$J$1) | ... T116: =T93/(T52*150%)*(4/$J$1)
E117: ÷ (요구자본x180%) | I117: =I93/(I52*180%)*(4/$J$1) | J117: =J93/(J52*180%)*(4/$J$1) | K117: =K93/(K52*180%)*(4/$J$1) | L117: =L93/(L52*180%)*(4/$J$1) | M117: =M93/(M52*180%)*(4/$J$1) | N117: =N93/(N52*180%)*(4/$J$1) | O117: =O93/(O52*180%)*(4/$J$1) | P117: =P93/(P52*180%)*(4/$J$1) | ... T117: =T93/(T52*180%)*(4/$J$1)
C118: * ROE = 당기순이익 / (회계정책 변경후 기시 자기자본 기준, 분기말 자기자본의 평균) * (4/분기), RAROC = 신계약CSM ÷ (요구자본x150%) * (4/분기)
A120: =DATA!T1 | E120: 전기자기자본 | I120: =VLOOKUP($I$1&I$8,DATA!$A:$EB,'2403'!$A120,0)/100 | J120: =VLOOKUP($I$1&J$8,DATA!$A:$EB,'2403'!$A120,0)/100 | K120: =VLOOKUP($I$1&K$8,DATA!$A:$EB,'2403'!$A120,0)/100 | L120: =VLOOKUP($I$1&L$8,DATA!$A:$EB,'2403'!$A120,0)/100 | M120: =VLOOKUP($I$1&M$8,DATA!$A:$EB,'2403'!$A120,0)/100 | N120: =VLOOKUP($I$1&N$8,DATA!$A:$EB,'2403'!$A120,0)/100 | O120: =VLOOKUP($I$1&O$8,DATA!$A:$EB,'2403'!$A120,0)/100 | P120: =VLOOKUP($I$1&P$8,DATA!$A:$EB,'2403'!$A120,0)/100 | ... T120: =VLOOKUP($I$1&T$8,DATA!$A:$EB,'2403'!$A120,0)/100
A121: =DATA!N1 | E121: 자기자본 | I121: =VLOOKUP($I$1&I$8,DATA!$A:$EB,'2403'!$A121,0)/100 | J121: =VLOOKUP($I$1&J$8,DATA!$A:$EB,'2403'!$A121,0)/100 | K121: =VLOOKUP($I$1&K$8,DATA!$A:$EB,'2403'!$A121,0)/100 | L121: =VLOOKUP($I$1&L$8,DATA!$A:$EB,'2403'!$A121,0)/100 | M121: =VLOOKUP($I$1&M$8,DATA!$A:$EB,'2403'!$A121,0)/100 | N121: =VLOOKUP($I$1&N$8,DATA!$A:$EB,'2403'!$A121,0)/100 | O121: =VLOOKUP($I$1&O$8,DATA!$A:$EB,'2403'!$A121,0)/100 | P121: =VLOOKUP($I$1&P$8,DATA!$A:$EB,'2403'!$A121,0)/100 | ... T121: =VLOOKUP($I$1&T$8,DATA!$A:$EB,'2403'!$A121,0)/100

Sheet fvpl
A1: 분류코드 | B1: 계정과목 | C1: 수식 | D1: 공시 | E1: Conversion | F1: 변액 | G1: 퇴직(실적) | H1: 총괄 | I1: 신개인 연금 | J1: 자산연계형 | K1: 퇴직보험 | L1: 퇴직연금(원리) | M1: 일반 | N1: 일반계정 | O1: 변액보험 | P1: 퇴직보험/연금(원리금) | Q1: 퇴직실적 | R1: 구분 | AH1: * 공시용
A2: 1 | B2: [자 산 총 계] | D2: 32855181935106 | E2: 13679774848594 | F2: 13323148118922 | G2: 356626729672 | H2: 32855181935106 | I2: 1505771962170 | J2: 34862287173 | K2: 17246396780 | L2: 1858720460727 | M2: 29438580828256 | N2: =+M2+I2+J2 | O2: =+F2 | P2: =+K2+L2 | Q2: =+G2 | R2: 총자산 | S2: =+SUM(N2:Q2)-H2 | AH2: 계정과목 | AI2: 금 액
A3: 2 | B3: [현금및현금성자산] | D3: 0 | E3: 0 | F3: 0 | G3: 0 | H3: 0 | I3: 0 | J3: 0 | K3: 0 | L3: 0 | M3: 0 | N3: =+M3+I3+J3 | O3: =+F3 | P3: =+K3+L3 | Q3: =+G3 | S3: =+SUM(N3:Q3)-H3 | AH3: I. 현금 및 현금성자산 | AI3: 713309680187
A4: 3 | B4: [당기손익-공정가치측정유가증권] | D4: 0 | E4: 0 | F4: 0 | G4: 0 | H4: 0 | I4: 0 | J4: 0 | K4: 0 | L4: 0 | M4: 0 | N4: =+M4+I4+J4 | O4: =+F4 | P4: =+K4+L4 | Q4: =+G4 | S4: =+SUM(N4:Q4)-H4 | AH4: 1.현금 과 예금 | AI4: 713309680187
A5: 4 | B5: [당기손익-공정가치측정지정금융자산] | D5: 0 | E5: 0 | F5: 0 | G5: 0 | H5: 0 | I5: 0 | J5: 0 | K5: 0 | L5: 0 | M5: 0 | N5: =+M5+I5+J5 | O5: =+F5 | P5: =+K5+L5 | Q5: =+G5 | S5: =+SUM(N5:Q5)-H5 | AH5: (1) 현 금 | AI5: 0
A6: 5 | B6: [기타포괄손익-공정가치측정유가증권] | D6: 0 | E6: 0 | F6: 0 | G6: 0 | H6: 0 | I6: 0 | J6: 0 | K6: 0 | L6: 0 | M6: 0 | N6: =+M6+I6+J6 | O6: =+F6 | P6: =+K6+L6 | Q6: =+G6 | S6: =+SUM(N6:Q6)-H6 | AH6: (2) 당좌예금 | AI6: 7985571496
A7: 6 | B7: [상각후원가측정유가증권] | D7: 0 | E7: 0 | F7: 0 | G7: 0 | H7: 0 | I7: 0 | J7: 0 | K7: 0 | L7: 0 | M7: 0 | N7: =+M7+I7+J7 | O7: =+F7 | P7: =+K7+L7 | Q7: =+G7 | S7: =+SUM(N7:Q7)-H7 | AH7: (3) 보통예금 | AI7: 7668430524
A8: 7 | B8: [관계·종속기업투자주식] | D8: 0 | E8: 0 | F8: 0 | G8: 0 | H8: 0 | I8: 0 | J8: 0 | K8: 0 | L8: 0 | M8: 0 | N8: =+M8+I8+J8 | O8: =+F8 | P8: =+K8+L8 | Q8: =+G8 | S8: =+SUM(N8:Q8)-H8 | AH8: (4) 정기예금 | AI8: 0
A9: 8 | B9: [상각후원가측정대출채권] | D9: 0 | E9: 0 | F9: 0 | G9: 0 | H9: 0 | I9: 0 | J9: 0 | K9: 0 | L9: 0 | M9: 0 | N9: =+M9+I9+J9 | O9: =+F9 | P9: =+K9+L9 | Q9: =+G9 | S9: =+SUM(N9:Q9)-H9 | AH9: (5) 정기적금 | AI9: 0
A10: 9 | B10: [당기손익-공정가치측정대출채권] | D10: 0 | E10: 0 | F10: 0 | G10: 0 | H10: 0 | I10: 0 | J10: 0 | K10: 0 | L10: 0 | M10: 0 | N10: =+M10+I10+J10 | O10: =+F10 | P10: =+K10+L10 | Q10: =+G10 | S10: =+SUM(N10:Q10)-H10 | AH10: (6) 해외제예금 | AI10: 0
A11: 10 | B11: [기타포괄손익-공정가치측정대출채권] | D11: 0 | E11: 0 | F11: 0 | G11: 0 | H11: 0 | I11: 0 | J11: 0 | K11: 0 | L11: 0 | M11: 0 | N11: =+M11+I11+J11 | O11: =+F11 | P11: =+K11+L11 | Q11: =+G11 | S11: =+SUM(N11:Q11)-H11 | AH11: (7) 기타예금 | AI11: 697655678167
A12: 11 | B12: [위험회피회계적용파생상품자산] | D12: 0 | E12: 0 | F12: 0 | G12: 0 | H12: 0 | I12: 0 | J12: 0 | K12: 0 | L12: 0 | M12: 0 | N12: =+M12+I12+J12 | O12: =+F12 | P12: =+K12+L12 | Q12: =+G12 | S12: =+SUM(N12:Q12)-H12 | AH12: 2.금 전 신 탁 | AI12: 0
A13: 12 | B13: [기타금융자산] | D13: 0 | E13: 0 | F13: 0 | G13: 0 | H13: 0 | I13: 0 | J13: 0 | K13: 0 | L13: 0 | M13: 0 | N13: =+M13+I13+J13 | O13: =+F13 | P13: =+K13+L13 | Q13: =+G13 | S13: =+SUM(N13:Q13)-H13 | AH13: II. 당기손익-공정가치측정 금융자산 | AI13: 15919160828799
A14: 13 | B14: [비금융자산] | D14: 0 | E14: 0 | F14: 0 | G14: 0 | H14: 0 | I14: 0 | J14: 0 | K14: 0 | L14: 0 | M14: 0 | N14: =+M14+I14+J14 | O14: =+F14 | P14: =+K14+L14 | Q14: =+G14 | S14: =+SUM(N14:Q14)-H14 | W14: 특별계정자산 | X14: =+X15+X16 | Y14: =+X14/10^8 | AH14: 1.당기손익-공정가치측정 금융자산 | AI14: 15874266089364
A15: 14 | B15: [매각예정처분자산집단에포함된자산] | D15: 0 | E15: 0 | F15: 0 | G15: 0 | H15: 0 | I15: 0 | J15: 0 | K15: 0 | L15: 0 | M15: 0 | N15: =+M15+I15+J15 | O15: =+F15 | P15: =+K15+L15 | Q15: =+G15 | S15: =+SUM(N15:Q15)-H15 | W15: 변액보험 | X15: =SUMIFS(N:N,$R:$R,$W15) | Y15: =+X15/10^8 | AH15: (1) 당기손익-공정가치측정 유가증권 | AI15: 15605085009793
A16: 15 | B16: [특별계정자산) | D16: 0 | E16: 0 | F16: 0 | G16: 0 | H16: 0 | I16: 0 | J16: 0 | K16: 0 | L16: 0 | M16: 0 | N16: =+M16+I16+J16 | O16: =+F16 | P16: =+K16+L16 | Q16: =+G16 | S16: =+SUM(N16:Q16)-H16 | W16: 퇴직실적 | X16: =SUMIFS(N:N,$R:$R,$W16) | Y16: =+X16/10^8 | AH16: 1) 주식 | AI16: 218209087000
A17: 16 | B17: Ⅰ.운 용 자 산 | D17: 31995760390644 | E17: 0 | F17: 13106414567769 | G17: 348256525819 | H17: 18541089297056 | I17: 1468764624607 | J17: 33551993783 | K17: 17232912157 | L17: 1784148066674 | M17: 15237391699835 | N17: =+M17+I17+J17 | O17: =+F17 | P17: =+K17+L17 | Q17: =+G17 | S17: =+SUM(N17:Q17)-H17 | AH17: (가) 상장주식 | AI17: 132095366740
A18: 17 | B18: 1.현금 및 예치금 | D18: 1062605988002 | E18: 0 | F18: 506578752068 | G18: 28856952837 | H18: 527170283097 | I18: 107645757960 | J18: 2630294803 | K18: 16235053757 | L18: 153504663422 | M18: 247154513155 | N18: =+M18+I18+J18 | O18: =+F18 | P18: =+K18+L18 | Q18: =+G18 | S18: =+SUM(N18:Q18)-H18 | AH18: (나) 기타주식 | AI18: 95383116265
A19: 18 | B19: 가.현금과예금 | D19: 1044694842300 | E19: 0 | F19: 505978752068 | G19: 28856952837 | H19: 509859137395 | I19: 107645757960 | J19: 2630294803 | K19: 16235053757 | L19: 153504663422 | M19: 229843367453 | N19: =+M19+I19+J19 | O19: =+F19 | P19: =+K19+L19 | Q19: =+G19 | S19: =+SUM(N19:Q19)-H19 | AH19: (다) 평가이익조정 | AI19: -9269396005
A20: 19 | B20: (1) 현금 | D20: 0 | E20: 0 | F20: 0 | G20: 0 | H20: 0 | I20: 0 | J20: 0 | K20: 0 | L20: 0 | M20: 0 | N20: =+M20+I20+J20 | O20: =+F20 | P20: =+K20+L20 | Q20: =+G20 | S20: =+SUM(N20:Q20)-H20 | AH20: 2) 출자금 | AI20: 77810206123
A21: 20 | B21: (2) 당좌예금 | D21: 7333643458 | E21: 0 | F21: 0 | G21: 0 | H21: 7333643458 | I21: 0 | J21: 0 | K21: 0 | L21: 0 | M21: 7333643458 | N21: =+M21+I21+J21 | O21: =+F21 | P21: =+K21+L21 | Q21: =+G21 | S21: =+SUM(N21:Q21)-H21 | AH21: 3) 국ㆍ공채 | AI21: 48558924704 | AJ21: 국내채권
A22: 21 | B22: (3) 보통예금 | D22: 24608927043 | E22: 0 | F22: 0 | G22: 0 | H22: 24608927043 | I22: 0 | J22: 0 | K22: 0 | L22: 0 | M22: 24608927043 | N22: =+M22+I22+J22 | O22: =+F22 | P22: =+K22+L22 | Q22: =+G22 | S22: =+SUM(N22:Q22)-H22 | AH22: (가) 국 채 | AI22: 48558924704
A23: 22 | B23: (4) 정기예금 | D23: 0 | E23: 0 | F23: 0 | G23: 0 | H23: 0 | I23: 0 | J23: 0 | K23: 0 | L23: 0 | M23: 0 | N23: =+M23+I23+J23 | O23: =+F23 | P23: =+K23+L23 | Q23: =+G23 | S23: =+SUM(N23:Q23)-H23 | AH23: (나) 공 채 | AI23: 0
A24: 23 | B24: (5) 정기적금 | D24: 0 | E24: 0 | F24: 0 | G24: 0 | H24: 0 | I24: 0 | J24: 0 | K24: 0 | L24: 0 | M24: 0 | N24: =+M24+I24+J24 | O24: =+F24 | P24: =+K24+L24 | Q24: =+G24 | S24: =+SUM(N24:Q24)-H24 | AH24: 4) 특 수 채 | AI24: 24987769998 | AJ24: 국내채권
A25: 24 | B25: (6) 해외제예금 | D25: 0 | E25: 0 | F25: 0 | G25: 0 | H25: 0 | I25: 0 | J25: 0 | K25: 0 | L25: 0 | M25: 0 | N25: =+M25+I25+J25 | O25: =+F25 | P25: =+K25+L25 | Q25: =+G25 | S25: =+SUM(N25:Q25)-H25 | AH25: 5) 금 융 채 | AI25: 0 | AJ25: 국내채권
A26: 25 | B26: (7) 기타예금 | D26: 1012752271799 | E26: 0 | F26: 505978752068 | G26: 28856952837 | H26: 477916566894 | I26: 107645757960 | J26: 2630294803 | K26: 16235053757 | L26: 153504663422 | M26: 197900796952 | N26: =+M26+I26+J26 | O26: =+F26 | P26: =+K26+L26 | Q26: =+G26 | S26: =+SUM(N26:Q26)-H26 | AH26: 6) 회 사 채 | AI26: 0 | AJ26: 국내채권
A27: 26 | B27: 나.금전신탁 | D27: 0 | E27: 0 | F27: 0 | G27: 0 | H27: 0 | I27: 0 | J27: 0 | K27: 0 | L27: 0 | M27: 0 | N27: =+M27+I27+J27 | O27: =+F27 | P27: =+K27+L27 | Q27: =+G27 | S27: =+SUM(N27:Q27)-H27 | AH27: (가) 보증사채 | AI27: 0
A28: 27 | B28: 다.선물거래예치금 | D28: 0 | E28: 0 | F28: 0 | G28: 0 | H28: 0 | I28: 0 | J28: 0 | K28: 0 | L28: 0 | M28: 0 | N28: =+M28+I28+J28 | O28: =+F28 | P28: =+K28+L28 | Q28: =+G28 | S28: =+SUM(N28:Q28)-H28 | X28: 일반계정 (신개인 등 포함) | Y28: 변액보험 | Z28: 퇴직연금/보험 | AA28: 퇴직실적 | AB28: 합계 | AH28: (나) 무보증사채 | AI28: 0
A29: 28 | B29: 라.기타예치금 | D29: 17911145702 | E29: 0 | F29: 600000000 | G29: 0 | H29: 17311145702 | I29: 0 | J29: 0 | K29: 0 | L29: 0 | M29: 17311145702 | N29: =+M29+I29+J29 | O29: =+F29 | P29: =+K29+L29 | Q29: =+G29 | S29: =+SUM(N29:Q29)-H29 | V29: 당사 | W29: FVPL | X29: =SUMIFS(N:N,$R:$R,$W29) | Y29: =SUMIFS(O:O,$R:$R,$W29) | Z29: =SUMIFS(P:P,$R:$R,$W29) | AA29: =SUMIFS(Q:Q,$R:$R,$W29) | AB29: =SUM(X29:AA29) | AH29: 7) 수익증권 | AI29: 9821858718633 | AJ29: 수익증권
A30: 29 | B30: 2.유가증권 | D30: 28704975259799 | E30: 0 | F30: 12409035815701 | G30: 319399572982 | H30: 15976539871116 | I30: 1361118866647 | J30: 30921698980 | K30: 997858400 | L30: 1507609299992 | M30: 13075892147097 | N30: =+M30+I30+J30 | O30: =+F30 | P30: =+K30+L30 | Q30: =+G30 | R30: 유가증권 | S30: =+SUM(N30:Q30)-H30 | W30: 주식/출자금 | X30: =SUMIFS(N:N,$R:$R,$W30) | Y30: =SUMIFS(O:O,$R:$R,$W30) | Z30: =SUMIFS(P:P,$R:$R,$W30) | AA30: =SUMIFS(Q:Q,$R:$R,$W30) | AB30: =SUM(X30:AA30) | AH30: (가) 수익증권 | AI30: 9664671871963
A31: 30 | B31: 2-1.당기손익-공정가치측정유가증권 | D31: 16899374928281 | E31: 0 | F31: 12409035815701 | G31: 319399572982 | H31: 4170939539598 | I31: 43788959224 | J31: 30921698980 | K31: 997858400 | L31: 468245347790 | M31: 3626985675204 | N31: =+M31+I31+J31 | O31: =+F31 | P31: =+K31+L31 | Q31: =+G31 | R31: FVPL | S31: =+SUM(N31:Q31)-H31 | W31: 해외주식 | X31: =SUMIFS(N:N,$R:$R,$W31) | Y31: =SUMIFS(O:O,$R:$R,$W31) | Z31: =SUMIFS(P:P,$R:$R,$W31) | AA31: =SUMIFS(Q:Q,$R:$R,$W31) | AB31: =SUM(X31:AA31) | AH31: (나) 평가이익조정 | AI31: 157186846670
A32: 31 | B32: [당기손익-공정가치측정유가증권] | D32: 16899374928281 | E32: 0 | F32: 12409035815701 | G32: 319399572982 | H32: 4170939539598 | I32: 43788959224 | J32: 30921698980 | K32: 997858400 | L32: 468245347790 | M32: 3626985675204 | N32: =+M32+I32+J32 | O32: =+F32 | P32: =+K32+L32 | Q32: =+G32 | S32: =+SUM(N32:Q32)-H32 | W32: 국내채권 | X32: =SUMIFS(N:N,$R:$R,$W32) | Y32: =SUMIFS(O:O,$R:$R,$W32) | Z32: =SUMIFS(P:P,$R:$R,$W32) | AA32: =SUMIFS(Q:Q,$R:$R,$W32) | AB32: =SUM(X32:AA32) | AH32: 8) 외화 유가증권 | AI32: 5413660303335
A33: 32 | B33: 가.주 식 | D33: 181359358667 | E33: 0 | F33: 0 | G33: 0 | H33: 181359358667 | I33: 0 | J33: 0 | K33: 0 | L33: 0 | M33: 181359358667 | N33: =+M33+I33+J33 | O33: =+F33 | P33: =+K33+L33 | Q33: =+G33 | R33: 주식/출자금 | S33: =+SUM(N33:Q33)-H33 | W33: 해외채권 | X33: =SUMIFS(N:N,$R:$R,$W33) | Y33: =SUMIFS(O:O,$R:$R,$W33) | Z33: =SUMIFS(P:P,$R:$R,$W33) | AA33: =SUMIFS(Q:Q,$R:$R,$W33) | AB33: =SUM(X33:AA33) | AH33: (가) 주 식 | AI33: 2248508865247 | AJ33: 해외주식
A34: 33 | B34: (1) 상장주식 | D34: 81407497870 | E34: 0 | F34: 0 | G34: 0 | H34: 81407497870 | I34: 0 | J34: 0 | K34: 0 | L34: 0 | M34: 81407497870 | N34: =+M34+I34+J34 | O34: =+F34 | P34: =+K34+L34 | Q34: =+G34 | S34: =+SUM(N34:Q34)-H34 | W34: 수익증권 | X34: =SUMIFS(N:N,$R:$R,$W34) | Y34: =SUMIFS(O:O,$R:$R,$W34) | Z34: =SUMIFS(P:P,$R:$R,$W34) | AA34: =SUMIFS(Q:Q,$R:$R,$W34) | AB34: =SUM(X34:AA34) | AH34: (나) 채 권 | AI34: 80054741433 | AJ34: 해외채권
A35: 34 | B35: (2) 기타 | D35: 99951860797 | E35: 0 | F35: 0 | G35: 0 | H35: 99951860797 | I35: 0 | J35: 0 | K35: 0 | L35: 0 | M35: 99951860797 | N35: =+M35+I35+J35 | O35: =+F35 | P35: =+K35+L35 | Q35: =+G35 | S35: =+SUM(N35:Q35)-H35 | W35: 외화수익증권 | X35: =SUMIFS(N:N,$R:$R,$W35) | Y35: =SUMIFS(O:O,$R:$R,$W35) | Z35: =SUMIFS(P:P,$R:$R,$W35) | AA35: =SUMIFS(Q:Q,$R:$R,$W35) | AB35: =SUM(X35:AA35) | AH35: (다) 수익증권 | AI35: 2469187361181 | AJ35: 외화수익증권
A36: 35 | B36: 나.출 자 금 | D36: 72780568642 | E36: 0 | F36: 0 | G36: 0 | H36: 72780568642 | I36: 0 | J36: 0 | K36: 0 | L36: 5839049083 | M36: 66941519559 | N36: =+M36+I36+J36 | O36: =+F36 | P36: =+K36+L36 | Q36: =+G36 | R36: 주식/출자금 | S36: =+SUM(N36:Q36)-H36 | W36: 기타 | X36: =SUMIFS(N:N,$R:$R,$W36) | Y36: =SUMIFS(O:O,$R:$R,$W36) | Z36: =SUMIFS(P:P,$R:$R,$W36) | AA36: =SUMIFS(Q:Q,$R:$R,$W36) | AB36: =SUM(X36:AA36) | AH36: (라) 신종유가증권 | AI36: 0
A37: 36 | B37: 다.국·공채 | D37: 116775029075 | E37: 0 | F37: 0 | G37: 0 | H37: 116775029075 | I37: 0 | J37: 27813370080 | K37: 997858400 | L37: 0 | M37: 87963800595 | N37: =+M37+I37+J37 | O37: =+F37 | P37: =+K37+L37 | Q37: =+G37 | R37: 국내채권 | S37: =+SUM(N37:Q37)-H37 | W37: FVOCI | X37: =SUMIFS(N:N,$R:$R,$W37) | Y37: =SUMIFS(O:O,$R:$R,$W37) | Z37: =SUMIFS(P:P,$R:$R,$W37) | AA37: =SUMIFS(Q:Q,$R:$R,$W37) | AB37: =SUM(X37:AA37) | AH37: (마) 기타유가증권 | AI37: 0
A38: 37 | B38: (1) 국 채 | D38: 116775029075 | E38: 0 | F38: 0 | G38: 0 | H38: 116775029075 | I38: 0 | J38: 27813370080 | K38: 997858400 | L38: 0 | M38: 87963800595 | N38: =+M38+I38+J38 | O38: =+F38 | P38: =+K38+L38 | Q38: =+G38 | S38: =+SUM(N38:Q38)-H38 | W38: AC | X38: =SUMIFS(N:N,$R:$R,$W38) | Y38: =SUMIFS(O:O,$R:$R,$W38) | Z38: =SUMIFS(P:P,$R:$R,$W38) | AA38: =SUMIFS(Q:Q,$R:$R,$W38) | AB38: =SUM(X38:AA38) | AH38: (바) 평가이익조정 | AI38: 615909335474
A39: 38 | B39: (2) 공 채 | D39: 0 | E39: 0 | F39: 0 | G39: 0 | H39: 0 | I39: 0 | J39: 0 | K39: 0 | L39: 0 | M39: 0 | N39: =+M39+I39+J39 | O39: =+F39 | P39: =+K39+L39 | Q39: =+G39 | S39: =+SUM(N39:Q39)-H39 | AH39: 9) 기타 유가증권 | AI39: 0 | AJ39: 기타
A40: 39 | B40: 라.특 수 채 | D40: 25297099998 | E40: 0 | F40: 0 | G40: 0 | H40: 25297099998 | I40: 0 | J40: 0 | K40: 0 | L40: 0 | M40: 25297099998 | N40: =+M40+I40+J40 | O40: =+F40 | P40: =+K40+L40 | Q40: =+G40 | R40: 국내채권 | S40: =+SUM(N40:Q40)-H40 | AH40: (가) 기업어음 등 | AI40: 0
A41: 40 | B41: 마.금 융 채 | D41: 0 | E41: 0 | F41: 0 | G41: 0 | H41: 0 | I41: 0 | J41: 0 | K41: 0 | L41: 0 | M41: 0 | N41: =+M41+I41+J41 | O41: =+F41 | P41: =+K41+L41 | Q41: =+G41 | R41: 국내채권 | S41: =+SUM(N41:Q41)-H41 | AH41: (2) 당기손익-공정가치측정지정금융자산 | AI41: 0
A42: 41 | B42: 바.회 사 채 | D42: 0 | E42: 0 | F42: 0 | G42: 0 | H42: 0 | I42: 0 | J42: 0 | K42: 0 | L42: 0 | M42: 0 | N42: =+M42+I42+J42 | O42: =+F42 | P42: =+K42+L42 | Q42: =+G42 | R42: 국내채권 | S42: =+SUM(N42:Q42)-H42 | AH42: 1) 주 식 | AI42: 0
A43: 42 | B43: (1) 보증사채 | D43: 0 | E43: 0 | F43: 0 | G43: 0 | H43: 0 | I43: 0 | J43: 0 | K43: 0 | L43: 0 | M43: 0 | N43: =+M43+I43+J43 | O43: =+F43 | P43: =+K43+L43 | Q43: =+G43 | S43: =+SUM(N43:Q43)-H43 | AH43: (가) 상장주식 | AI43: 0
A44: 43 | B44: (2) 무보증사채 | D44: 0 | E44: 0 | F44: 0 | G44: 0 | H44: 0 | I44: 0 | J44: 0 | K44: 0 | L44: 0 | M44: 0 | N44: =+M44+I44+J44 | O44: =+F44 | P44: =+K44+L44 | Q44: =+G44 | S44: =+SUM(N44:Q44)-H44 | AH44: (나) 기타주식 | AI44: 0
A45: 44 | B45: 사.수익증권 | D45: 9936326647363 | E45: 0 | F45: 6168830802777 | G45: 91445068345 | H45: 3676050776241 | I45: 43788959224 | J45: 3108328900 | K45: 0 | L45: 366677173356 | M45: 3262476314761 | N45: =+M45+I45+J45 | O45: =+F45 | P45: =+K45+L45 | Q45: =+G45 | R45: 수익증권 | S45: =+SUM(N45:Q45)-H45 | AH45: (다) 단기매매기타주식-기타 | AI45: 0
A46: 45 | B46: 아.외화표시유가증권 | D46: 6566836224536 | E46: 0 | F46: 6240205012924 | G46: 227954504637 | H46: 98676706975 | I46: 0 | J46: 0 | K46: 0 | L46: 95729125351 | M46: 2947581624 | N46: =+M46+I46+J46 | O46: =+F46 | P46: =+K46+L46 | Q46: =+G46 | S46: =+SUM(N46:Q46)-H46 | AH46: 2) 국ㆍ 공채 | AI46: 0
A47: 46 | B47: (1) 주식 | D47: 2760419168841 | E47: 0 | F47: 2639770186137 | G47: 111195885898 | H47: 9453096806 | I47: 0 | J47: 0 | K47: 0 | L47: 6505515182 | M47: 2947581624 | N47: =+M47+I47+J47 | O47: =+F47 | P47: =+K47+L47 | Q47: =+G47 | R47: 해외주식 | S47: =+SUM(N47:Q47)-H47 | AH47: (가) 국 채 | AI47: 0
A48: 47 | B48: (2) 채권 | D48: 89223610169 | E48: 0 | F48: 0 | G48: 0 | H48: 89223610169 | I48: 0 | J48: 0 | K48: 0 | L48: 89223610169 | M48: 0 | N48: =+M48+I48+J48 | O48: =+F48 | P48: =+K48+L48 | Q48: =+G48 | R48: 해외채권 | S48: =+SUM(N48:Q48)-H48 | AH48: (나) 공 채 | AI48: 0
A49: 48 | B49: (3) 수익증권 | D49: 3717193445526 | E49: 0 | F49: 3600434826787 | G49: 116758618739 | H49: 0 | I49: 0 | J49: 0 | K49: 0 | L49: 0 | M49: 0 | N49: =+M49+I49+J49 | O49: =+F49 | P49: =+K49+L49 | Q49: =+G49 | R49: 외화수익증권 | S49: =+SUM(N49:Q49)-H49 | AH49: 3) 특 수 채 | AI49: 0
A50: 49 | B50: (4) 신종유가증권 | D50: 0 | E50: 0 | F50: 0 | G50: 0 | H50: 0 | I50: 0 | J50: 0 | K50: 0 | L50: 0 | M50: 0 | N50: =+M50+I50+J50 | O50: =+F50 | P50: =+K50+L50 | Q50: =+G50 | S50: =+SUM(N50:Q50)-H50 | AH50: 4) 금 융 채 | AI50: 0
A51: 50 | B51: (5) 기타유가증권 | D51: 0 | E51: 0 | F51: 0 | G51: 0 | H51: 0 | I51: 0 | J51: 0 | K51: 0 | L51: 0 | M51: 0 | N51: =+M51+I51+J51 | O51: =+F51 | P51: =+K51+L51 | Q51: =+G51 | S51: =+SUM(N51:Q51)-H51 | AH51: 5) 회 사 채 | AI51: 0
A52: 51 | B52: 자.기타유가증권 | D52: 0 | E52: 0 | F52: 0 | G52: 0 | H52: 0 | I52: 0 | J52: 0 | K52: 0 | L52: 0 | M52: 0 | N52: =+M52+I52+J52 | O52: =+F52 | P52: =+K52+L52 | Q52: =+G52 | R52: 기타 | S52: =+SUM(N52:Q52)-H52 | AH52: (가) 보증사채 | AI52: 0
A53: 52 | B53: [당기손익-공정가치측정지정금융자산] | D53: 0 | E53: 0 | F53: 0 | G53: 0 | H53: 0 | I53: 0 | J53: 0 | K53: 0 | L53: 0 | M53: 0 | N53: =+M53+I53+J53 | O53: =+F53 | P53: =+K53+L53 | Q53: =+G53 | S53: =+SUM(N53:Q53)-H53 | V53: □ 당사 FVPL 자산 현황 | AH53: (나) 무보증사채 | AI53: 0
A54: 53 | B54: 2-2.기타포괄손익-공정가치측정유가증권 | D54: 11663557366015 | E54: 0 | F54: 0 | G54: 0 | H54: 11663557366015 | I54: 1317329907423 | J54: 0 | K54: 0 | L54: 1039363952202 | M54: 9306863506390 | N54: =+M54+I54+J54 | O54: =+F54 | P54: =+K54+L54 | Q54: =+G54 | R54: FVOCI | S54: =+SUM(N54:Q54)-H54 | AB54: (단위 :억원) | AH54: 6) 수익증권 | AI54: 0
A55: 54 | B55: 가.주 식 | D55: 0 | E55: 0 | F55: 0 | G55: 0 | H55: 0 | I55: 0 | J55: 0 | K55: 0 | L55: 0 | M55: 0 | N55: =+M55+I55+J55 | O55: =+F55 | P55: =+K55+L55 | Q55: =+G55 | S55: =+SUM(N55:Q55)-H55 | V55: 구분 | X55: 일반계정 (신개인/자산연계 포함) | Y55: 변액보험 | Z55: 퇴직보험/ 퇴직연금(원리금보장) | AA55: 퇴직연금 (실적배당형) | AB55: 합계 | AC55: 공시용 | AH55: 7) 외화 유가증권 | AI55: 0
A56: 55 | B56: (1) 상장주식 | D56: 0 | E56: 0 | F56: 0 | G56: 0 | H56: 0 | I56: 0 | J56: 0 | K56: 0 | L56: 0 | M56: 0 | N56: =+M56+I56+J56 | O56: =+F56 | P56: =+K56+L56 | Q56: =+G56 | S56: =+SUM(N56:Q56)-H56 | V56: FVPL | X56: =+X29/10^8+AC72 | Y56: =+Y29/10^8 | Z56: =+Z29/10^8 | AA56: =+AA29/10^8 | AB56: =+AB29/10^8+AC72 | AC56: =AI13/10^8 | AH56: (가) 주 식 | AI56: 0
A57: 56 | B57: (2) 기 타 | D57: 0 | E57: 0 | F57: 0 | G57: 0 | H57: 0 | I57: 0 | J57: 0 | K57: 0 | L57: 0 | M57: 0 | N57: =+M57+I57+J57 | O57: =+F57 | P57: =+K57+L57 | Q57: =+G57 | S57: =+SUM(N57:Q57)-H57 | W57: 주식/출자금 | X57: =+X30/10^8 | Y57: =+Y30/10^8 | Z57: =+Z30/10^8 | AA57: =+AA30/10^8 | AB57: =+AB30/10^8 | AC57: =(AI16+AI20)/10^8 | AH57: (나) 채 권 | AI57: 0
A58: 57 | B58: 나.출 자 금 | D58: 0 | E58: 0 | F58: 0 | G58: 0 | H58: 0 | I58: 0 | J58: 0 | K58: 0 | L58: 0 | M58: 0 | N58: =+M58+I58+J58 | O58: =+F58 | P58: =+K58+L58 | Q58: =+G58 | W58: (비중) | X58: =+X57/X$56 | Y58: =+Y57/Y$56 | Z58: =+Z57/Z$56 | AA58: =+AA57/AA$56 | AB58: =+AB57/AB$56 | AH58: (다) 수익증권 | AI58: 0
A59: 58 | B59: 다.국·공채 | D59: 7140769809852 | E59: 0 | F59: 0 | G59: 0 | H59: 7140769809852 | I59: 602763815753 | J59: 0 | K59: 0 | L59: 139387330087 | M59: 6398618664012 | N59: =+M59+I59+J59 | O59: =+F59 | P59: =+K59+L59 | Q59: =+G59 | W59: 해외주식 | X59: =+X31/10^8 | Y59: =+Y31/10^8 | Z59: =+Z31/10^8 | AA59: =+AA31/10^8 | AB59: =+AB31/10^8 | AC59: =SUMIFS(AI:AI,AJ:AJ,W59)/10^8 | AH59: (라) 신종유가증권 | AI59: 0
A60: 59 | B60: (1) 국 채 | D60: 7140769809852 | E60: 0 | F60: 0 | G60: 0 | H60: 7140769809852 | I60: 602763815753 | J60: 0 | K60: 0 | L60: 139387330087 | M60: 6398618664012 | N60: =+M60+I60+J60 | O60: =+F60 | P60: =+K60+L60 | Q60: =+G60 | W60: (비중) | X60: =+X59/X$56 | Y60: =+Y59/Y$56 | Z60: =+Z59/Z$56 | AA60: =+AA59/AA$56 | AB60: =+AB59/AB$56 | AH60: (마) 기타유가증권 | AI60: 0
A61: 60 | B61: (2) 공 채 | D61: 0 | E61: 0 | F61: 0 | G61: 0 | H61: 0 | I61: 0 | J61: 0 | K61: 0 | L61: 0 | M61: 0 | N61: =+M61+I61+J61 | O61: =+F61 | P61: =+K61+L61 | Q61: =+G61 | W61: 국내채권 | X61: =+X32/10^8 | Y61: =+Y32/10^8 | Z61: =+Z32/10^8 | AA61: =+AA32/10^8 | AB61: =+AB32/10^8 | AC61: =SUMIFS(AI:AI,AJ:AJ,W61)/10^8 | AH61: 8) 기타 유가증권 | AI61: 0
A62: 61 | B62: 라.특 수 채 | D62: 2590372890919 | E62: 0 | F62: 0 | G62: 0 | H62: 2590372890919 | I62: 485216719575 | J62: 0 | K62: 0 | L62: 571113739998 | M62: 1534042431346 | N62: =+M62+I62+J62 | O62: =+F62 | P62: =+K62+L62 | Q62: =+G62 | W62: (비중) | X62: =+X61/X$56 | Y62: =+Y61/Y$56 | Z62: =+Z61/Z$56 | AA62: =+AA61/AA$56 | AB62: =+AB61/AB$56 | AH62: (가) 파생결합증권 | AI62: 0
A63: 62 | B63: 마.금 융 채 | D63: 140392002912 | E63: 0 | F63: 0 | G63: 0 | H63: 140392002912 | I63: 50093105406 | J63: 0 | K63: 0 | L63: 90298897506 | M63: 0 | N63: =+M63+I63+J63 | O63: =+F63 | P63: =+K63+L63 | Q63: =+G63 | W63: 해외채권 | X63: =+X33/10^8 | Y63: =+Y33/10^8 | Z63: =+Z33/10^8 | AA63: =+AA33/10^8 | AB63: =+AB33/10^8 | AC63: =SUMIFS(AI:AI,AJ:AJ,W63)/10^8 | AH63: (3) 파생상품자산 | AI63: 269181079571 | AJ63: 파생상품자산
A64: 63 | B64: 바.회 사 채 | D64: 464177002278 | E64: 0 | F64: 0 | G64: 0 | H64: 464177002278 | I64: 148859876002 | J64: 0 | K64: 0 | L64: 238563984611 | M64: 76753141665 | N64: =+M64+I64+J64 | O64: =+F64 | P64: =+K64+L64 | Q64: =+G64 | W64: (비중) | X64: =+X63/X$56 | Y64: =+Y63/Y$56 | Z64: =+Z63/Z$56 | AA64: =+AA63/AA$56 | AB64: =+AB63/AB$56 | AH64: 1) 채무증권 | AI64: 269181079571
A65: 64 | B65: (1) 보증사채 | D65: 0 | E65: 0 | F65: 0 | G65: 0 | H65: 0 | I65: 0 | J65: 0 | K65: 0 | L65: 0 | M65: 0 | N65: =+M65+I65+J65 | O65: =+F65 | P65: =+K65+L65 | Q65: =+G65 | W65: 수익증권 | X65: =+X34/10^8 | Y65: =+Y34/10^8 | Z65: =+Z34/10^8 | AA65: =+AA34/10^8 | AB65: =+AB34/10^8 | AC65: =SUMIFS(AI:AI,AJ:AJ,W65)/10^8 | AH65: (가) 통 화 | AI65: 57492384007
A66: 65 | B66: (2) 무보증사채 | D66: 464177002278 | E66: 0 | F66: 0 | G66: 0 | H66: 464177002278 | I66: 148859876002 | J66: 0 | K66: 0 | L66: 238563984611 | M66: 76753141665 | N66: =+M66+I66+J66 | O66: =+F66 | P66: =+K66+L66 | Q66: =+G66 | W66: (비중) | X66: =+X65/X$56 | Y66: =+Y65/Y$56 | Z66: =+Z65/Z$56 | AA66: =+AA65/AA$56 | AB66: =+AB65/AB$56 | AH66: a)통화선도 | AI66: 0
A67: 66 | B67: 사.수익증권 | D67: 0 | E67: 0 | F67: 0 | G67: 0 | H67: 0 | I67: 0 | J67: 0 | K67: 0 | L67: 0 | M67: 0 | N67: =+M67+I67+J67 | O67: =+F67 | P67: =+K67+L67 | Q67: =+G67 | W67: 외화수익증권 | X67: =+X35/10^8 | Y67: =+Y35/10^8 | Z67: =+Z35/10^8 | AA67: =+AA35/10^8 | AB67: =+AB35/10^8 | AC67: =SUMIFS(AI:AI,AJ:AJ,W67)/10^8 | AH67: b)통화스왑 | AI67: 9715857505
A68: 67 | B68: 아.외화표시유가증권 | D68: 1327845660054 | E68: 0 | F68: 0 | G68: 0 | H68: 1327845660054 | I68: 30396390687 | J68: 0 | K68: 0 | L68: 0 | M68: 1297449269367 | N68: =+M68+I68+J68 | O68: =+F68 | P68: =+K68+L68 | Q68: =+G68 | W68: (비중) | X68: =+X67/X$56 | Y68: =+Y67/Y$56 | Z68: =+Z67/Z$56 | AA68: =+AA67/AA$56 | AB68: =+AB67/AB$56 | AH68: C)평가이익조정 | AI68: 47776526502
A69: 68 | B69: (1) 주식 | D69: 0 | E69: 0 | F69: 0 | G69: 0 | H69: 0 | I69: 0 | J69: 0 | K69: 0 | L69: 0 | M69: 0 | N69: =+M69+I69+J69 | O69: =+F69 | P69: =+K69+L69 | Q69: =+G69 | W69: 기타 | X69: =+X36/10^8+AC72 | Y69: =+Y36/10^8 | Z69: =+Z36/10^8 | AA69: =+AA36/10^8 | AB69: =+AB36/10^8+AC72 | AC69: =SUMIFS(AI:AI,AJ:AJ,W69)/10^8 | AH69: (나) 이 자 율 | AI69: 211688695564
A70: 69 | B70: (2) 채권 | D70: 1327845660054 | E70: 0 | F70: 0 | G70: 0 | H70: 1327845660054 | I70: 30396390687 | J70: 0 | K70: 0 | L70: 0 | M70: 1297449269367 | N70: =+M70+I70+J70 | O70: =+F70 | P70: =+K70+L70 | Q70: =+G70 | W70: (비중) | X70: =+X69/X$56 | Y70: =+Y69/Y$56 | Z70: =+Z69/Z$56 | AA70: =+AA69/AA$56 | AB70: =+AB69/AB$56 | AH70: (다) 신 용 | AI70: 0
A71: 70 | B71: (3) 수익증권 | D71: 0 | E71: 0 | F71: 0 | G71: 0 | H71: 0 | I71: 0 | J71: 0 | K71: 0 | L71: 0 | M71: 0 | N71: =+M71+I71+J71 | O71: =+F71 | P71: =+K71+L71 | Q71: =+G71 | V71: * 감독회계 기준 | AC71: =SUMIFS(AI:AI,AJ:AJ,AD71)/10^8 | AD71: 파생상품자산 | AH71: (라) 주 식 | AI71: 0
A72: 71 | B72: (4) 신종유가증권 | D72: 0 | E72: 0 | F72: 0 | G72: 0 | H72: 0 | I72: 0 | J72: 0 | K72: 0 | L72: 0 | M72: 0 | N72: =+M72+I72+J72 | O72: =+F72 | P72: =+K72+L72 | Q72: =+G72 | V72: * 공시기준 FVPL자산 16조 4,320억(파생상품자산, 기타예금 분류 차이) | AC72: =SUMIFS(AI:AI,AJ:AJ,AD72)/10^8 | AD72: 기타예금 | AH72: (마) 기 타 | AI72: 0
A73: 72 | B73: (5) 기타유가증권 | D73: 0 | E73: 0 | F73: 0 | G73: 0 | H73: 0 | I73: 0 | J73: 0 | K73: 0 | L73: 0 | M73: 0 | N73: =+M73+I73+J73 | O73: =+F73 | P73: =+K73+L73 | Q73: =+G73 | AC73: =+AC56-AC57-AC59-AC61-AC63-AC65-AC67-AC69-AC71-AC72 | AD73: CHECK | AH73: 2.당기손익-공정가치측정 대출채권 및 수취채권 | AI73: 44894739435
A74: 73 | B74: 자.기타유가증권 | D74: 0 | E74: 0 | F74: 0 | G74: 0 | H74: 0 | I74: 0 | J74: 0 | K74: 0 | L74: 0 | M74: 0 | N74: =+M74+I74+J74 | O74: =+F74 | P74: =+K74+L74 | Q74: =+G74 | X74: =+X56-X57-X59-X61-X63-X65-X67-X69 | Y74: =+Y56-Y57-Y59-Y61-Y63-Y65-Y67-Y69 | Z74: =+Z56-Z57-Z59-Z61-Z63-Z65-Z67-Z69 | AA74: =+AA56-AA57-AA59-AA61-AA63-AA65-AA67-AA69 | AB74: =+AB56-AB57-AB59-AB61-AB63-AB65-AB67-AB69 | AH74: (1) 대출채권 | AI74: 0
A75: 74 | B75: 2-3.상각후원가측정유가증권 | D75: 0 | E75: 0 | F75: 0 | G75: 0 | H75: 0 | I75: 0 | J75: 0 | K75: 0 | L75: 0 | M75: 0 | N75: =+M75+I75+J75 | O75: =+F75 | P75: =+K75+L75 | Q75: =+G75 | R75: AC | X75: =1-X58-X60-X62-X64-X66-X68-X70 | Y75: =1-Y58-Y60-Y62-Y64-Y66-Y68-Y70 | Z75: =1-Z58-Z60-Z62-Z64-Z66-Z68-Z70 | AA75: =1-AA58-AA60-AA62-AA64-AA66-AA68-AA70 | AB75: =1-AB58-AB60-AB62-AB64-AB66-AB68-AB70 | AH75: 1) 콜 론 | AI75: 0
A76: 75 | B76: (손실충당금) | D76: 0 | E76: 0 | F76: 0 | G76: 0 | H76: 0 | I76: 0 | J76: 0 | K76: 0 | L76: 0 | M76: 0 | N76: =+M76+I76+J76 | O76: =+F76 | P76: =+K76+L76 | Q76: =+G76 | AH76: 2) 유가증권담보대출금 | AI76: 0
A77: 76 | B77: 가.국·공채 | D77: 0 | E77: 0 | F77: 0 | G77: 0 | H77: 0 | I77: 0 | J77: 0 | K77: 0 | L77: 0 | M77: 0 | N77: =+M77+I77+J77 | O77: =+F77 | P77: =+K77+L77 | Q77: =+G77 | AH77: 3) 수익증권담보대출금 | AI77: 0
A78: 77 | B78: (1) 국 채 | D78: 0 | E78: 0 | F78: 0 | G78: 0 | H78: 0 | I78: 0 | J78: 0 | K78: 0 | L78: 0 | M78: 0 | N78: =+M78+I78+J78 | O78: =+F78 | P78: =+K78+L78 | Q78: =+G78 | AH78: 4) 부동산담보대출금 | AI78: 0
A79: 78 | B79: (2) 공 채 | D79: 0 | E79: 0 | F79: 0 | G79: 0 | H79: 0 | I79: 0 | J79: 0 | K79: 0 | L79: 0 | M79: 0 | N79: =+M79+I79+J79 | O79: =+F79 | P79: =+K79+L79 | Q79: =+G79 | AH79: 5) 신용대출금 | AI79: 0
A80: 79 | B80: 나.특 수 채 | D80: 0 | E80: 0 | F80: 0 | G80: 0 | H80: 0 | I80: 0 | J80: 0 | K80: 0 | L80: 0 | M80: 0 | N80: =+M80+I80+J80 | O80: =+F80 | P80: =+K80+L80 | Q80: =+G80 | AH80: 6) 어음할인대출금 | AI80: 0
A81: 80 | B81: 다.금 융 채 | D81: 0 | E81: 0 | F81: 0 | G81: 0 | H81: 0 | I81: 0 | J81: 0 | K81: 0 | L81: 0 | M81: 0 | N81: =+M81+I81+J81 | O81: =+F81 | P81: =+K81+L81 | Q81: =+G81 | AH81: 7) 지급보증대출금 | AI81: 0
A82: 81 | B82: 라.회 사 채 | D82: 0 | E82: 0 | F82: 0 | G82: 0 | H82: 0 | I82: 0 | J82: 0 | K82: 0 | L82: 0 | M82: 0 | N82: =+M82+I82+J82 | O82: =+F82 | P82: =+K82+L82 | Q82: =+G82 | AH82: 8) 기타대출금 | AI82: 0
A83: 82 | B83: (1) 보증사채 | D83: 0 | E83: 0 | F83: 0 | G83: 0 | H83: 0 | I83: 0 | J83: 0 | K83: 0 | L83: 0 | M83: 0 | N83: =+M83+I83+J83 | O83: =+F83 | P83: =+K83+L83 | Q83: =+G83 | AH83: (가) 주택보험대출 | AI83: 0
A84: 83 | B84: (2) 무보증사채 | D84: 0 | E84: 0 | F84: 0 | G84: 0 | H84: 0 | I84: 0 | J84: 0 | K84: 0 | L84: 0 | M84: 0 | N84: =+M84+I84+J84 | O84: =+F84 | P84: =+K84+L84 | Q84: =+G84 | AH84: (나) 사모사채 | AI84: 0
A85: 84 | B85: 마.수익증권 | D85: 0 | E85: 0 | F85: 0 | G85: 0 | H85: 0 | I85: 0 | J85: 0 | K85: 0 | L85: 0 | M85: 0 | N85: =+M85+I85+J85 | O85: =+F85 | P85: =+K85+L85 | Q85: =+G85 | AH85: (다) CP | AI85: 0
A86: 85 | B86: 바.외화표시유가증권 | D86: 0 | E86: 0 | F86: 0 | G86: 0 | H86: 0 | I86: 0 | J86: 0 | K86: 0 | L86: 0 | M86: 0 | N86: =+M86+I86+J86 | O86: =+F86 | P86: =+K86+L86 | Q86: =+G86 | AH86: (라) RP | AI86: 0
A87: 86 | B87: (1) 채권 | D87: 0 | E87: 0 | F87: 0 | G87: 0 | H87: 0 | I87: 0 | J87: 0 | K87: 0 | L87: 0 | M87: 0 | N87: =+M87+I87+J87 | O87: =+F87 | P87: =+K87+L87 | Q87: =+G87 | AH87: (마) 기 타 | AI87: 0
A88: 87 | B88: (2) 수익증권 | D88: 0 | E88: 0 | F88: 0 | G88: 0 | H88: 0 | I88: 0 | J88: 0 | K88: 0 | L88: 0 | M88: 0 | N88: =+M88+I88+J88 | O88: =+F88 | P88: =+K88+L88 | Q88: =+G88 | AH88: (2) 기타 수취채권 | AI88: 44894739435
A89: 88 | B89: (3) 신종유가증권 | D89: 0 | E89: 0 | F89: 0 | G89: 0 | H89: 0 | I89: 0 | J89: 0 | K89: 0 | L89: 0 | M89: 0 | N89: =+M89+I89+J89 | O89: =+F89 | P89: =+K89+L89 | Q89: =+G89 | AH89: 1) 기타예금 | AI89: 44894739435 | AJ89: 기타예금
A90: 89 | B90: (4) 기타유가증권 | D90: 0 | E90: 0 | F90: 0 | G90: 0 | H90: 0 | I90: 0 | J90: 0 | K90: 0 | L90: 0 | M90: 0 | N90: =+M90+I90+J90 | O90: =+F90 | P90: =+K90+L90 | Q90: =+G90 | AH90: III. 기타포괄손익-공정가치측정 금융자산 | AI90: 11814069090092
A91: 90 | B91: 사.기타유가증권 | D91: 0 | E91: 0 | F91: 0 | G91: 0 | H91: 0 | I91: 0 | J91: 0 | K91: 0 | L91: 0 | M91: 0 | N91: =+M91+I91+J91 | O91: =+F91 | P91: =+K91+L91 | Q91: =+G91 | AH91: 1.기타포괄손익-공정가치측정금융자산_유가증권 | AI91: 11814069090092
A92: 91 | B92: 2-4.관계·종속기업투자주식 | D92: 142042965503 | E92: 0 | F92: 0 | G92: 0 | H92: 142042965503 | I92: 0 | J92: 0 | K92: 0 | L92: 0 | M92: 142042965503 | N92: =+M92+I92+J92 | O92: =+F92 | P92: =+K92+L92 | Q92: =+G92 | R92: 관계종속기업투자주식 | AH92: (1) 주 식 | AI92: 0
A93: 92 | B93: [종속기업투자자산] | D93: 0 | E93: 0 | F93: 0 | G93: 0 | H93: 0 | I93: 0 | J93: 0 | K93: 0 | L93: 0 | M93: 0 | N93: =+M93+I93+J93 | O93: =+F93 | P93: =+K93+L93 | Q93: =+G93 | AH93: (2) 출 자 금 | AI93: 0
A94: 93 | B94: [관계기업투자자산] | D94: 0 | E94: 0 | F94: 0 | G94: 0 | H94: 0 | I94: 0 | J94: 0 | K94: 0 | L94: 0 | M94: 0 | N94: =+M94+I94+J94 | O94: =+F94 | P94: =+K94+L94 | Q94: =+G94 | AH94: (3) 국ㆍ공채 | AI94: 7322635719612
A95: 94 | B95: 가.주 식 | D95: 142042965503 | E95: 0 | F95: 0 | G95: 0 | H95: 142042965503 | I95: 0 | J95: 0 | K95: 0 | L95: 0 | M95: 142042965503 | N95: =+M95+I95+J95 | O95: =+F95 | P95: =+K95+L95 | Q95: =+G95 | AH95: 1) 국 채 | AI95: 7322635719612
A96: 95 | B96: 나.출 자 금 | D96: 0 | E96: 0 | F96: 0 | G96: 0 | H96: 0 | I96: 0 | J96: 0 | K96: 0 | L96: 0 | M96: 0 | N96: =+M96+I96+J96 | O96: =+F96 | P96: =+K96+L96 | Q96: =+G96 | AH96: 2) 공 채 | AI96: 0
A97: 96 | B97: 다.기 타 | D97: 0 | E97: 0 | F97: 0 | G97: 0 | H97: 0 | I97: 0 | J97: 0 | K97: 0 | L97: 0 | M97: 0 | N97: =+M97+I97+J97 | O97: =+F97 | P97: =+K97+L97 | Q97: =+G97 | AH97: (4) 특 수 채 | AI97: 2689859205480
A98: 97 | B98: 3.대 출 채 권 | D98: 2158965156917 | E98: 0 | F98: 190800000000 | G98: 0 | H98: 1968165156917 | I98: 0 | J98: 0 | K98: 0 | L98: 123034103260 | M98: 1845131053657 | N98: =+M98+I98+J98 | O98: =+F98 | P98: =+K98+L98 | Q98: =+G98 | R98: AC | AH98: (5) 금 융 채 | AI98: 91234155097
A99: 98 | B99: [당기손익-공정가치측정대출채권] | D99: 0 | E99: 0 | F99: 0 | G99: 0 | H99: 0 | I99: 0 | J99: 0 | K99: 0 | L99: 0 | M99: 0 | N99: =+M99+I99+J99 | O99: =+F99 | P99: =+K99+L99 | Q99: =+G99 | AH99: (6) 회 사 채 | AI99: 417532318275
A100: 99 | B100: [기타포괄손익-공정가치측정대출채권] | D100: 0 | E100: 0 | F100: 0 | G100: 0 | H100: 0 | I100: 0 | J100: 0 | K100: 0 | L100: 0 | M100: 0 | N100: =+M100+I100+J100 | O100: =+F100 | P100: =+K100+L100 | Q100: =+G100 | AH100: 1) 보증사채 | AI100: 0
...

Sheet 전기말
C1: 기준월 | I1: 2412
O4: (단위 : 억원)
C5: 구분 | I5: 미래 | J5: 삼성 | K5: 교보 | L5: 한화 | M5: 신한라이프 | N5: 동양 | O5: KB라이프 | P5: 삼성화재 | Q5: 현대해상 | R5: 메리츠화재 | S5: KB손보 | T5: DB손보
C6: * 전기말 bel + ra + csm | I6: =SUM(I7:I9) | J6: =SUM(J7:J9) | K6: =SUM(K7:K9) | L6: =SUM(L7:L9) | M6: =SUM(M7:M9) | N6: =SUM(N7:N9) | O6: =SUM(O7:O9) | P6: =SUM(P7:P9) | ... T6: =SUM(T7:T9)
A7: =DATA!BU1 | C7: bel | I7: =VLOOKUP($I$1&I$5,DATA!$A:$EB,전기말!$A7,0)/100 | J7: =VLOOKUP($I$1&J$5,DATA!$A:$EB,전기말!$A7,0)/100 | K7: =VLOOKUP($I$1&K$5,DATA!$A:$EB,전기말!$A7,0)/100 | L7: =VLOOKUP($I$1&L$5,DATA!$A:$EB,전기말!$A7,0)/100 | M7: =VLOOKUP($I$1&M$5,DATA!$A:$EB,전기말!$A7,0)/100 | N7: =VLOOKUP($I$1&N$5,DATA!$A:$EB,전기말!$A7,0)/100 | O7: =VLOOKUP($I$1&O$5,DATA!$A:$EB,전기말!$A7,0)/100 | P7: =VLOOKUP($I$1&P$5,DATA!$A:$EB,전기말!$A7,0)/100 | ... T7: =VLOOKUP($I$1&T$5,DATA!$A:$EB,전기말!$A7,0)/100
A8: =DATA!BV1 | C8: ra | I8: =VLOOKUP($I$1&I$5,DATA!$A:$EB,전기말!$A8,0)/100 | J8: =VLOOKUP($I$1&J$5,DATA!$A:$EB,전기말!$A8,0)/100 | K8: =VLOOKUP($I$1&K$5,DATA!$A:$EB,전기말!$A8,0)/100 | L8: =VLOOKUP($I$1&L$5,DATA!$A:$EB,전기말!$A8,0)/100 | M8: =VLOOKUP($I$1&M$5,DATA!$A:$EB,전기말!$A8,0)/100 | N8: =VLOOKUP($I$1&N$5,DATA!$A:$EB,전기말!$A8,0)/100 | O8: =VLOOKUP($I$1&O$5,DATA!$A:$EB,전기말!$A8,0)/100 | P8: =VLOOKUP($I$1&P$5,DATA!$A:$EB,전기말!$A8,0)/100 | ... T8: =VLOOKUP($I$1&T$5,DATA!$A:$EB,전기말!$A8,0)/100
A9: =DATA!BW1 | C9: csm | I9: =VLOOKUP($I$1&I$5,DATA!$A:$EB,전기말!$A9,0)/100 | J9: =VLOOKUP($I$1&J$5,DATA!$A:$EB,전기말!$A9,0)/100 | K9: =VLOOKUP($I$1&K$5,DATA!$A:$EB,전기말!$A9,0)/100 | L9: =VLOOKUP($I$1&L$5,DATA!$A:$EB,전기말!$A9,0)/100 | M9: =VLOOKUP($I$1&M$5,DATA!$A:$EB,전기말!$A9,0)/100 | N9: =VLOOKUP($I$1&N$5,DATA!$A:$EB,전기말!$A9,0)/100 | O9: =VLOOKUP($I$1&O$5,DATA!$A:$EB,전기말!$A9,0)/100 | P9: =VLOOKUP($I$1&P$5,DATA!$A:$EB,전기말!$A9,0)/100 | ... T9: =VLOOKUP($I$1&T$5,DATA!$A:$EB,전기말!$A9,0)/100
A11: =작업!A79 | C11: FVOCI평가손익 | I11: =VLOOKUP($I$1&I$5,DATA!$A:$EB,$A11,0)/100 | J11: =VLOOKUP($I$1&J$5,DATA!$A:$EB,$A11,0)/100 | K11: =VLOOKUP($I$1&K$5,DATA!$A:$EB,$A11,0)/100 | L11: =VLOOKUP($I$1&L$5,DATA!$A:$EB,$A11,0)/100 | M11: =VLOOKUP($I$1&M$5,DATA!$A:$EB,$A11,0)/100 | N11: =VLOOKUP($I$1&N$5,DATA!$A:$EB,$A11,0)/100 | O11: =VLOOKUP($I$1&O$5,DATA!$A:$EB,$A11,0)/100 | P11: =VLOOKUP($I$1&P$5,DATA!$A:$EB,$A11,0)/100 | ... T11: =VLOOKUP($I$1&T$5,DATA!$A:$EB,$A11,0)/100
A12: =작업!A80 | C12: 현금흐름위험회피 | I12: =VLOOKUP($I$1&I$5,DATA!$A:$EB,$A12,0)/100 | J12: =VLOOKUP($I$1&J$5,DATA!$A:$EB,$A12,0)/100 | K12: =VLOOKUP($I$1&K$5,DATA!$A:$EB,$A12,0)/100 | L12: =VLOOKUP($I$1&L$5,DATA!$A:$EB,$A12,0)/100 | M12: =VLOOKUP($I$1&M$5,DATA!$A:$EB,$A12,0)/100 | N12: =VLOOKUP($I$1&N$5,DATA!$A:$EB,$A12,0)/100 | O12: =VLOOKUP($I$1&O$5,DATA!$A:$EB,$A12,0)/100 | P12: =VLOOKUP($I$1&P$5,DATA!$A:$EB,$A12,0)/100 | ... T12: =VLOOKUP($I$1&T$5,DATA!$A:$EB,$A12,0)/100
A13: =작업!A81 | C13: 보험계약자산(부채)순금융손익 | I13: =VLOOKUP($I$1&I$5,DATA!$A:$EB,$A13,0)/100 | J13: =VLOOKUP($I$1&J$5,DATA!$A:$EB,$A13,0)/100 | K13: =VLOOKUP($I$1&K$5,DATA!$A:$EB,$A13,0)/100 | L13: =VLOOKUP($I$1&L$5,DATA!$A:$EB,$A13,0)/100 | M13: =VLOOKUP($I$1&M$5,DATA!$A:$EB,$A13,0)/100 | N13: =VLOOKUP($I$1&N$5,DATA!$A:$EB,$A13,0)/100 | O13: =VLOOKUP($I$1&O$5,DATA!$A:$EB,$A13,0)/100 | P13: =VLOOKUP($I$1&P$5,DATA!$A:$EB,$A13,0)/100 | ... T13: =VLOOKUP($I$1&T$5,DATA!$A:$EB,$A13,0)/100
A14: =작업!A82 | C14: 재보험계약자산(부채) | I14: =VLOOKUP($I$1&I$5,DATA!$A:$EB,$A14,0)/100 | J14: =VLOOKUP($I$1&J$5,DATA!$A:$EB,$A14,0)/100 | K14: =VLOOKUP($I$1&K$5,DATA!$A:$EB,$A14,0)/100 | L14: =VLOOKUP($I$1&L$5,DATA!$A:$EB,$A14,0)/100 | M14: =VLOOKUP($I$1&M$5,DATA!$A:$EB,$A14,0)/100 | N14: =VLOOKUP($I$1&N$5,DATA!$A:$EB,$A14,0)/100 | O14: =VLOOKUP($I$1&O$5,DATA!$A:$EB,$A14,0)/100 | P14: =VLOOKUP($I$1&P$5,DATA!$A:$EB,$A14,0)/100 | ... T14: =VLOOKUP($I$1&T$5,DATA!$A:$EB,$A14,0)/100
A16: =작업!A100 | C16: 킥스 | I16: =VLOOKUP($I$1&I$5,DATA!$A:$EB,$A16,0) | J16: =VLOOKUP($I$1&J$5,DATA!$A:$EB,$A16,0) | K16: =VLOOKUP($I$1&K$5,DATA!$A:$EB,$A16,0) | L16: =VLOOKUP($I$1&L$5,DATA!$A:$EB,$A16,0) | M16: =VLOOKUP($I$1&M$5,DATA!$A:$EB,$A16,0) | N16: =VLOOKUP($I$1&N$5,DATA!$A:$EB,$A16,0) | O16: =VLOOKUP($I$1&O$5,DATA!$A:$EB,$A16,0) | P16: =VLOOKUP($I$1&P$5,DATA!$A:$EB,$A16,0) | ... T16: =VLOOKUP($I$1&T$5,DATA!$A:$EB,$A16,0)
A18: 19 | C18: 운용자산 | I18: =VLOOKUP($I$1&I$5,DATA!$A:$EB,$A18,0)/100 | J18: =VLOOKUP($I$1&J$5,DATA!$A:$EB,$A18,0)/100 | K18: =VLOOKUP($I$1&K$5,DATA!$A:$EB,$A18,0)/100 | L18: =VLOOKUP($I$1&L$5,DATA!$A:$EB,$A18,0)/100 | M18: =VLOOKUP($I$1&M$5,DATA!$A:$EB,$A18,0)/100 | N18: =VLOOKUP($I$1&N$5,DATA!$A:$EB,$A18,0)/100 | O18: =VLOOKUP($I$1&O$5,DATA!$A:$EB,$A18,0)/100 | P18: =VLOOKUP($I$1&P$5,DATA!$A:$EB,$A18,0)/100 | ... T18: =VLOOKUP($I$1&T$5,DATA!$A:$EB,$A18,0)/100
C22: 구분 | I22: 미래에셋생명 | J22: 삼성생명 | K22: 교보생명 | L22: 한화생명 | M22: 신한라이프 | N22: 동양생명 | O22: KB라이프 | P22: 삼성화재 | Q22: 현대해상 | R22: 메리츠화재 | S22: KB손보 | T22: DB손보
A23: =+작업!A109 | C23: 보험손익 | I23: =VLOOKUP($I$1&I$5,DATA!$A:$EB,$A23,0)/100 | J23: =VLOOKUP($I$1&J$5,DATA!$A:$EB,$A23,0)/100 | K23: =VLOOKUP($I$1&K$5,DATA!$A:$EB,$A23,0)/100 | L23: =VLOOKUP($I$1&L$5,DATA!$A:$EB,$A23,0)/100 | M23: =VLOOKUP($I$1&M$5,DATA!$A:$EB,$A23,0)/100 | N23: =VLOOKUP($I$1&N$5,DATA!$A:$EB,$A23,0)/100 | O23: =VLOOKUP($I$1&O$5,DATA!$A:$EB,$A23,0)/100 | P23: =VLOOKUP($I$1&P$5,DATA!$A:$EB,$A23,0)/100 | ... T23: =VLOOKUP($I$1&T$5,DATA!$A:$EB,$A23,0)/100
A24: =+작업!A110 | D24: 손해율
A25: =+작업!A111 | D25: 실제보험금/예상보험금
A26: =+작업!A112 | D26: 사업비 예실차 | F26: 예실차율
A27: =+작업!A113 | F27: ÷ CSM상각액
A28: =+작업!A114 | C28: 투자손익 | I28: =VLOOKUP($I$1&I$5,DATA!$A:$EB,$A28,0)/100 | J28: =VLOOKUP($I$1&J$5,DATA!$A:$EB,$A28,0)/100 | K28: =VLOOKUP($I$1&K$5,DATA!$A:$EB,$A28,0)/100 | L28: =VLOOKUP($I$1&L$5,DATA!$A:$EB,$A28,0)/100 | M28: =VLOOKUP($I$1&M$5,DATA!$A:$EB,$A28,0)/100 | N28: =VLOOKUP($I$1&N$5,DATA!$A:$EB,$A28,0)/100 | O28: =VLOOKUP($I$1&O$5,DATA!$A:$EB,$A28,0)/100 | P28: =VLOOKUP($I$1&P$5,DATA!$A:$EB,$A28,0)/100 | ... T28: =VLOOKUP($I$1&T$5,DATA!$A:$EB,$A28,0)/100
A29: =+작업!A115 | C29: 영업이익
A30: =+작업!A116 | C30: 영업외손익 | I30: =VLOOKUP($I$1&I$5,DATA!$A:$EB,$A30,0)/100 | J30: =VLOOKUP($I$1&J$5,DATA!$A:$EB,$A30,0)/100 | K30: =VLOOKUP($I$1&K$5,DATA!$A:$EB,$A30,0)/100 | L30: =VLOOKUP($I$1&L$5,DATA!$A:$EB,$A30,0)/100 | M30: =VLOOKUP($I$1&M$5,DATA!$A:$EB,$A30,0)/100 | N30: =VLOOKUP($I$1&N$5,DATA!$A:$EB,$A30,0)/100 | O30: =VLOOKUP($I$1&O$5,DATA!$A:$EB,$A30,0)/100 | P30: =VLOOKUP($I$1&P$5,DATA!$A:$EB,$A30,0)/100 | ... T30: =VLOOKUP($I$1&T$5,DATA!$A:$EB,$A30,0)/100
A31: =+작업!A117 | C31: 세전이익 | I31: =VLOOKUP($I$1&I$5,DATA!$A:$EB,$A31,0)/100 | J31: =VLOOKUP($I$1&J$5,DATA!$A:$EB,$A31,0)/100 | K31: =VLOOKUP($I$1&K$5,DATA!$A:$EB,$A31,0)/100 | L31: =VLOOKUP($I$1&L$5,DATA!$A:$EB,$A31,0)/100 | M31: =VLOOKUP($I$1&M$5,DATA!$A:$EB,$A31,0)/100 | N31: =VLOOKUP($I$1&N$5,DATA!$A:$EB,$A31,0)/100 | O31: =VLOOKUP($I$1&O$5,DATA!$A:$EB,$A31,0)/100 | P31: =VLOOKUP($I$1&P$5,DATA!$A:$EB,$A31,0)/100 | ... T31: =VLOOKUP($I$1&T$5,DATA!$A:$EB,$A31,0)/100
A32: =+작업!A118 | C32: 당기순이익 | I32: =VLOOKUP($I$1&I$5,DATA!$A:$EB,$A32,0)/100 | J32: =VLOOKUP($I$1&J$5,DATA!$A:$EB,$A32,0)/100 | K32: =VLOOKUP($I$1&K$5,DATA!$A:$EB,$A32,0)/100 | L32: =VLOOKUP($I$1&L$5,DATA!$A:$EB,$A32,0)/100 | M32: =VLOOKUP($I$1&M$5,DATA!$A:$EB,$A32,0)/100 | N32: =VLOOKUP($I$1&N$5,DATA!$A:$EB,$A32,0)/100 | O32: =VLOOKUP($I$1&O$5,DATA!$A:$EB,$A32,0)/100 | P32: =VLOOKUP($I$1&P$5,DATA!$A:$EB,$A32,0)/100 | ... T32: =VLOOKUP($I$1&T$5,DATA!$A:$EB,$A32,0)/100
A36: =작업!A136 | C36: 신계약csm | I36: =VLOOKUP($I$1&I$5,DATA!$A:$EB,$A36,0)/100 | J36: =VLOOKUP($I$1&J$5,DATA!$A:$EB,$A36,0)/100 | K36: =VLOOKUP($I$1&K$5,DATA!$A:$EB,$A36,0)/100 | L36: =VLOOKUP($I$1&L$5,DATA!$A:$EB,$A36,0)/100 | M36: =VLOOKUP($I$1&M$5,DATA!$A:$EB,$A36,0)/100 | N36: =VLOOKUP($I$1&N$5,DATA!$A:$EB,$A36,0)/100 | O36: =VLOOKUP($I$1&O$5,DATA!$A:$EB,$A36,0)/100 | P36: =VLOOKUP($I$1&P$5,DATA!$A:$EB,$A36,0)/100 | ... T36: =VLOOKUP($I$1&T$5,DATA!$A:$EB,$A36,0)/100
A37: =작업!A137 | C37: csm상각액 | I37: =VLOOKUP($I$1&I$5,DATA!$A:$EB,$A37,0)/100 | J37: =VLOOKUP($I$1&J$5,DATA!$A:$EB,$A37,0)/100 | K37: =VLOOKUP($I$1&K$5,DATA!$A:$EB,$A37,0)/100 | L37: =VLOOKUP($I$1&L$5,DATA!$A:$EB,$A37,0)/100 | M37: =VLOOKUP($I$1&M$5,DATA!$A:$EB,$A37,0)/100 | N37: =VLOOKUP($I$1&N$5,DATA!$A:$EB,$A37,0)/100 | O37: =VLOOKUP($I$1&O$5,DATA!$A:$EB,$A37,0)/100 | P37: =VLOOKUP($I$1&P$5,DATA!$A:$EB,$A37,0)/100 | ... T37: =VLOOKUP($I$1&T$5,DATA!$A:$EB,$A37,0)/100
A39: 13 | C39: 보험계약부채

Sheet 이익잉여금
C1: 기준월
O4: (단위 : 억원)
C5: 구분 | I5: 미래 | J5: 삼성 | K5: 교보 | L5: 한화 | M5: 신한라이프 | N5: 동양 | O5: KB라이프 | P5: 삼성화재 | Q5: 현대해상 | R5: 메리츠화재 | S5: KB손보 | T5: DB손보
A7: =DATA!BT1 | B7: 2212 | C7: 22년말 이익잉여금 | E7: IFRS 4 + IAS 39 | I7: =VLOOKUP($B7&I$5,DATA!$A:$EB,이익잉여금!$A7,0)/100 | J7: =VLOOKUP($B7&J$5,DATA!$A:$EB,이익잉여금!$A7,0)/100 | K7: =VLOOKUP($B7&K$5,DATA!$A:$EB,이익잉여금!$A7,0)/100 | L7: =VLOOKUP($B7&L$5,DATA!$A:$EB,이익잉여금!$A7,0)/100 | M7: =VLOOKUP($B7&M$5,DATA!$A:$EB,이익잉여금!$A7,0)/100 | N7: =VLOOKUP($B7&N$5,DATA!$A:$EB,이익잉여금!$A7,0)/100 | O7: =VLOOKUP($B7&O$5,DATA!$A:$EB,이익잉여금!$A7,0)/100 | P7: =VLOOKUP($B7&P$5,DATA!$A:$EB,이익잉여금!$A7,0)/100 | ... T7: =VLOOKUP($B7&T$5,DATA!$A:$EB,이익잉여금!$A7,0)/100
A8: =DATA!BM1 | B8: 2312 | C8: 23년초 이익잉여금 | E8: IFRS 17+ IFRS 9 | I8: =VLOOKUP($B8&I$5,DATA!$A:$EB,이익잉여금!$A8,0)/100 | J8: =VLOOKUP($B8&J$5,DATA!$A:$EB,이익잉여금!$A8,0)/100 | K8: =VLOOKUP($B8&K$5,DATA!$A:$EB,이익잉여금!$A8,0)/100 | L8: =VLOOKUP($B8&L$5,DATA!$A:$EB,이익잉여금!$A8,0)/100 | M8: =VLOOKUP($B8&M$5,DATA!$A:$EB,이익잉여금!$A8,0)/100 | N8: =VLOOKUP($B8&N$5,DATA!$A:$EB,이익잉여금!$A8,0)/100 | O8: =VLOOKUP($B8&O$5,DATA!$A:$EB,이익잉여금!$A8,0)/100 | P8: =VLOOKUP($B8&P$5,DATA!$A:$EB,이익잉여금!$A8,0)/100 | ... T8: =VLOOKUP($B8&T$5,DATA!$A:$EB,이익잉여금!$A8,0)/100
C9: 증가율 | I9: =I8/I7 | J9: =J8/J7 | K9: =K8/K7 | L9: =L8/L7 | M9: =M8/M7 | N9: =N8/N7 | O9: =O8/O7 | P9: =P8/P7 | ... T9: =T8/T7
C12: 해약환급금 준비금
C15: 구분 | I15: 미래에셋생명 | J15: 삼성생명 | K15: 교보생명 | L15: 한화생명 | M15: 신한라이프 | N15: 동양생명 | O15: KB라이프 | P15: 삼성화재 | Q15: 현대해상 | R15: 메리츠화재 | S15: KB손보 | T15: DB손보
A16: =DATA!BS1 | B16: 2412 | C16: 이익잉여금(2 | I16: =VLOOKUP($B16&I$5,DATA!$A:$EB,이익잉여금!$A16,0)/100 | J16: =VLOOKUP($B16&J$5,DATA!$A:$EB,이익잉여금!$A16,0)/100 | K16: =VLOOKUP($B16&K$5,DATA!$A:$EB,이익잉여금!$A16,0)/100 | L16: =VLOOKUP($B16&L$5,DATA!$A:$EB,이익잉여금!$A16,0)/100 | M16: =VLOOKUP($B16&M$5,DATA!$A:$EB,이익잉여금!$A16,0)/100 | N16: =VLOOKUP($B16&N$5,DATA!$A:$EB,이익잉여금!$A16,0)/100 | O16: =VLOOKUP($B16&O$5,DATA!$A:$EB,이익잉여금!$A16,0)/100 | P16: =VLOOKUP($B16&P$5,DATA!$A:$EB,이익잉여금!$A16,0)/100 | ... T16: =VLOOKUP($B16&T$5,DATA!$A:$EB,이익잉여금!$A16,0)/100
A17: =DATA!CU1 | B17: 2412 | C17: 해약환급금준비금 | I17: =VLOOKUP($B17&I$5,DATA!$A:$EB,이익잉여금!$A17,0)/100 | J17: =VLOOKUP($B17&J$5,DATA!$A:$EB,이익잉여금!$A17,0)/100 | K17: =VLOOKUP($B17&K$5,DATA!$A:$EB,이익잉여금!$A17,0)/100 | L17: =VLOOKUP($B17&L$5,DATA!$A:$EB,이익잉여금!$A17,0)/100 | M17: =VLOOKUP($B17&M$5,DATA!$A:$EB,이익잉여금!$A17,0)/100 | N17: =VLOOKUP($B17&N$5,DATA!$A:$EB,이익잉여금!$A17,0)/100 | O17: =VLOOKUP($B17&O$5,DATA!$A:$EB,이익잉여금!$A17,0)/100 | P17: =VLOOKUP($B17&P$5,DATA!$A:$EB,이익잉여금!$A17,0)/100 | ... T17: =VLOOKUP($B17&T$5,DATA!$A:$EB,이익잉여금!$A17,0)/100
C18: (이익잉여금 대비 해약환급금 준비금 비율) | I18: =+I17/I16 | J18: =+J17/J16 | K18: =+K17/K16 | L18: =+L17/L16 | M18: =+M17/M16 | N18: =+N17/N16 | O18: =+O17/O16 | P18: =+P17/P16 | ... T18: =+T17/T16
C19: (자기자본 대비 해약환급금 준비금 비율) | I19: =+I17/I26 | J19: =+J17/J26 | K19: =+K17/K26 | L19: =+L17/L26 | M19: =+M17/M26 | N19: =+N17/N26 | O19: =+O17/O26 | P19: =+P17/P26 | ... T19: =+T17/T26
C20: (보험계약부채 대비 해약환급금 준비금 비율) | I20: =+I17/I30 | J20: =+J17/J30 | K20: =+K17/K30 | L20: =+L17/L30 | M20: =+M17/M30 | N20: =+N17/N30 | O20: =+O17/O30 | P20: =+P17/P30 | ... T20: =+T17/T30
A26: =DATA!N1 | B26: 2412 | C26: 자기자본(신종자본증권 제외) | I26: =VLOOKUP($B26&I$5,DATA!$A:$EB,이익잉여금!$A26,0)/100 | J26: =VLOOKUP($B26&J$5,DATA!$A:$EB,이익잉여금!$A26,0)/100 | K26: =VLOOKUP($B26&K$5,DATA!$A:$EB,이익잉여금!$A26,0)/100 | L26: =VLOOKUP($B26&L$5,DATA!$A:$EB,이익잉여금!$A26,0)/100 | M26: =VLOOKUP($B26&M$5,DATA!$A:$EB,이익잉여금!$A26,0)/100 | N26: =VLOOKUP($B26&N$5,DATA!$A:$EB,이익잉여금!$A26,0)/100 | O26: =VLOOKUP($B26&O$5,DATA!$A:$EB,이익잉여금!$A26,0)/100 | P26: =VLOOKUP($B26&P$5,DATA!$A:$EB,이익잉여금!$A26,0)/100 | ... T26: =VLOOKUP($B26&T$5,DATA!$A:$EB,이익잉여금!$A26,0)/100
A27: =DATA!BU1 | B27: =+B26 | C27: BEL | I27: =VLOOKUP($B27&I$5,DATA!$A:$EB,이익잉여금!$A27,0)/100 | J27: =VLOOKUP($B27&J$5,DATA!$A:$EB,이익잉여금!$A27,0)/100 | K27: =VLOOKUP($B27&K$5,DATA!$A:$EB,이익잉여금!$A27,0)/100 | L27: =VLOOKUP($B27&L$5,DATA!$A:$EB,이익잉여금!$A27,0)/100 | M27: =VLOOKUP($B27&M$5,DATA!$A:$EB,이익잉여금!$A27,0)/100 | N27: =VLOOKUP($B27&N$5,DATA!$A:$EB,이익잉여금!$A27,0)/100 | O27: =VLOOKUP($B27&O$5,DATA!$A:$EB,이익잉여금!$A27,0)/100 | P27: =VLOOKUP($B27&P$5,DATA!$A:$EB,이익잉여금!$A27,0)/100 | ... T27: =VLOOKUP($B27&T$5,DATA!$A:$EB,이익잉여금!$A27,0)/100
A28: =DATA!BV1 | B28: =+B27 | C28: RA | I28: =VLOOKUP($B28&I$5,DATA!$A:$EB,이익잉여금!$A28,0)/100 | J28: =VLOOKUP($B28&J$5,DATA!$A:$EB,이익잉여금!$A28,0)/100 | K28: =VLOOKUP($B28&K$5,DATA!$A:$EB,이익잉여금!$A28,0)/100 | L28: =VLOOKUP($B28&L$5,DATA!$A:$EB,이익잉여금!$A28,0)/100 | M28: =VLOOKUP($B28&M$5,DATA!$A:$EB,이익잉여금!$A28,0)/100 | N28: =VLOOKUP($B28&N$5,DATA!$A:$EB,이익잉여금!$A28,0)/100 | O28: =VLOOKUP($B28&O$5,DATA!$A:$EB,이익잉여금!$A28,0)/100 | P28: =VLOOKUP($B28&P$5,DATA!$A:$EB,이익잉여금!$A28,0)/100 | ... T28: =VLOOKUP($B28&T$5,DATA!$A:$EB,이익잉여금!$A28,0)/100
A29: =DATA!BW1 | B29: =+B28 | C29: CSM | I29: =VLOOKUP($B29&I$5,DATA!$A:$EB,이익잉여금!$A29,0)/100 | J29: =VLOOKUP($B29&J$5,DATA!$A:$EB,이익잉여금!$A29,0)/100 | K29: =VLOOKUP($B29&K$5,DATA!$A:$EB,이익잉여금!$A29,0)/100 | L29: =VLOOKUP($B29&L$5,DATA!$A:$EB,이익잉여금!$A29,0)/100 | M29: =VLOOKUP($B29&M$5,DATA!$A:$EB,이익잉여금!$A29,0)/100 | N29: =VLOOKUP($B29&N$5,DATA!$A:$EB,이익잉여금!$A29,0)/100 | O29: =VLOOKUP($B29&O$5,DATA!$A:$EB,이익잉여금!$A29,0)/100 | P29: =VLOOKUP($B29&P$5,DATA!$A:$EB,이익잉여금!$A29,0)/100 | ... T29: =VLOOKUP($B29&T$5,DATA!$A:$EB,이익잉여금!$A29,0)/100
C30: BEL+RA+CSM | I30: =SUM(I27:I29) | J30: =SUM(J27:J29) | K30: =SUM(K27:K29) | L30: =SUM(L27:L29) | M30: =SUM(M27:M29) | N30: =SUM(N27:N29) | O30: =SUM(O27:O29) | P30: =SUM(P27:P29) | ... T30: =SUM(T27:T29)

Sheet Sheet1
F2: CHECK | G2: =G8-SUM(G10:G12) | H2: =H8-SUM(H10:H12) | I2: =I8-SUM(I10:I12) | J2: =J8-SUM(J10:J12) | K2: =K8-SUM(K10:K12) | L2: =L8-SUM(L10:L12) | M2: =M8-SUM(M10:M12) | N2: =N8-SUM(N10:N12) | ... R2: =R8-SUM(R10:R12)
G3: =작업!I15+작업!I16+작업!I18 | H3: =작업!J15+작업!J16+작업!J18 | I3: =작업!K15+작업!K16+작업!K18 | J3: =작업!L15+작업!L16+작업!L18 | K3: =작업!M15+작업!M16+작업!M18 | L3: =작업!N15+작업!N16+작업!N18 | M3: =작업!O15+작업!O16+작업!O18 | N3: =작업!P15+작업!P16+작업!P18 | ... R3: =작업!T15+작업!T16+작업!T18
G4: =G12/G3 | H4: =H12/H3 | I4: =I12/I3 | J4: =J12/J3 | K4: =K12/K3 | L4: =L12/L3 | M4: =M12/M3 | N4: =N12/N3 | ... R4: =R12/R3
D5: 구분 | G5: 당사 | H5: 생보사 | N5: 손보사 | U5: 구분 | W5: 당사 | X5: 생보사
H6: 삼성 | I6: 교보 | J6: 한화 | K6: 신한 | L6: 동양 | M6: KB | N6: 삼성 | O6: 현대 | P6: 메리츠 | Q6: KB | R6: DB | X6: 삼성 | Y6: 교보 | Z6: 한화 | AA6: 신한 | AB6: 동양 | AC6: KB | AD6: 삼성 | AE6: 현대 | AF6: 메리츠 | AG6: KB | AH6: DB
D7: 자기자본 | G7: =작업!I19 | H7: =작업!J19 | I7: =작업!K19 | J7: =작업!L19 | K7: =작업!M19 | L7: =작업!N19 | M7: =작업!O19 | N7: =작업!P19 | ... R7: =작업!T19 | U7: 자기자본 | W7: =작업!Z19 | X7: =작업!AA19 | Y7: =작업!AB19 | Z7: =작업!AC19 | AA7: =작업!AD19 | AB7: =작업!AE19 | AC7: =작업!AF19 | AD7: =작업!AG19 | ... AH7: =작업!AK19
F8: 전기대비 | G8: =W12-W9 | H8: =X12-X9 | I8: =Y12-Y9 | J8: =Z12-Z9 | K8: =AA12-AA9 | L8: =AB12-AB9 | M8: =AC12-AC9 | N8: =AD12-AD9 | ... R8: =AH12-AH9
F9: 증감율 | G9: =G8/W9 | H9: =H8/X9 | I9: =I8/Y9 | J9: =J8/Z9 | K9: =K8/AA9 | L9: =L8/AB9 | M9: =M8/AC9 | N9: =N8/AD9 | ... R9: =R8/AH9 | W9: =작업!I36 | X9: =작업!J36 | Y9: =작업!K36 | Z9: =작업!L36 | AA9: =작업!M36 | AB9: =작업!N36 | AC9: =작업!O36 | AD9: =작업!P36 | ... AH9: =작업!T36
F10: 1Q 변동금액 | G10: =W10-W9 | H10: =X10-X9 | I10: ='2403'!K26 | J10: =Z10-Z9 | K10: =AA10-AA9 | L10: =AB10-AB9 | M10: =AC10-AC9 | N10: =AD10-AD9 | O10: =AE10-AE9 | P10: =AF10-AF9 | Q10: =AG10-AG9 | R10: =AH10-AH9 | W10: ='2403'!I19 | X10: ='2403'!J19 | Y10: ='2403'!K19 | Z10: ='2403'!L19 | AA10: ='2403'!M19 | AB10: ='2403'!N19 | AC10: ='2403'!O19 | AD10: ='2403'!P19 | ... AH10: ='2403'!T19
